,x_learn,y_learn
0,NCDGLAGLIRTDNSDYFIEPLERGQQEKEAGGRTHVVYRREAVQREWKEPHGDLHNEAFGLGDLPNVLDLVGDRLGDAERKRRHAKPGSYSIEVLLAVDDSVVRFHGREHTQNYVLTLMNIVDEIYHDESLGAHVNIALVRLIMVGYRQSLSLIERGNPA,1
1,LLEEMTVFREPTTISAMELSTKQQQLYIGSTAGVAQLPLHRCDIYGKACAECCLARDPYCAWDGSSCSRYFPTAKRRTRRQDIRNGDPLTHCSDLQHHDNHHGPSLEERIIYGVENSSTFLECSPKSQRALVYWQFQRRNEDRKEEIRMGDHIIRTEQGL,1
2,TFYVEPAERYIKDRTLPFHSVIYHEDDINYPHKYGPQGGCADHSVFERMRKYQMTGVEEVTQIPQEEHAANGPELLRKKRTTSAEKNTCQLYIQTDHLFFKYYGTREAVIAQISSHVKAIDTIYQTTDFSGIRNISFMVKRIRINTTADEKDPTNPFRFP,1
3,GMIKSDNEEYFIEPLERGKQMEEEKGRIHVVYKRSAVEQAPIDMSKDFHYRESDLEGLDDLGTVYGNIHQQLNETMRRRRHAGENDYNIEVLLGVDDSVVRFHGKEHVQNYLLTLMNIVNEIYHDESLGVHINVVLVRMIMLGYAKSISLIERGNPSRSL,1
4,RAIAAHYEVHPRPGQDGAQAGVDGTVSGWEEARINSSSPLRYNRQIGEFIVTRAGLYYLYCQVHFDEGKAVYLKLDLLVDGVLALRCLEEFSATAASSLGPQLRLCQVSGLLALRPGSSLRIRTLPWAHLKAAPFLTYFGLFQVH---------------,1
5,NVFMMLYVQLVQGSSNEHGPVKRSSQSTLERSEQQIRAASSLEELLRITHSEDWKLWRCRLRLKSFTSMDSRSASHRSTRFAATFYDIETLKVIDEEWQRTQCSPRETCVEVASELGKSTNTFFKPPCVNVFRCGGCCNEESLICMNTSTSYISKQLFEI,1
6,QGSSNEHGPVKRSSQSTLERSEQQIRAASSLEELLRITHSEDWKLWRCRLRLKSFTSMDSRSASHRSTRFAATFYDIETLKVIDEEWQRTQCSPRETCVEVASELGKSTNTFFKPPCVNVFRCGGCCNEESLICMNTSTSYISKQLFEISVPLTSVPELV,1
7,KSTNTFFKPPCVNVFRCGGCCNEESLICMNTSTSYISKQLFEISVPLTSVPELVPVKVANHTGCKCLPTAPRHPYSIIRRSIQIPEEDRCSHSKKLCPIDMLWDSNKCKCVLQEENPLAGTEDHSHLQEPALCGPHMMFDEDRCECVCKTPCPKDLIQHP,1
8,EYAYKIVKKGDSTIMKSELEYGNCNTKCQTPMGAINSSMPFHNIHPLTIGECPKYVKSNRLVLATGLRNTPQRERRRKKRGLFGAIAGFIEGGWQGMVDGWYGYHHSNEQGSGYAADKESTQKAIDGVTNKVNSIINKMNTQFEAVGREFNNLERRIENL,1
9,LKMRMRYRCYTLCATSTRIMFWILFFLLCFSIVTLSTIISILRYQWKEAITHPGPVLSWQVTNSHVTMGGNTSSSSRRRRDIQYHKLPVEVNISGIPQGLFFAPQPKPIFHKERTLGLSQVILIDSDTITQGHIKQQKAYLVSTINEEMEQLQKTVLPFD,1
10,---------------------------------------------MMNMSLPFLWSLLTLLIFAEVNGEAGELELQRQKRSINLQQPRMATERGNLVFLTGSAQNIEFRTGSLGKIKLNDEDLSECLHQIQKNKEDIIELKGSAIGLPQNISSQIYQLNS,1
11,NGDPESVASLHWDGGALLGVLQYRGAELHLQPLEGGTPNSAGGPGAHILRRKSPASGQGPMCNVKAPLGSPSPRPRRAKRFASLSRFVETLVVADDKMAAFHGAGLKRYLLTVMAAAAKAFKHPSIRNPVSLVVTRLVILGSGEEGPQVGPSAAQTLRSF,1
12,AQVKARIPEVGAVTKQSISSKLEGKIMPVKYEENSLIWVAVDQPVKDNSFLSSKVLELCGDLPIFWLKPTYPKEIQRERREVVRKIVPTTTKRPHSGPRSNPGAGRLNNETRPSVQEDSQAFNPDNPYHQQEGESMTFDPRLDHEGICCIECRRSYTHCQ,1
13,PSSWVSLCACSGIRGLIVLSPERGYTLELGPGDLQRPVISRIQDHLLLGHTCAPSWHASVPTRAGPDLLLEQHHAHRLKRDVVTETKIVELVIVADNSEVRKYPDFQQLLNRTLEAALLLDTFFQPLNVRVALVGLEAWTQHNLIEMSSNPAVLLDNFLR,1
14,RRLLCPALLLLLLLLPPPLLPPPPPPANARLAAAADPPGGPLGHGAERILAVPVRTDAQGRLVSHVVSAATSRAGVRARRAAPVRTPSFPGGNEEEPGSHLFYNVTVFGRDLHLRLRPNARLVAPGATMEWQGEKGTTRVEPLLGSCLYVGDVAGLAEAS,1
15,DGLAGLIRMEEEEFFIEPLEKGLAAQEAEQGRVHVVYRRPPTSPPLGGPQALDTGASLDSLDSLSRALGVLEEHANSSRRRARRHAADDDYNIEVLLGVDDSVVQFHGKEHVQKYLLTLMNIVNEIYHDESLGAHINVVLVRIILLSYGKSMSLIEIGNP,1
16,GLIRMEEEEFFIEPLEKGLAAQEAEQGRVHVVYRRPPTSPPLGGPQALDTGASLDSLDSLSRALGVLEEHANSSRRRARRHAADDDYNIEVLLGVDDSVVQFHGKEHVQKYLLTLMNIVNEIYHDESLGAHINVVLVRIILLSYGKSMSLIEIGNPSQSL,1
17,LMEQVGTEEFIKRFGDGASRVVLSLPFAEGSSSVEYINNWEQAKALSVELEINFETRGKRGQDAMYEYMAQACAGNRVRRSVGSSLSCINLDWDVIRDKTKTKIESLKEHGPIKNKMSESPNKTVSEEKAKQYLEEFHQTALEHPELSELKTVTGTNPVF,1
18,----------------------------------MQRVNMIMAESPGLITICLLGYLLSAECTVFLDHENANKILNRPKRYNSGKLEEFVQGNLERECMEEKCSFEEAREVFENTERTTEFWKQYVDGDQCESNPCLNGGSCKDDINSYECWCPFGFEGK,1
19,RVGLVAVDKGVFVLNKKNKLTQSKIWDVVEKADIGCTPGSGKNYAGVFMDAGLTFKTNQGLQTDQREDPECAKPAARRRRSVQLMERRMDKAGQYTDKGLRKCCEDGMRDIPMPYSCQRRARLITQGESCLKAFMDCCNYITKLREQHRRDHVLGLARSD,1
20,DVTGVVRQWLSRGGEIEGFRLSAHCSCDSRDNTLQVDINGFTTGRRGDLATIHGMNRPFLLLMATPLERAQHLQSSRHRRALDTNYCFSSTEKNCCVRQLYIDFRKDLGWKWIHEPKGYHANFCLGPCPYIWSLDTQYSKVLALYNQHNPGASAAPCCVP,1
21,HSLDTALRRARSAPTAPIAARVTGQTRNITVDPRLFKKRRLHSPRVLFSTQPPPTSSDTLDLDFQAHGTIPFNRTHRSKRSSTHPVFHMGEFSVCDSVSVWVGDKTTATDIKGKEVTVLAEVNINNSVFRQYFFETKCRASNPVESGCRGIDSKHWNSYC,1
22,KYVMGHFRWDRFGRRNSSSSGSSGAGQKREDVSAGEDCGPLPEGGPEPRSDGAKPGPREGKRSYSMEHFRWGKPVGKKRRPVKVYPNGAEDESAEAFPLEFKRELTGQRLREGDGPDGPADDGAGAQADLEHSLLVAAEKKDEGPYRMEHFRWGSPPKDK,1
23,GAGQKREDVSAGEDCGPLPEGGPEPRSDGAKPGPREGKRSYSMEHFRWGKPVGKKRRPVKVYPNGAEDESAEAFPLEFKRELTGQRLREGDGPDGPADDGAGAQADLEHSLLVAAEKKDEGPYRMEHFRWGSPPKDKRYGGFMTSEKSQTPLVTLFKNAI,1
24,VKVYPNGAEDESAEAFPLEFKRELTGQRLREGDGPDGPADDGAGAQADLEHSLLVAAEKKDEGPYRMEHFRWGSPPKDKRYGGFMTSEKSQTPLVTLFKNAIIKNAYKKGE-------------------------------------------------,1
25,ETCKELLQLSKPELPQDGTSTLRENSKPEESHLLAKRYGGFMKRYGGFMKKMDELYPMEPEEEANGSEILAKRYGGFMKKDAEEDDSLANSSDLLKELLETGDNRERSHHQDGSDNEEEVSKRYGGFMRGLKRSPQLEDEAKELQKRYGGFMRRVGRPEW,1
26,ELYPMEPEEEANGSEILAKRYGGFMKKDAEEDDSLANSSDLLKELLETGDNRERSHHQDGSDNEEEVSKRYGGFMRGLKRSPQLEDEAKELQKRYGGFMRRVGRPEWWMDYQKRYGGFLKRFAEALPSDEEGESYSKEVPEMEKRYGGFMRF--------,1
27,LKELLETGDNRERSHHQDGSDNEEEVSKRYGGFMRGLKRSPQLEDEAKELQKRYGGFMRRVGRPEWWMDYQKRYGGFLKRFAEALPSDEEGESYSKEVPEMEKRYGGFMRF-------------------------------------------------,1
28,LTFLAFASCCIAAYRPSETLCGGELVDTLQFVCGDRGFYFSRPASRVSRRSRGIVEECCFRSCDLALLETYCATPAKSERDVSTPPTVLPDNFPRYPVGKFFQYDTWKQSTQRLRRGLPALLRARRGHVLAKELEAFREAKRHRPLIALPTQDPAHGGAP,1
29,--------------------------------------------------------MKWVTFISLLFLFSSAYSRGVFRRDAHKSEVAHRFKDLGEENFKALVLIAFAQYLQQCPFEDHVKLVNEVTEFAKTCVADESAENCDKSLHTLFGDKLCTVATL,1
30,--------------------------------------------------------MKWVTFLLLLFISGSAFSRGVFRREAHKSEIAHRFKDLGEQHFKGLVLIAFSQYLQKCPYEEHIKLVQEVTDFAKTCVADENAENCDKSIHTLFGDKLCAIPKL,1
31,--------------------------------------------------------------------MRHKRSAKRTKRASATQLYKTCKQAGTCPPDIIPKVEGKTIAEQILQYGSMGVFFGGLGIGTGSGTGGRTGYIPLGTRPPTATDTLAPVRPP,1
32,SKGKTIKTTPEGTEEWSAAPLVTAMCLLGNVSFPCDRPPTCYTREPSRALDILEENVNHEAYDTLLNAILRCGSSGRSKRSVIDDFTLTSPYLGTCSYCHHTVPCFSPVKIEQVWDEADDNTIRIQTSAQFGYDQSGAASANKYRYMSLKQDHTVKEGTM,1
33,PNRASFLRGKSMGIQSDVQVDANCEGECYHSGGTITSRLPFQNINSRAVGKCPRYVKQESLLLATGMKNVPEPSKKREKRGLFGAIAGFIENGWEGLVDGWYGFRHQNAQGEGTAADYKSTQSAIDQITGKLNRLIEKTNQQFELIDNEFTEVEKQIGNL,1
34,--------------------------------------MWQLTSLLLFVATWGISGTPAPLDSVFSSSERAHQVLRIRKRANSFLEELRHSSLERECIEEICDFEEAKEIFQNVDDTLAFWSKHVDGDQCLVLPLEHPCASLCCGHGTCIDGIGSFSCDC,1
35,CDCRSGWEGRFCQREVSFLNCSLDNGGCTHYCLEEVGWRRCSCAPGYKLGDDLLQCHPAVKFPCGRPWKRMEKKRSHLKRDTEDQEDQVDPRLIDGKMTRRGDSPWQVVLLDSKKKLACGAVLIHPSWVLTAAHCMDESKKLLVRLGEYDLRRWEKWELD,1
36,LLLLGCGYLAHVLAEEAEIPREVIERLARSQIHSIRDLQRLLEIDSVGSEDSLDTSLRAHGVHATKHVPEKRPLPIRRKRSIEEAVPAVCKTRTVIYEIPRSQVDPTSANFLIWPPCVEVKRCTGCCNTSSVKCQPSRVHHRSVKVAKVEYVRKKPKLKE,1
37,LEGCFCPPGLYMDERGDCVPKAQCPCYYDGEIFQPEDIFSDHHTMCYCEDGFMHCTMSGVPGSLLPDAVLSSPLSHRSKRSLSCRPPMVKLVCPADNLRAEGLECTKTCQNYDLECMSMGCVSGCLCPPGMVRHENRCVALERCPCFHQGKEYAPGETVK,1
38,KAMYAPPISGQIRCSSNITGLLLTRDGGNSNNESEIFRPGGGDMRDNWRSELYKYKVVKIEPLGVAPTKAKRRVVQREKRAVGIGALFLGFLGAAGSTMGAASMTLTVQARQLLSGIVQQQNNLLRAIEAQQHLLQLTVWGIKQLQARILAVERYLKDQQ,1
39,LTFTSSATAGPETLCGAELVDALQFVCGDRGFYFNKPTGYGSSSRRAPQTGIVDECCFRSCDLRRLEMYCAPLKPAKSARSVRAQRHTDMPKTQKYQPPSTNKNTKSQRRKGWPKTHPGGEQKEGTEASLQIRGKKKEQRREIGSRNAECRGKKGK----,1
40,VACQGAPETAVLGAELSAVGENGGEKPTPSPPWRLRRSKRCSCSSLMDKECVYFCHLDIIWVNTPEHVVPYGLGSPRSKRALENLLPTKATDRENRCQCASQKDKKCWNFCQAGKELRAEDIMEKDWNNHKKGKDCSKLGKKCIYQQLVRGRKIRRSSEE,1
41,SAVGENGGEKPTPSPPWRLRRSKRCSCSSLMDKECVYFCHLDIIWVNTPEHVVPYGLGSPRSKRALENLLPTKATDRENRCQCASQKDKKCWNFCQAGKELRAEDIMEKDWNNHKKGKDCSKLGKKCIYQQLVRGRKIRRSSEEHLRQTRSETMRNSVKS,1
42,RSKRALENLLPTKATDRENRCQCASQKDKKCWNFCQAGKELRAEDIMEKDWNNHKKGKDCSKLGKKCIYQQLVRGRKIRRSSEEHLRQTRSETMRNSVKSSFHDPKLKGKPSRERYVTHNRAHW------------------------------------,1
43,NIPKDFSEDQGYPDPPNPCPVGKTADDGCLENTPDTAEFSREFQLHQHLFDPEHDYPGLGKWNKKLLYEKMKGGERRKRRSVNPYLQGQRLDNVVAKKSVPHFSDEDKDPE-------------------------------------------------,1
44,RTWSPPFESEDSQKHNQSEYEDSAGECCSCPKTDSQILKELEESSFRKTFEDYLHNVVFVPRKTSSGTGAEDPRPSRKRRSLGDVGNVTVAVPTVAAFPNTSSTSVPTSPEEHRPFEKVVNKESLVISGLRHFTGYRIELQACNQDTPEERCSVAAYVSA,1
45,NEEDLRKQAKRYGGFLRKYPKRSSEMTGDEDRGQDGDQVGHEDLYKRYGGFLRRIRPKLKWDNQKRYGGFLRRQFKVVTRSQENPNTYSEDLDV------------------------------------------------------------------,1
46,ELRNNGPSSFSKAMLHLQWPYKYNNNTLLYILHYDIDGPMNCTSDMEINPLRIKISSLQTTEKNDTVAGQGERDHLITKRDLALSEGDIHTLGCGVAQCLKIVCQVGRLDRGKSAILYVKSLLWTETFMNKENQNHSYSLKSSASFNVIEFPYKNLPIED,1
47,CLLSHAAAAPSPIIKFPGDVAPKTDKELAVQYLNTFYGCPKESCNLFVLKDTLKKMQKFFGLPQTGDLDQNTIETMRKPRCGNPDVANYNFFPRKPKWDKNQITYRIIGYTPDLDPETVDDAFARAFQVWSDVTPLRFSRIHDGEADIMINFGRWEHGDG,1
48,RDGSLWRYRAGLAASLAGPHSIVGRAVVVHAGEDDLGRGGNQASVENGNAGRRLACCVVGVCGPGLWERQAREHSERKKRRRESECKAA-----------------------------------------------------------------------,1
49,FLTDQSYIDVLPEFRDSYPIKYVHAFESNNFIYFLTVQRETLDAQTFHTRIIRFCSINSGLHSYMEMPLECILTEKRKKRSTKKEVFNILQAAYVSKPGAQLARQIGASLNDDILFGVFAQSKPDSAEPMDRSAMCAFPIKYVNDFFNKIVNKNNVRCLQ,1
50,QPQKEEDLGPAVHHVYELINQGPSSISQGVLELSCPQALEGQQLLYVTRVTGLNCTTNHPINPKGLELDPEGSLHHQQKREAPSRSSASSGPQILKCPEAECFRLRCELGPLHQQESQSLQLHFRVWAKTFLQREHQPFSLQCEAVYKALKMPYRILPRQ,1
51,SSIRYQWDKRYIPGEVKWWDWNWTIQQNGLSTMQNNLARVLRPVRAGITGDFSAESQFAGNIEIGAPVPLAADSKVRRARSVDGAGQGLRLEIPLDAQELSGLGFNNVSLSVTPAANQ------------------------------------------,1
52,----------MELRPWLLWVVAATGTLVLLAADAQGQKVFTNTWAVRIPGGPAVANSVARKHGFLNLGQIFGDYYHFWHRGVTKRSLSPHRPRHSRLQREPQVQWLEQQVAKRRTKRDVYQEPTDPKFPQQWYLSGVTQRDLNVKAAWAQGYTGHGIVVS,1
53,-----MELRPWLLWVVAATGTLVLLAADAQGQKVFTNTWAVRIPGGPAVANSVARKHGFLNLGQIFGDYYHFWHRGVTKRSLSPHRPRHSRLQREPQVQWLEQQVAKRRTKRDVYQEPTDPKFPQQWYLSGVTQRDLNVKAAWAQGYTGHGIVVSILDDG,1
54,QGQKVFTNTWAVRIPGGPAVANSVARKHGFLNLGQIFGDYYHFWHRGVTKRSLSPHRPRHSRLQREPQVQWLEQQVAKRRTKRDVYQEPTDPKFPQQWYLSGVTQRDLNVKAAWAQGYTGHGIVVSILDDGIEKNHPDLAGNYDPGASFDVNDQDPDPQP,1
55,KPEGRPPQGGNQSQGPPPHPGKPERPPPQGGNQSHRPPPPPGKPERPPPQGGNQSQGPPPHPGKPEGPPPQEGNKSRSARSPPGKPQGPPQQEGNKPQGPPPPGKPQGPPPAGGNPQQPQAPPAGKPQGPPPPPQGGRPPRPAQGQQPPQ----------,1
56,LADAGLAILDTSGSIDIFVVQGEYGLNYYKVNPCEDVNQQFVVSGGKLVGILTSRNETGSQLLENQFYIKITNGTRRFRRSITENVANCPYVSYGKFCIKPDGSIATIVPKQLEQFVAPLFNVTENVLIPNSFNLTVTDEYIQTRMDKVQINCLQYVCGS,1
57,DPLDGVYNYLAQQRCNLDDTWEGKIYRVLAGNPAKHDLDIKPTVISHRLHFPEGGSLAALTAHQACHLPLETFTRHRQPRGWEQLEQCGYPVQRLVALYLAARLSWNQVDQVIRNALASPGSGGDLGEAIREQPEQARLALTLAAAESERFVRQGTGNDE,1
58,--------------------------------------------MQRRLVQQWSVAVFLLSYAVPSCGRSVEGLSRRLKRAVSEHQLLHDKGKSIQDLRRRFFLHHLIAEIHTAEIRATSEVSPNSKPSPNTKNHPVRFGSDDEGRYLTQETNKVETYKE,1
59,ETFDVSPAVLRWTREKQPNYGLAIEVTHLHQTRTHQGQHVRISRSLPQGSGNWAQLRPLLVTFGHDGRGHALTRRRRAKRSPKHHSQRARKKNKNCRRHSLYVDFSDVGWNDWIVAPPGYQAFYCHGDCPFPLADHLNSTNHAIVQTLVNSVNSSIPKAC,1
60,NIPKDFSEDQGYPDPPNPCPLGKTADDGCLENAPDTAEFSREFQLDQHLFDPEHDYPGLGKWNKKLLYEKMKGGQRRKRRSVNPYLQGKRLDNVVAKKSVPHFSEEEKEAE-------------------------------------------------,1
61,EVNMSDSALDCVRDEAINKLQQIFNTSYNQTYEKYGNVSVFETTGGLVVFWQGIKQKSLVELERLANRSSLNLTHNRTKRSTDGNNATHLSNMESVHNLVYAQLQFTYDTLRGYINRALAQIAEAWCVDQRRTLEVFKELSKINPSAILSAIYNKPIAAR,1
62,TMWVDDQEVINKASNSNKIRLEKGRLYQIKIQYQRENPTEKGLDFKLYWTDSQNKKEVISSDNLQLPELKQKSSNSRKKRSTSAGPTVPDRDNDGIPDSLEVEGYTVDVKNKRTFLSPWISNIHEKKGLTKYKSSPEKWSTASDPYSDFEKVTGRIDKNV,1
63,LNYKDPCKAAAFLGDIALDEEDLRAFQVQQAVDLRRHTARKSSIKAAVPGNTSTPSCQSTNGQPQRGACGRWRGRSRSRRAATSRPERVWPDGVIPFVIGGNFTGSQRAVFRQAMRHWEKHTCVTFLERTDEDSYIVFTYRPCGCCSYVGRRGGGPQAIS,1
64,YIVLFYNMSLDVNRKAESPPRFYFSSNGTSDVITGSIQVSSREANCRTHQAFMRKDVRDILTPIQIEAAYHLGPHVISKRSTEEFPPLQPILQQKKEKDIMKKTINFARFCAHENCSADLQVSAKIGFLKPHENKTYLAVGSMKTLMLNVSLFNAGDDAY,1
65,KNDESGFMKDDDDKTTKNTGSKQNLVTHGLPLSLAVKPYLALKGPAVFPAENGVQNTESTQEKREIGDEENSAKFPIGRRDFDMLRCMLGRVYRPCWQV-------------------------------------------------------------,1
66,YQSTLPKAEAPREPERGGPAKSAFQPVIAMDTELLRQQRRYNSPRVLLSDSTPLEPPPLYLMEDYVGSPVVANRTSRRKRYAEHKSHRGEYSVCDSESLWVTDKSSAIDIRGHQVTVLGEIKTGNSPVKQYFYETRCKEARPVKNGCRGIDDKHWNSQCK,1
67,DSRNMIYITCHLKVTLAEQDPDELNKACSFSKPSNSWFPVEGSADICQCCNKGDCGTPSHSRRQPHVMSQWSRSASRNRRHVTEEADVTVGPLIFLDRRGDHEVEQWALPSDTSVVLLGVGLAVVVSLTLTAVILVLTRRCRTASHPVSASE--------,1
68,----------MELRSWLLWVVAAAGAVVLLAADAQGQKIFTNTWAVHIPGGPAVADRVAQKHGFHNLGQIFGDYYHFWHRAVTKRSLSPHRPRHSRLQREPQVKWLEQQVAKRRAKRDVYQEPTDPKFPQQWYLSGVTQRDLNVKEAWAQGFTGHGIVVS,1
69,KIFTNTWAVHIPGGPAVADRVAQKHGFHNLGQIFGDYYHFWHRAVTKRSLSPHRPRHSRLQREPQVKWLEQQVAKRRAKRDVYQEPTDPKFPQQWYLSGVTQRDLNVKEAWAQGFTGHGIVVSILDDGIEKNHPDLAGNYDPGASFDVNDQDPDPQPRYT,1
70,EDEVGSLIEYEFRVINLGKPLTNLGTATLNIQWPKEISNGKWLLYLVKVESKGLEKVTCEPQKEINSLNLTESHNSRKKREITEKQIDDNRKFSLFAERKYQTLNCSVNVNCVNIRCPLRGLDSKASLILRSRLWNSTFLEEYSKLNYLDILMRAFIDVT,1
71,----------MELRPWLLWVVAAAGALVLLAAEARGQKIFTNTWAVHISGGPAVADSVARKHGFHNLGQIFGDYYHFWHRAVTKRSLSPHRPRHSRLQRVPQVKWLEQQVAKQRAKRDVYQEPTDPKFPQQWYLSGVTQRDLNVKEAWAQGFTGRGIVVS,1
72,RGQKIFTNTWAVHISGGPAVADSVARKHGFHNLGQIFGDYYHFWHRAVTKRSLSPHRPRHSRLQRVPQVKWLEQQVAKQRAKRDVYQEPTDPKFPQQWYLSGVTQRDLNVKEAWAQGFTGRGIVVSILDDGIEKNHPDLAGNYDPGASFDVNDQDPDPQP,1
73,PKAGSRGLTSLADTFEHVIEELLDEDQKVRPNEENNKDADLYTSRVMLSSQVPLEPPLLFLLEEYKNYLDAANMSMRVRRHSDPARRGELSVCDSISEWVTAADKKTAVDMSGGTVTVLEKVPVSKGQLKQYFYETKCNPMGYTKEGCRGIDKRHWNSQC,1
74,PMLLLLLQPPPLLARALPPDAHHLHAERRGPQPWHAALPSSPAPAPATQEAPRPASSLRPPRCGVPDPSDGLSARNRQKRFVLSGGRWEKTDLTYRILRFPWQLVQEQVRQTMAEALKVWSDVTPLTFTEVHEGRADIMIDFARYWHGDDLPFDGPGGIL,1
75,KYEFQVGPMGEGLVGLGTLVLGLEWPYEVSNGKWLLYPTEITVHGNGSWPCRPPGDLINPLNLTLSDPGDRPSSPQRRRRQLDPGGGQGPPPVTLAAAKKAKSETVLTCATGRAHCVWLECPIPDAPVVTNVTVKARVWNSTFIEDYRDFDRVRVNGWAT,1
76,KVYTNTWAAHISGGSAEADRLCKKYGFINHGLIFEDHYHFSHRAVMKRSLTPKRTRQVLLKREPQVHWLEQQVAKKRKKRDIYTDPTDPKFMQQWYLLDTNRHDLHVKEAWEQGFTGKGIVVSILDDGIEKNHPDLQANYDPAASYDVNDQDPDPQPRYT,1
77,FWGRSSDGAREPQFISRNWHGVPGKVDAAMAGRIYVTGSLSHSAQAKKQKSKRRSRKRYRSRRGRGHRRSQSSNSRRSSRSIWFSLFSSEESGLGTYNNYDYDMDWLVPATCEPIQSVYFFSGDKYYRVNLRTRRVDSVNPPYPRSIAQYWLGCPTSEK-,1
78,MIVSRQEKGKSLLFKTEDGVNMCTLMAMDLGELCEDTITYKCPLLRQNEPEDIDCWCNSTSTWVTYGTCTTMGEHRRQKRSVALVPHVGMGLETRTETWMSSEGAWKHVQRIETWILRHPGFTMMAAILAYTIGTTHFQRALIFILLTAVTPSMTMRCIG,1
79,FHRINIYEVMKPITANGHMINRLLDTRVIHHNVTQWESFDVSPAIMRWTLDKQINHGLAIEVIHLNQTKTYQGKHVRISRSLLPQKDADWSQMRPLLITFSHDGRGHALTRRSKRSPKQQRPRKKNKHCRRHSLYVDFSDVGWNDWIVAPPGYQAFYCHG,1
80,WESFDVSPAIMRWTLDKQINHGLAIEVIHLNQTKTYQGKHVRISRSLLPQKDADWSQMRPLLITFSHDGRGHALTRRSKRSPKQQRPRKKNKHCRRHSLYVDFSDVGWNDWIVAPPGYQAFYCHGDCPFPLADHLNSTNHAIVQTLVNSVNSSIPKACCV,1
81,-------------------------------MMGLFPRTTGALAIFVVVILVHGELRIETKGQYDEEEMTMQQAKRRQKREWVKFAKPCREGEDNSKRNPIAKITSDYQATQKITYRISGVGIDQPPFGIFVVDKNTGDINITAIVDREETPSFLITCRA,1
82,MLPLPSCSLPILLLFLLPSVPIESQPPPSTLPPFLAPEWDLLSPRVVLSRGAPAGPPLLFLLEAGAFRESAGAPANRSRRGVSETAPASRRGELAVCDAVSGWVTDRRTAVDLRGREVEVLGEVPAAGGSPLRQYFFETRCKADNAEEGGPGAGGGGCRG,1
83,CGSAQAPCSYGCSNTEGGYLCGCPPGYFRIGQGHCVSGMGMGRGNPEPPVSGEMDDNSLSPEACYECKINGYPKRGRKRRSTNETDASNIEDQSETEANVSLASWDVEKTAIFAFNISHVSNKVRILELLPALTTLTNHNRYLIESGNEDGFFKINQKEG,1
84,TTYQFFIRASTVKGFGPATAINVTTNISAPSLPDYEGVDASLNETATTITVLLRPAQAKGAPISAYQIVVEQLHPHRTKREAGAMECYQVPVTYQNALSGGAPYYFAAELPPGNLPEPAPFTVGDNRTYKGFWNPPLAPRKGYNIYFQAMSSVEKETKTQ,1
85,RNFKNSAQLCLELEAWERGRAVDLRGLGFDRAARQVHEKALFLVFGRTKKRDLFFNEIKARSGQDDKTVYEYLFSQRRKRRAPLATRQGKRPSKNLKARCSRKALHVNFKDMGWDDWIIAPLEYEAFHCEGLCEFPLRSHLEPTNHAVIQTLMNSMDPES,1
86,NFKNSAQLCLELEAWERGRAVDLRGLGFDRAARQVHEKALFLVFGRTKKRDLFFNEIKARSGQDDKTVYEYLFSQRRKRRAPLATRQGKRPSKNLKARCSRKALHVNFKDMGWDDWIIAPLEYEAFHCEGLCEFPLRSHLEPTNHAVIQTLMNSMDPEST,1
87,PWAAGLARRVAVELQAAASELRDLPGLPPTAPPLLSRLLALCPNDSRSAGDPLRALLLLKALQGLRAEWRGREGRGRAGRSKGTGTDGLCALRELSVDLRAERSVLIPETYQANNCQGACAWPQSDRNPRYGNHVVLLLKMQARGAALGRLPCCVPTAYT,1
88,TNTFFKPPCVSVYRCGGCCNSEGLQCMNTSTSYLSKTLFEITVPLSQGPKPVTISFANHTSCRCMSKLDVYRQVHSIIRRSLPATLPQCQAANKTCPTNYMWNNHICRCLAQEDFMFSSDAGDDSTDGFHDICGPNKELDEETCQCVCRAGLRPASCGPH,1
89,SFSPEAWLQQYGYLPPGDLRTHTQRSPQSLSAAIAAMQKFYGLQVTGKADADTMKAMRRPRCGVPDKFGAEIKANVRRKRYAIQGLKWQHNEITFCIQNYTPKVGEYATYEAIRKAFRVWESATPLRFREVPYAYIREGHEKQADIMIFFAEGFHGDSTP,1
90,-----------------------------------MAQALPWLLLWMGAGVLPAHGTQHGIRLPLRSGLGGAPLGLRLPRETDEEPEEPGRRGSFVEMVDNLRGKSGQGYYVEMTVGSPPQTLNILVDTGSSNFAVGAAPHPFLHRYYQRQLSSTYRDLR,1
91,CAQRSWLANLSVVAQLLNFGALCYGRQPQPGPVRFPDRRQEHFIKGLPEYHVVGPVRVDASGHFLSYGLHYPITSSRRKRDLDGSEDWVYYRISHEEKDLFFNLTVNQGFLSNSYIMEKRYGNLSHVKMMASSAPLCHLSGTVLQQGTRVGTAALSACHG,1
92,HGLTGFFQLPHGDFFIEPVKKHPLVEGGYHPHIVYRRQKVPETKEPTCGLKDSVNISQKQELWREKWERHNLPSRSLSRRSISKERWVETLVVADTKMIEYHGSENVESYILTIMNMVTGLFHNPSIGNAIHIVVVRLILLEEEEQGLKIVHHAEKTLSS,1
93,GLTFKVTHAFRSQDELLSSLESYEIAFPTRVDHNGAMLAFSPPAFRRQRRGAGATTESRLFYKVAAPSTHFLLNLTRSPRLLAGHVSVEYWTREGLAWQRAARAHCLYAGHLQGQAGSSHVAVSTCGGLHGLIVADDEEYLIEPLQGGPKGHRGPEESGP,1
94,EEYLIEPLQGGPKGHRGPEESGPHVVYKRSSLRHPHLDTACGVRDEKPWKGRPWWLRTLKPPPARPLGNESERGQLGLKRSVSRERYVETLVVADKMMVAYHGRRDVEQYVLAIMNIVAKLFQDSSLGNIVNILVTRLILLTEDQPTLEITHHAGKSLDS,1
95,IGVVGIGSASYKVMTRSSHQSLVIKLMPNITLLNNCTRVEIAEYRRLLRTVLEPIRDALNAMTQNIRPVQSVASSRRHKRFAGVVLAGAALGVATAAQITAGIALHQSMLNSQAIDNLRASLETTNQAIEAIRQAGQEMILAVQGVQDYINNELIPSMNQ,1
96,LSTCAGLRGFFQVGSDLHLIEPLDEGGEGGRHAVYQAEHLLQTAGTCGVSDDSLGSLLGPRTAAVFRPRPGDSLPSRETRYVELYVVVDNAEFQMLGSEAAVRHRVLEVVNHVDKLYQKLNFRVVLVGLEIWNSQDRFHVSPDPSVTLENLLTWQARQRT,1
97,ATERLAPAVPEEESSARPQFHILRRRRRGSGGAKCGVMDDETLPTSDSRPESQNTRNQWPVRDPTPQDAGKPSGPGSIRKKRFVSSPRYVETMLVADQSMADFHGSGLKHYLLTLFSVAARFYKHPSIRNSISLVVVKILVIYEEQKGPEVTSNAALTLR,1
98,VLVVLLPPDQLRNNSFHFLRELSHVLHTNVVFKRDAQGQQMIFPYYGHEEELRKHPIKRSTVGWATSSLLPGTSGGRQRRELDPMDIRGSIVYLEIDNRQCVQSSSQCFQSATDVAAFLGALASLGSLNIPYKIEAVKSEPVEPPLPSQLHLMYVAAAAF,1
99,SATTAAGPPKAENTNTSKSTDFLDPATTTSPQNHSETAGNNNTHHQDTGEESASSGKLGLITNTIAGVAGLITGGRRTRREAIVNAQPKCNPNLHYWTTQDEGAAIGLAWIPYFGPAAEGIYIEGLMHNQDGLICGLRQLANETTQALQLFLRATTELRT,1
100,NYDEYAIFLTKKSSHHHGLTITAKLYGREPQLRDSLLQEFKDVALNVGISENSIIFMPDRGECVPGDREVEPTSIARARRAVLPQESEGSGTEPLITGTLKKEDSCQLNYSEGPCLGMQERYYYNGASMACETFQYGGCLGNGNNFISEKDCLQTCRTIA,1
101,GSEYQVLYIADDNEIRSLFPGHPHSAYEQAFQGDESVRIDAMDVHVKAGRVYWTNWHTGTISYRSLPPAAPPTTSNRHRRQIDRGVTHLNISGLKMPRGIAIDWVAGNVYWTDSGRDVIEVAQMKGENRKTLISGMIDEPHAIVVDPLRGTMYWSDWGNH,1
102,DAVHAALFPPLSMSAPPPPGAGPPTPPYQELAQLLAQPEVGLIHQYCQGYWRHVPPSPREAPGAPRSPEPQDQKKPRNRRHHPPDT--------------------------------------------------------------------------,1
103,AGSWVSICTCSGLRGLVVLTPERSYTLEQGPGDLQGPPIISRIQDLHLPGHTCALSWRESVHTQKPPEHPLGQRHIRRRRDVVTETKTVELVIVADHSEAQKYRDFQHLLNRTLEVALLLDTFFRPLNVRVALVGLEAWTQRDLVEISPNPAVTLENFLH,1
104,DVGSKVKYEVTVSNQGQSLRTLGSAFLNIMWPHEIANGKWLLYPMQVELEGGQGPGQKGLCSPRPNILHLDVDSRDRRRRELEPPEQQEPGERQEPSMSWWPVSSAEKKKNITLDCARGTANCVVFSCPLYSFDRAAVLHVWGRLWNSTFLEEYSAVKSL,1
105,LLEEMTVFREPTAISAMELSTKQQQLYIGSTAGVAQLPLHRCDIYGKACAECCLARDPYCAWDGSACSRYFPTAKRRTRRQDIRNGDPLTHCSDLHHDNHHGHSPEERIIYGVENSSTFLECSPKSQRALVYWQFQRRNEERKEEIRVDDHIIRTDQGLL,1
106,QMLKRRSFLKNDDLIIFVDFEDITHLSQTEVPTKGKRLSPQGLILQGQEQQVSEEGSGKAMLEEALPVSLSQGQPSRQKRSVENTGPLEDHNWPQYFRDPCDPNPCQNDGICVNVKGMASCRCISGHAFFYTGERCQAVQVHGSVLGMVIGGTAGVIFLT,1
107,----------MELRPWLFWVVAAAGALVLLVADARGEKVFTNTWAVHIPGGPAVADRVARKHGFLNLGQIFGDYYHFWHRAVTKRSLSPHRLGHNRLQREPQVKWLEQQVAKRRAKRDIYQEPTDPKFPQQWYLSGVTQRDLNVKEAWAQGYTGRGIVVS,1
108,RGEKVFTNTWAVHIPGGPAVADRVARKHGFLNLGQIFGDYYHFWHRAVTKRSLSPHRLGHNRLQREPQVKWLEQQVAKRRAKRDIYQEPTDPKFPQQWYLSGVTQRDLNVKEAWAQGYTGRGIVVSILDDGIEKNHPDLAGNYDPGASFDVNDQDPDPQP,1
109,KVFTNTWAVHIPGGPAVADRVARKHGFLNLGQIFGDYYHFWHRAVTKRSLSPHRLGHNRLQREPQVKWLEQQVAKRRAKRDIYQEPTDPKFPQQWYLSGVTQRDLNVKEAWAQGYTGRGIVVSILDDGIEKNHPDLAGNYDPGASFDVNDQDPDPQPRYT,1
110,VVSMGVEWLTRYGYLPPADPVHAQMQSLEKLQDAIKVMQRFAGLPETGQMDPMTIKTMRKPRCSLPDVLGAAGLVRRRRRYSLSGSVWKKRTLTWSIRSFSQKSQLSPQIVRTLLSYALAVWATESGLTFQEVNSQYQEPDIIIHFARAYHQDSYPFDGS,1
111,RINIYEVMKPPAEVVPGHLITRLLDTRLVHHNVTRWETFDVSPAVLRWTREKQPNYGLAIEVTHLHQTRTHQGQHVRISRSLPQGSGNWAQLRPLLVTFGHDGRGHALTRRRRAKRSPKHHSQRARKKNKNCRRHSLYVDFSDVGWNDWIVAPPGYQAFY,1
112,DCHYEGYMEGVPGSFVSVNICSGLRGVLIKEETSYGIEPMLSSKNFEHVLYTMEHQPVVSCSVTPKDSPGDTSHPPRSRKPDDLLVLTDWWSHTKYVEMFVVVNHQRFQMWGSNINETVQAVMDIIALANSFTRGINTEVVLVGLEIWTEGDPIEVPVDL,1
113,QFALLFEEYFSYPVSLNINLNSDKLVFPAVTVCTLNPYRYTEIKEDLEELDRITEQTLFDLYKYNSSYTRQAGGRRRSTRDLRGALPHPLQRLRTPPPPNPARSARSASSSVRDNNPQVDRKDWKIGFQLCNQNKSDCFYQTYSSGVDAVREWYRFHYIN,1
114,FPAVTVCTLNPYRYTEIKEDLEELDRITEQTLFDLYKYNSSYTRQAGGRRRSTRDLRGALPHPLQRLRTPPPPNPARSARSASSSVRDNNPQVDRKDWKIGFQLCNQNKSDCFYQTYSSGVDAVREWYRFHYINILSRLPDTSPALEEEALGSFIFTCRF,1
115,--------------------MHRGPSLLLILCALASRVLGPASGLVTEGRAGLDIVHPVRVDAGGSFLSYELWPRVLRKRDVSTTQASSAFYQLQYQGRELLFNLTTNPYLMAPGFVSEIRRHSTLGHAHIQTSVPTCHLLGDVQDPELEGGFAAISACD,1
116,EVNMSDSALDCVRDEAINKLQQIFNTSYNQTYEKYGNVSVFETTGGLVVFWQGIKQKSLVELERLANRSSLNLTHNRTKRSTDGNNATHLSNMESVHNLVYAQLQFTYDTLRGYINRALAQIAEAWCVDQRRTLEVFKELSKINPSAILSAIYNKPIAAR,1
117,------MHQRHPRARCPPLCVAGILACGFLLGCWGPSHFQQSCLQALEPQAVSSYLSPGAPLKGRPPSPGFQRQRQRQRRAAGGILHLELLVAVGPDVFQAHQEDTERYVLTNLNIGAELLRDPSLGAQFRVHLVKMVILTEPEGAPNITANLTSSLLSV,1
118,ETKVALKLPRFKAEFQVELSEVFQKLGMSRMFSDQAEFGKMLQSPEPLKVSAIIHKAFIEVNEEGTEAAAATGMAVRRKRAIMSPEEPIEFFADHPFTYVLVHQKDLPLFWGSVVRLEENTFASSEHDEL------------------------------,1
119,PQKEEDLGPAVHHVYELINQGPSSISQGVLELSCPQALEGQQLLYVTKVTGLSNCTSSYTPNSQGLELDPETSPHHLQKREAPGRSSTASGTQVLKCPEAKCFRLRCEFGPLHRQESRSLQLHFRVWAKTFLQREYQPFSLQCEAVYEALKMPYQILPRQ,1
120,VLVNSSKGMKISQNFETRYLILSLIPKIEDSNSCGDQQIKQYKRLLDRLIIPLYDGLRLQKDVIVSNQESNENTDPRTKRFFGGVIGTIALGVATSAQITAAVALVEAKQARSDIEKLKEAIRDTNKAVQSVQSSIGNLIVAIKSVQDYVNKEIVPSIAR,1
121,GLRGALVAIALLSALNAAGTVFVLCQWRGLSAALRALEAQRGREQREDSALRAFLAELSRAPGRVPEPSQDPMSAARNKRSHNGEPASHIRAESQDMMMMMTYSMVPIRVMIDLCNSTQGICLTGPPGPPGPPGAGGLPGHNGSDGQPGLQGPKGEKGAI,1
122,VWAAWGPSPEGPPETPKGAALAEAVRRFQRANALPASGELDAATLAAMNRPRCGVPDMRPPPPSAPPSPPGPPPRARSRRSPRAPLSLSRRGWQPRGYPDGGAAQAFSKRTLSWRLLGEALSSQLSVADQRRIVALAFRMWSEVTPLDFREDLAAPGAAV,1
123,HVDYIEEDSSVFAQSIPWNLERITPPRYRADEYQPPDGGSLVEVYLLDTSIQSDHREIEGRVMVTDFENVPEEDGTRFHRQASKCDSHGTHLAGVVSGRDAGVAKGASMRSLRVLNCQGKGTVSGTLIGLEFIRKSQLVQPVGPLVVLLPLAGGYSRVLN,1
124,PALSVALWLSWGAALGAVACAMALLTQQTELQSLRREVSRLQGTGGPSQNGEGYPWQSLPEQSSDALEAWENGERSRKRRAVLTQKQKKQHSVLHLVPINATSKDDSDVTEVMWQPALRRGRGLQAQGYGVRIQDAGVYLLYSQVLFQDVTFTMGQVVSR,1
125,RIYTNTWAVLVPAGPLEANRLARKHGFLNLGPIFGDYYHFQHRGVVKRSLSPHQPWHSRLAREPQVHWLEQQVAKRRTKRDIFMEPTDPKFPQQWYLYNTNQRDLNVRQAWEQGYTGKGIVVSILDDGIEKNHPDLEANYDPGASFDVNDQDPDPQPRYT,1
126,ATRSSRRESRLPFLFTLVALLPPGALCEVWTQRLHGGSAPLPQDRGFLVVQGDPRELRLWARGDARGASRADEKPLRRKRSAALQPEPIKVYGQVSLNDSHNQMVVHWAGEKSNVIVALARDSLALARPKSSDVYVSYDYGKSFKKISDKLNFGLGNRSE,1
127,------------------MKLLPSVVLKLFLAAVLSALVTGESLERLRRGLAAGTSNPDPPTVSTDQLLPLGGGRDRKVRDLQEADLDLLRVTLSSKPQALATPNKEEHGKRKKKGKGLGKKRDPCLRKYKDFCIHGECKYVKELRAPSCICHPGYHGER,1
128,ASETNWESVTSSISGVSYNSPSVTDPTLIADALDKKIAEFDTVEDLLKYFNPESWQEDLENMYLDTPRYRGRSYHDRKSKVDLDRLNDDAKRYSCTPRNYSVNIREELKLANVVFFPRCLLVQRCGGNCGCGTVNWRSCTCNSGKTVKKYHEVLQFEPGH,1
129,GNIFGSHYFDPENCRFQHQTLENGYDVYHSPQYHFLVSLGRAKRAFLPGMNPPPYSQFLSRRNEIPLIHFNTPIPRRHTRSAEDDSERDPLNVLKPRARMTPAPASCSQELPSAEDNSPMASDPLGVVRGGRVNTHAGGTGPEGCRPFAKFI--------,1
130,LSSVTLSTCRGIRGLITVSSNLSYVIEPLPDSKGQHLIYRSEHLKPPPGNCGFEHSKPTTRDWALQFTQQTKKRPRRMKREDLNSMKYVELYLVADYLEFQKNRRDQDATKHKLIEIANYVDKFYRSLNIRIALVGLEVWTHGNMCEVSENPYSTLWSFL,1
131,--------------MAPACQILRWALALGLGLMFEVTHAFRSQDEFLSSLESYEIAFPTRVDHNGALLAFSPPPPRRQRRGTGATAESRLFYKVASPSTHFLLNLTRSSRLLAGHVSVEYWTREGLAWQRAARPHCLYAGHLQGQASTSHVAISTCGGLH,1
132,GLMFEVTHAFRSQDEFLSSLESYEIAFPTRVDHNGALLAFSPPPPRRQRRGTGATAESRLFYKVASPSTHFLLNLTRSSRLLAGHVSVEYWTREGLAWQRAARPHCLYAGHLQGQASTSHVAISTCGGLHGLIVADEEEYLIEPLHGGPKGSRSPEESGP,1
133,EEYLIEPLHGGPKGSRSPEESGPHVVYKRSSLRHPHLDTACGVRDEKPWKGRPWWLRTLKPPPARPLGNETERGQPGLKRSVSRERYVETLVVADKMMVAYHGRRDVEQYVLAIMNIVAKLFQDSSLGSTVNILVTRLILLTEDQPTLEITHHAGKSLDS,1
134,TPAATLKCGAYTIVYAPIKDQTDPAPRYISGEVTSVTFEKSDNTVKIKVNGQDFSTLSANSSSPTENGGSAGQASSRSRRSLSEETSEAAATVDLFAFTLDGGKRIEVAVPNVEDASKRDKYSLVADDKPFYTGANSGTTNGVYRLNENGDLVDKDNTVL,1
135,DVSLGVDWLTRYGYLPPPHPAQAQLQSPEKLRDAIKVMQRFAGLPETGRMDPGTVATMRKPRCSLPDVLGVAGLVRRRRRYALSGSVWKKRTLTWRVRSFPQSSQLSQETVRVLMSYALMAWGMESGLTFHEVDSPQGQEPDILIDFARAFHQDSYPFDG,1
136,GFCIHYNIVMPQFTEAVSPSVLPPSALPLDLLNNAITAFSTLEDLIRYLEPERWQLDLEDLYRPTWQLLGKAFVFGRKSRVVDLNLLTEEVRLYSCTPRNFSVSIREELKRTDTIFWPGCLLVKRCGGNCACCLHNCNECQCVPSKVTKKYHEVLQLRPK,1
137,RFTNPVPAGVSQKKGTHTWEPQSLPDYQFEKTELLPKARVFSYHSGKPYVKSVQLQKKSTNKMNTFRSLFWGNHSQRKRRGFADKCCVIGCTKEEMAVACLPFVDF------------------------------------------------------,1
138,CGGLDGFFAVKHARYTLKPLLRGSWAEYERIYGDGSSRILHVYNREGFSFEALPPRASCETPASPSGPQESPSVHSRSRRRSALAPQLLDHSAFSPSGNAGPQTWWRRRRRSISRARQVELLLVADSSMARMYGRGLQHYLLTLASIANRLYSHASIENH,1
139,IYGDGSSRILHVYNREGFSFEALPPRASCETPASPSGPQESPSVHSRSRRRSALAPQLLDHSAFSPSGNAGPQTWWRRRRRSISRARQVELLLVADSSMARMYGRGLQHYLLTLASIANRLYSHASIENHIRLAVVKVVVLTDKDTSLEVSKNAATTLKN,1
140,------------MPGGPSPRSPAPLLRPLLLLLCALAPGAPGPAPGRATEGRAALDIVHPVRVDAGGSFLSYELWPRALRKRDVSVRRDAPAFYELQYRGRELRFNLTANQHLLAPGFVSETRRRGGLGRAHIRAHTPACHLLGEVQDPELEGGLAAISA,1
141,----------MPGGPSPRSPAPLLRPLLLLLCALAPGAPGPAPGRATEGRAALDIVHPVRVDAGGSFLSYELWPRALRKRDVSVRRDAPAFYELQYRGRELRFNLTANQHLLAPGFVSETRRRGGLGRAHIRAHTPACHLLGEVQDPELEGGLAAISACD,1
142,LLRPLLLLLCALAPGAPGPAPGRATEGRAALDIVHPVRVDAGGSFLSYELWPRALRKRDVSVRRDAPAFYELQYRGRELRFNLTANQHLLAPGFVSETRRRGGLGRAHIRAHTPACHLLGEVQDPELEGGLAAISACDGLKGVFQLSNEDYFIEPLDSAP,1
143,LEGGLAAISACDGLKGVFQLSNEDYFIEPLDSAPARPGHAQPHVVYKRQAPERLAQRGDSSAPSTCGVQVYPELESRRERWEQRQQWRRPRLRRLHQRSVSKEKWVETLVVADAKMVEYHGQPQVESYVLTIMNMVAGLFHDPSIGNPIHITIVRLVLLE,1
144,QLSNEDYFIEPLDSAPARPGHAQPHVVYKRQAPERLAQRGDSSAPSTCGVQVYPELESRRERWEQRQQWRRPRLRRLHQRSVSKEKWVETLVVADAKMVEYHGQPQVESYVLTIMNMVAGLFHDPSIGNPIHITIVRLVLLEDEEEDLKITHHADNTLKS,1
145,---------MEILWKTLTWILSLIMASSEFHSDHRLSYSSQEEFLTYLEHYQLTIPIRVDQNGAFLSFTVKNDKHSRRRRSMDPIDPQQAVSKLFFKLSAYGKHFHLNLTLNTDFVSKHFTVEYWGKDGPQWKHDFLDNCHYTGYLQDQRSTTKVALSNC,1
146,YFIEPLKNTTEDSKHFSYENGHPHVIYKKSALQQRHLYDHSHCGVSDFTRSGKPWWLNDTSTVSYSLPINNTHIHHRQKRSVSIERFVETLVVADKMMVGYHGRKDIEHYILSVMNIVAKLYRDSSLGNVVNIIVARLIVLTEDQPNLEINHHADKSLDS,1
147,GKAIYAPPIAGSINCSSNITGMILTRDGGNNTHNETFRPGGGDMRDNWRSELYKYKVVQIEPLGIAPTRARRRVVQREKRAVGLGAVFFGFLGAAGSTMGAASITLTVQARQLLSGIVQQQSNLLRAIEAQQHLLQLTVWGIKQLRARILAVERYLKDQQ,1
148,VALIIWQCALLVFSFYTVSVSIKVHFQKLDFPAVTICNINPYKYSAVSDLLTDLDSETKQALLSLYGVKDVLDSTPRKRREAGSMRSTWEGTPPRFLNLIPLLVFNENEKGKARDFFTGRKRKISGKIIHKASNVMHVHESKKLVGFQLCSNDTSDCATY,1
149,LALLSCCLTVVSFYQVAALQGDLASLRAELQGHHAEKLPAGAGAPKAGLEEAPAVTAGLKIFEPPAPGEGNSSQNSRNKRAVQGPEETVTQDCLQLIADSETPTIQKGSYTFVPWLLSFKRGSALEEKENKILVKETGYFFIYGQVLYTDKTYAMGHLIQ,1
150,GCGLNDVLGSIAYGTITEVVKCEHERAVHLFVDSLVNQDKPSFAFQCTDSNRFKKGICLSCRKNRCNSIGYNAKKMRNKRNSKMYLKTRAGMPFRVYHYQMKIHVFSYKNMGEIEPTFYVTLYGTNADSQTLPLEIVERIEQNATNTFLVYTEEDLGDLL,1
151,TNGPLPEAIAILVLPPAEGKPRGSLAYKYVIHEDLLPLIGSNNVLLEETDTYEWALKSWSPCSKACGGGIQFTKYGCRRRRDHHMVHRHLCDHKKRPKPIRRRCNQHSCPQPTWVTEEWGACSRSCGKLGLQTRGVQCLLPLSNGTHKAMPAKACLGNRP,0
152,MDEQCRFDFGTGYHTCLAFRTFEPCKQLWCSHPDNPYFCKTKKGPPLDGTECAPGKWCFKGHCIWKSPEQTYGQDGGWSSWTNFGSCSRSCGGGVRSRSRSCDNPPPAYGGRPCSGSMFEYQICNSEDCPGPYEDFRAQQCAKRNSYYTHQDAKHSWLPY,0
153,CVPFGCDKEVGSMKTDDKCGVCGGDNSHCRTVKGTLGKGSKQAAALKQVQIPAGARHIQIELLEKAPHRIAVKNQVTGSFIFNPKGKEASSRTFTALGLEWEHEAEDTKDSLRTNGPLPEAIAILVLPPAEGKPRGSLAYKYVIHEDLLPLIGSNNVLLE,0
154,ETDTYEWALKSWSPCSKACGGGIQFTKYGCRRRRDHHMVHRHLCDHKKRPKPIRRRCNQHSCPQPTWVTEEWGACSRSCGKLGLQTRGVQCLLPLSNGTHKAMPAKACLGNRPEAKKPCLRVPCPAQWRTGAWSQCSATCGEGIQQRQVVCRNTSSALGP,0
155,SGWKAFDVTEAVNFWQQLSRPRQPLLLQVSVQREHLGPLASGAHKLVRFASQGAPAGLGEPQLELHTLDLRDYGAQGDCDPEAPMTEGTRCCRQEMYIDLQGMKWAKNWVLEPPGFLAYECVGTCQQPPEALAFNWPFLGPRQCIASETASLPMIVSIKE,0
156,RENAIDGEHSGKATHARIGQICKNDFGGHRSLVNKWTTFLKARLICSVPGPNGIDTHFDELQDVFLMNSKDPKNPIVYGVFTTSSNIFKGSAVCMYSMSDVRRVFLGPYAHRDGPNYQWVPYQGRVPYPRPGTCPSKTFGGFDSTKDLPDDVITFARSHP,0
157,ECKWAGKDILKECANFIKVLEAYNQTHLYACGTGAFHPICTYIEVGHHPEDNIFKLQDSHFENGRGKSPYDPKLLTASLLIDGELYSGTAADFMGRDFAIFRTLGHHHPIRTEQHDSRWLNDPRFISAHLIPESDNPEDDKVYFFFRENAIDGEHSGKAT,0
158,EKSKLYSDGKKKSLNTGIITVQNYGSHVPPKVSHITFAHEVGHNFGSPHDSGTECTPGESKNLGQKENGNYIMYARATSGDKLNNNKFSLCSIRNISQVLEKKRNNCFVESGQPICGNGMVEQGEECDCGYSDQCKDECCFDANQPEGRKCKLKPGKQCS,0
159,LLSLWLIAAALVEVRTSADGQAGNEEMVQIDLPIKRYREYELVTPVSTNLEGRYLSHTLSASHKKRSARDVSSNPEQLFFNITAFGKDFHLRLKPNTQLVAPGAVVEWHETSLVPGNITDPINNHQPGSATYRIRRTEPLQTNCAYVGDIVDIPGTSVAI,0
160,AIKNQATGHYILNGKGEEAKSRTFIDLGVEWDYNIEDDIESLHTDGPLHDPVIVLIIPQENDTRSSLTYKYIIHEDSVPTINSNNVIQEELDTFEWALKSWSQCSKPCGGGFQYTKYGCRRKSDNKMVHRSFCEANKKPKPIRRMCNIQECTHPLWVAEE,0
161,YKDPYSICVRGECVKVGCDKEIGSNKVEDKCGVCGGDNSHCRTVKGTFTRTPRKLGYLKMFDIPPGARHVLIQEDEASPHILAIKNQATGHYILNGKGEEAKSRTFIDLGVEWDYNIEDDIESLHTDGPLHDPVIVLIIPQENDTRSSLTYKYIIHEDSV,0
162,FRTRQCNNPMPINGGQDCPGVNFEYQLCNTEECQKHFEDFRAQQCQQRNSHFEYQNTKHHWLPYEHPDPKKRCHLYCQSKETGDVAYMKQLVHDGTHCSYKDPYSICVRGECVKVGCDKEIGSNKVEDKCGVCGGDNSHCRTVKGTFTRTPRKLGYLKMF,0
163,DSVPTINSNNVIQEELDTFEWALKSWSQCSKPCGGGFQYTKYGCRRKSDNKMVHRSFCEANKKPKPIRRMCNIQECTHPLWVAEEWEHCTKTCGSSGYQLRTVRCLQPLLDGTNRSVHSKYCMGDRPESRRPCNRVPCPAQWKTGPWSECSVTCGEGTEV,0
164,RGVCNNRKNCHCEAHWAPPFCDKFGFGGSTDSGPIRQADNQGLTIGILVTILCLLAAGFVVYLKRKTLIRLLFTNKKTTIEKLRCVRPSRPPRGFQPCQAHLGHLGKGLMRKPPDSYPPKDNPRRLLQCQNVDISRPLNGLNVPQPQSTQRVLPPLHRAP,0
165,VNVFMMLYVQLVQGSSNEHGPVKRSSQSTLERSEQQIRAASSLEELLRITHSEDWKLWRCRLRLKSFTSMDSRSASHRSTRFAATFYDIETLKVIDEEWQRTQCSPRETCVEVASELGKSTNTFFKPPCVNVFRCGGCCNEESLICMNTSTSYISKQLFE,0
166,LGKSTNTFFKPPCVNVFRCGGCCNEESLICMNTSTSYISKQLFEISVPLTSVPELVPVKVANHTGCKCLPTAPRHPYSIIRRSIQIPEEDRCSHSKKLCPIDMLWDSNKCKCVLQEENPLAGTEDHSHLQEPALCGPHMMFDEDRCECVCKTPCPKDLIQ,0
167,EQVDTIMEKNVTVTHAQDILERTHNGKLCDLNGVKPLILRDCSVAGWLLGNPMCDEFINVPEWSYIVEKASPANDLCYPGNFNDYEELKHLLSRINHFEKIQIIPKSSWSNHDASSGVSSACPYLGRSSFFRNVVWLIKKNSAYPTIKRSYNNTNQEDLL,0
168,MEYGIDEVLSKLDLIFGNLTHQSADEAFIPVNNFTWPRYEKQNKQQKTSCERKKGRRQRRSVSTENLRRIQEAGLGLANAITTVAKISDLNDQKLAKGVHLLRDHVVTLMEANLDDIVSLGEGIQIEHIHNHLTSLKLLTLENRIDWRFINDSWIQEELG,0
169,DIVSLGEGIQIEHIHNHLTSLKLLTLENRIDWRFINDSWIQEELGVSDNIMKVIRKTARCIPYNVKQTRNLNTSTAWEIYLYYEIIIPTTIYTQNWNIKNLGHLVRNAGYLSKVWIQQPFEVLNQECGTNIYLHMEECVDQDYIICEEVMELPPCGNGTG,0
170,IYLHMEECVDQDYIICEEVMELPPCGNGTGSDCPVLTKPLTDEYLEIEPLKNGSYLVLSSTTDCGIPAYVPVVITVNDTISCFDKEFKRPLKQELKVTKYAPSVPQLELRVPRLTSLIAKIKGIQIEITSSWETIKEQVARAKAELLRLDLHEGDYPEWL,0
171,VDQDYIICEEVMELPPCGNGTGSDCPVLTKPLTDEYLEIEPLKNGSYLVLSSTTDCGIPAYVPVVITVNDTISCFDKEFKRPLKQELKVTKYAPSVPQLELRVPRLTSLIAKIKGIQIEITSSWETIKEQVARAKAELLRLDLHEGDYPEWLQLLGEATK,0
172,QGLSGHYLTISFEDFNLQNSSGCEKDFVEIWDNHTSGNILGRYCGNTIPDSIDTSSNTAVVRFVTDGSVTASGFRLRFESSMEECGGDLQGSIGTFTSPNYPNPNPHGRICEWRITAPEGRRITLMFNNLRLATHPSCNNEHVIVFNGIRSNSPQLEKLC,0
173,EHLRNGRGFTVRWETQQPECGGILTGPYGSIKSPGYPGNYPPGRDCVWIVVTSPDLLVTFTFGTLSLEHHDDCNKDYLEIRDGPLYQDPLLGKFCTTFSVPPLQTTGPFARIHFHSDSQISDQGFHITYLTSPSDLRCGGNYTDPEGELFLPELSGPFTH,0
174,KITVWALQLTSQDCTQNYLQLQDSPQGHGNSRFQFCGRNASAVPVFYSSMSTAMVIFKSGVVNRNSRMSFTYQIADCNRDYHKAFGNLRSPGWPDNYDNDKDCTVTLTAPQNHTISLFFHSLGIENSVECRNDFLEVRNGSNSNSPLLGKYCGTLLPNPV,0
175,GFYATWNTQTLGCGGIFHSDNGTIRSPHWPQNFPENSRCSWTAITHKSKHLEISFDNNFLIPSGDGQCQNSFVKVWAGTEEVDKALLATGCGNVAPGPVITPSNTFTAVFQSQEAPAQGFSASFVSRCGSNFTGPSGYIISPNYPKQYDNNMNCTYVIEA,0
176,GIFNSPGYPDIYPPNVECVWNIVSSPGNRLQLSFISFQLEDSQDCSRDFVEIREGNATGHLVGRYCGNSFPLNYSSIVGHTLWVRFISDGSGSGTGFQATFMKIFGNDNIVGTHGKVASPFWPENYPHNSNYQWTVNVNASHVVHGRILEMDIEEIQNCY,0
177,NANLAGTFCGSTVPAPFISSGNFLTVQFISDLTLEREGFNATYTIMDMPCGGTYNATWTPQNISSPNSSDPDVPFSICTWVIDSPPHQQVKITVWALQLTSQDCTQNYLQLQDSPQGHGNSRFQFCGRNASAVPVFYSSMSTAMVIFKSGVVNRNSRMSF,0
178,CEGGSVARCVHGICEDLMREQAGEPKYSCVCDAGWMFSPNSPACTLDRDECSFQPGPCSTLVQCFNTQGSFYCGACPTGWQGNGYICEDINECEINNGGCSVAPPVECVNTPGSSHCQACPPGYQGDGRVCTLTDICSVSNGGCHPDASCSSTLGSLPLC,0
179,PLMWRLCGPSKPTLPLVIPYSQVWIHFVTNERVEHIGFHAKYSFTDCGGIQIGDSGVITSPNYPNAYDSLTHCSSLLEAPQGHTITLTFSDFDIEPHTTCAWDSVTVRNGGSPESPIIGQYCGNSNPRTIQSGSNQLVVTFNSDHSLQGGGFYATWNTQT,0
180,VECRNDFLEVRNGSNSNSPLLGKYCGTLLPNPVFSQNNELYLRFKSDSVTSDRGYEIIWTSSPSGCGGTLYGDRGSFTSPGYPGTYPNNTYCEWVLVAPAGRLVTINFYFISIDDPGDCVQNYLTLYDGPNASSPSSGPYCGGDTSIAPFVASSNQVFIK,0
181,IQAPDSTVELNILSLDIESHRTCAYDSLVIRDGDNNLAQQLAVLCGREIPGPIRSTGEYMFIRFTSDSSVTRAGFNASFHKSCGGYLHADRGIITSPKYPETYPSNLNCSWHVLVQSGLTIAVHFEQPFQIPNGDSSCNQGDYLVLRNGPDICSPPLGPP,0
182,ESIGYPNPYSENQHCNWTIRATTGNTVNYTFLAFDLEHHINCSTDYLELYDGPRQMGRYCGVDLPPPGSTTSSKLQVLLLTDGVGRREKGFQMQWFVYGCGGELSGATGSFSSPGFPNRYPPNKECIWYIRTDPGSSIQLTIHDFDVEYHSRCNFDVLEI,0
183,AWDSVTVRNGGSPESPIIGQYCGNSNPRTIQSGSNQLVVTFNSDHSLQGGGFYATWNTQTLGCGGIFHSDNGTIRSPHWPQNFPENSRCSWTAITHKSKHLEISFDNNFLIPSGDGQCQNSFVKVWAGTEEVDKALLATGCGNVAPGPVITPSNTFTAVF,0
184,SENQHCNWTIRATTGNTVNYTFLAFDLEHHINCSTDYLELYDGPRQMGRYCGVDLPPPGSTTSSKLQVLLLTDGVGRREKGFQMQWFVYGCGGELSGATGSFSSPGFPNRYPPNKECIWYIRTDPGSSIQLTIHDFDVEYHSRCNFDVLEIYGGPDFHSP,0
185,NNMNCTYVIEANPLSVVLLTFVSFHLEARSAVTGSCVNDGVHIIRGYSVMSTPFATVCGDEMPAPLTIAGPVLLNFYSNEQITDFGFKFSYRIISCGGVFNFSSGIITSPAYSYADYPNDMHCLYTITVSDDKVIELKFSDFDVVPSTSCSHDYLAIYDG,0
186,YTITVSDDKVIELKFSDFDVVPSTSCSHDYLAIYDGANTSDPLLGKFCGSKRPPNVKSSNNSMLLVFKTDSFQTAKGWKMSFRQTLGPQQGCGGYLTGSNNTFASPDSDSNGMYDKNLNCVWIIIAPVNKVIHLTFNTFALEAASTRQRCLYDYVKLYDG,0
187,PFWPENYPHNSNYQWTVNVNASHVVHGRILEMDIEEIQNCYYDKLRIYDGPSIHARLIGAYCGTQTESFSSTGNSLTFHFYSDSSISGKGFLLEWFAVDAPDGVLPTIAPGACGGFLRTGDAPVFLFSPGWPDSYSNRVDCTWLIQAPDSTVELNILSLD,0
188,FHAKYSFTDCGGIQIGDSGVITSPNYPNAYDSLTHCSSLLEAPQGHTITLTFSDFDIEPHTTCAWDSVTVRNGGSPESPIIGQYCGNSNPRTIQSGSNQLVVTFNSDHSLQGGGFYATWNTQTLGCGGIFHSDNGTIRSPHWPQNFPENSRCSWTAITHK,0
189,RQDLCGVSTCDTLGMADVGTVCDPARSCAIVEDDGLQSAFTAAHELGHVFNMLHDNSKPCISLNGPLSTSRHVMAPVMAHVDPEEPWSPCSARFITDFLDNGYGHCLLDKPEAPLHLPVTFPGKDYDADRQCQLTFGPDSRHCPQLPPPCAALWCSGHLN,0
190,FCAWQRGLNTPEDSDPDHFDTAILFTRQDLCGVSTCDTLGMADVGTVCDPARSCAIVEDDGLQSAFTAAHELGHVFNMLHDNSKPCISLNGPLSTSRHVMAPVMAHVDPEEPWSPCSARFITDFLDNGYGHCLLDKPEAPLHLPVTFPGKDYDADRQCQL,0
191,TAILFTRQDLCGVSTCDTLGMADVGTVCDPARSCAIVEDDGLQSAFTAAHELGHVFNMLHDNSKPCISLNGPLSTSRHVMAPVMAHVDPEEPWSPCSARFITDFLDNGYGHCLLDKPEAPLHLPVTFPGKDYDADRQCQLTFGPDSRHCPQLPPPCAALW,0
192,EPRVVDGTPCSPDSSSVCVQGRCIHAGCDRIIGSKKKFDKCMVCGGDGSGCSKQSGSFRKFRYGYNNVVTIPAGATHILVRQQGNPGHRSIYLALKLPDGSYALNGEYTLMPSPTDVVLPGAVSLRYSGATAASETLSGHGPLAQPLTLQVLVAGNPQDT,0
193,VMAAAAKAFKHPSIRNPVSLVVTRLVILGSGEEGPQVGPSAAQTLRSFCAWQRGLNTPEDSDPDHFDTAILFTRQDLCGVSTCDTLGMADVGTVCDPARSCAIVEDDGLQSAFTAAHELGHVFNMLHDNSKPCISLNGPLSTSRHVMAPVMAHVDPEEPW,0
194,IVFPEKLNGSVLPGSGAPARLLCRLQAFGETLLLELEQDSGVQVEGLTVQYLGQAPELLGGAEPGTYLTGTINGDPESVASLHWDGGALLGVLQYRGAELHLQPLEGGTPNSAGGPGAHILRRKSPASGQGPMCNVKAPLGSPSPRPRRAKRFASLSRFV,0
195,LTTGLLLSLLLLLVLVLLGASYWHRARLHQRLCQLKGSSCQYRAPQSCPPERPGPPQRAQQMTGTKQASVVSFPVPPSRPLPPNPVPKKLQAALADRSNPPTRPLPADPVVRRPKSQGPTKPPPPRKPLPANPQGQHPPGDLPGPGDGSLPLVVPSRPAP,0
196,ALEKALLEGMGSCLFERQPSLAPMSSLCGNMFVDPGEQCDCGFPDECTDPCCDHFTCQLRPGAQCASDGPCCQNCKLHPAGWLCRPPTDDCDLPEFCPGDSSQCPSDIRLGDGEPCASGEAVCMHGRCASYARQCQSLWGPGAQPAAPLCLQTANTRGNA,0
197,RVSLTYKYMIHEDSLNVDDNNVLEEDSVVYEWALKKWSPCSKPCGGGSQFTKYGCRRRLDHKMVHRGFCAALSKPKAIRRACNPQECSQPVWVTGEWEPCSQTCGRTGMQVRSVRCIQPLHDNTTRSVHAKHCNDARPESRRACSRELCPGRWRAGPWSQ,0
198,VCRWAYLQQKPDTGHDEYHDHAIFLTRQDFGPSGMQGYAPVTGMCHPVRSCTLNHEDGFSSAFVVAHETGHVLGMEHDGQGNRCGDEVRLGSIMAPLVQAAFHRFHWSRCSQQELSRYLHSYDCLLDDPFAHDWPALPQLPGLHYSMNEQCRFDFGLGYM,0
199,SMNEQCRFDFGLGYMMCTAFRTFDPCKQLWCSHPDNPYFCKTKKGPPLDGTMCAPGKHCFKGHCIWLTPDILKRDGSWGAWSPFGSCSRTCGTGVKFRTRQCDNPHPANGGRTCSGLAYDFQLCSRQDCPDSLADFREEQCRQWDLYFEHGDAQHHWLPH,0
200,VQFHGKEHVQKYLLTLMNIVNEIYHDESLGAHINVVLVRIILLSYGKSMSLIEIGNPSQSLENVCRWAYLQQKPDTGHDEYHDHAIFLTRQDFGPSGMQGYAPVTGMCHPVRSCTLNHEDGFSSAFVVAHETGHVLGMEHDGQGNRCGDEVRLGSIMAPL,0
201,MGPLHGTITVLVIPVGDTRVSLTYKYMIHEDSLNVDDNNVLEEDSVVYEWALKKWSPCSKPCGGGSQFTKYGCRRRLDHKMVHRGFCAALSKPKAIRRACNPQECSQPVWVTGEWEPCSQTCGRTGMQVRSVRCIQPLHDNTTRSVHAKHCNDARPESRR,0
202,WLPHEHRDAKERCHLYCESRETGEVVSMKRMVHDGTRCSYKDAFSLCVRGDCRKVGCDGVIGSSKQEDKCGVCGGDNSHCKVVKGTFTRSPKKHGYIKMFEIPAGARHLLIQEVDATSHHLAVKNLETGKFILNEENDVDASSKTFIAMGVEWEYRDEDG,0
203,KKWSPCSKPCGGGSQFTKYGCRRRLDHKMVHRGFCAALSKPKAIRRACNPQECSQPVWVTGEWEPCSQTCGRTGMQVRSVRCIQPLHDNTTRSVHAKHCNDARPESRRACSRELCPGRWRAGPWSQCSVTCGNGTQERPVLCRTADDSFGICQEERPETA,0
204,GVKFRTRQCDNPHPANGGRTCSGLAYDFQLCSRQDCPDSLADFREEQCRQWDLYFEHGDAQHHWLPHEHRDAKERCHLYCESRETGEVVSMKRMVHDGTRCSYKDAFSLCVRGDCRKVGCDGVIGSSKQEDKCGVCGGDNSHCKVVKGTFTRSPKKHGYI,0
205,KERCHLYCESRETGEVVSMKRMVHDGTRCSYKDAFSLCVRGDCRKVGCDGVIGSSKQEDKCGVCGGDNSHCKVVKGTFTRSPKKHGYIKMFEIPAGARHLLIQEVDATSHHLAVKNLETGKFILNEENDVDASSKTFIAMGVEWEYRDEDGRETLQTMGP,0
206,LIRMEEEEFFIEPLEKGLAAQEAEQGRVHVVYRRPPTSPPLGGPQALDTGASLDSLDSLSRALGVLEEHANSSRRRARRHAADDDYNIEVLLGVDDSVVQFHGKEHVQKYLLTLMNIVNEIYHDESLGAHINVVLVRIILLSYGKSMSLIEIGNPSQSLE,0
207,NRCGDEVRLGSIMAPLVQAAFHRFHWSRCSQQELSRYLHSYDCLLDDPFAHDWPALPQLPGLHYSMNEQCRFDFGLGYMMCTAFRTFDPCKQLWCSHPDNPYFCKTKKGPPLDGTMCAPGKHCFKGHCIWLTPDILKRDGSWGAWSPFGSCSRTCGTGVK,0
208,YLQQKPDTGHDEYHDHAIFLTRQDFGPSGMQGYAPVTGMCHPVRSCTLNHEDGFSSAFVVAHETGHVLGMEHDGQGNRCGDEVRLGSIMAPLVQAAFHRFHWSRCSQQELSRYLHSYDCLLDDPFAHDWPALPQLPGLHYSMNEQCRFDFGLGYMMCTAF,0
209,CSCTEGYRLAENQKSCEPAVPFPCGRVSVSQTSKLTRAETVFPDVDYVNSTEAETILDNITQSTQSFNDFTRVVGGEDAKPGQFPWQVVLNGKVDAFCGGSIVNEKWIVTAAHCVETGVKITVVAGEHNIEETEHTEQKRNVIRIIPHHNYNAAINKYNH,0
210,GQFPWQVVLNGKVDAFCGGSIVNEKWIVTAAHCVETGVKITVVAGEHNIEETEHTEQKRNVIRIIPHHNYNAAINKYNHDIALLELDEPLVLNSYVTPICIADKEYTNIFLKFGSGYVSGWGRVFHKGRSALVLQYLRVPLVDRATCLRSTKFTIYNNMF,0
211,GILPLSWNIPELVNMGQWKIRAFYEHAPKQTFSAEFEVKEYVLPSFEVLVEPTEKFYYIHGPKGLEVSITARFLYGKNVDGTAFVIFGVQDEDKKISLALSLTRVLIEDGSGEAVLSRKVLMDGVRPSSPEALVGKSLYVSVTVILHSGSDMVEAERSGI,0
212,QVPDTDSETRILLQGTPVAQMAEDAVDGERLKHLIVTPSGCGEQNMIGMTPTVIAVHYLDQTEQWEKFGLEKRQEALELIKKGYTQQLAFKQPISAYAAFNNRPPSTWLTAMWSRSFSLAANLIAIDSQVLCGAVKWLILEKQKPDGVFQEDGPVIHQEM,0
213,AVRTLDPEHLNQGGVQREDVNAADLSDQVPDTDSETRILLQGTPVAQMAEDAVDGERLKHLIVTPSGCGEQNMIGMTPTVIAVHYLDQTEQWEKFGLEKRQEALELIKKGYTQQLAFKQPISAYAAFNNRPPSTWLTAMWSRSFSLAANLIAIDSQVLCG,0
214,NSLPGSINKAGEYLEASYLNLQRPYTVAIAGYALALMNKLEEPYLTKFLNTAKDRNRWEEPGQQLYNVEATSYALLALLLLKDFDSVPPVVRWLNDERYYGGGYGSTQATFMVFQALAQYRADVPDHKDLNMDVSLHLPSRSSPTVFRLLWESGSLLRSE,0
215,PRSCCSRSGALLLALLLQASMEVRGWCLESSQCQDLTTESNLLECIRACKPDLSAETPMFPGNGDEQPLTENPRKYVMGHFRWDRFGRRNSSSSGSSGAGQKREDVSAGEDCGPLPEGGPEPRSDGAKPGPREGKRSYSMEHFRWGKPVGKKRRPVKVYP,0
216,LLQLSKPELPQDGTSTLRENSKPEESHLLAKRYGGFMKRYGGFMKKMDELYPMEPEEEANGSEILAKRYGGFMKKDAEEDDSLANSSDLLKELLETGDNRERSHHQDGSDNEEEVSKRYGGFMRGLKRSPQLEDEAKELQKRYGGFMRRVGRPEWWMDYQ,0
217,KYICENQDSISSKLKECCEKPLLEKSHCIAEVENDEMPADLPSLAADFVESKDVCKNYAEAKDVFLGMFLYEYARRHPDYSVVLLLRLAKTYETTLEKCCAAADPHECYAKVFDEFKPLVEEPQNLIKQNCELFEQLGEYKFQNALLVRYTKKVPQVSTP,0
218,NALLVRYTKKVPQVSTPTLVEVSRNLGKVGSKCCKHPEAKRMPCAEDYLSVVLNQLCVLHEKTPVSDRVTKCCTESLVNRRPCFSALEVDETYVPKEFNAETFTFHADICTLSEKERQIKKQTALVELVKHKPKATKEQLKAVMDDFAAFVEKCCKADDK,0
219,GEYGFQNAVLVRYTQKAPQVSTPTLVEAARNLGRVGTKCCTLPEAQRLPCVEDYLSAILNRLCVLHEKTPVSEKVTKCCSGSLVERRPCFSALTVDETYVPKEFKAETFTFHSDICTLPDKEKQIKKQTALAELVKHKPKATEDQLKTVMGDFAQFVDKC,0
220,EGDPPACYGTVLAEFQPLVEEPKNLVKTNCELYEKLGEYGFQNAVLVRYTQKAPQVSTPTLVEAARNLGRVGTKCCTLPEAQRLPCVEDYLSAILNRLCVLHEKTPVSEKVTKCCSGSLVERRPCFSALTVDETYVPKEFKAETFTFHSDICTLPDKEKQ,0
221,PQVSTPTLVEAARNLGRVGTKCCTLPEAQRLPCVEDYLSAILNRLCVLHEKTPVSEKVTKCCSGSLVERRPCFSALTVDETYVPKEFKAETFTFHSDICTLPDKEKQIKKQTALAELVKHKPKATEDQLKTVMGDFAQFVDKCCKAADKDNCFATEGPNL,0
222,VTTHNNPTFTDPSVLQPPTPAETGGHFTLSSSTISTHNYEEIPMDTFIVSTNPNTVTSSTPIPGSRPVARLGLYSRTTQQVKVVDPAFVTTPTKLITYDNPAYEGIDVDNTLYFSSNDNSINIAPDPDFLDIVALHRPALTSRRTGIRYSRIGNKQTLRT,0
223,PTPAETGGHFTLSSSTISTHNYEEIPMDTFIVSTNPNTVTSSTPIPGSRPVARLGLYSRTTQQVKVVDPAFVTTPTKLITYDNPAYEGIDVDNTLYFSSNDNSINIAPDPDFLDIVALHRPALTSRRTGIRYSRIGNKQTLRTRSGKSIGAKVHYYYDLS,0
224,ILIYNGWYADSVTNRHEEKFSVDSYETDQMDTIYQCYNAVKMTKDGLTRVYVDRDGVNITVNLKPTGGLANGVRRYASQTELYDAPGWLIWTYRTRTTVNCLITDMMAKSNSPFDFFVTTTGQTVEMSPFYDGKNKETFHERADSFHVRTNYKIVDYDNR,0
225,RVYVDRDGVNITVNLKPTGGLANGVRRYASQTELYDAPGWLIWTYRTRTTVNCLITDMMAKSNSPFDFFVTTTGQTVEMSPFYDGKNKETFHERADSFHVRTNYKIVDYDNRGTNPQGERRAFLDKGTYTLSWKLENRTAYCPLQHWQTFDSTIATETGK,0
226,SRPLVSFSFINDTKTYEGQLGTDNEIFLTKKMTEVCQATSQYYFQSGNEIHVYNDYHHFKTIELDGIATLQTFISLNTSLIENIDFASLELYSRDEQRASNVFDLEGIFREYNFQAQNIAGLRKDLDNAVSNGRNQFVDGLGELMDSLGSVGQSITNLVS,0
227,RPQPPRPRPPPRQKKQAPKQPPKPKKPKTQEKKKKQPAKPKPGKRQRMALKLEADRLFDVKNEDGDVIGHALAMEGKVMKPLHVKGTIDHPVLSKLKFTKSSAYDMEFAQLPVNMRSEAFTYTSEHPEGFYNWHHGAVQYSGGRFTIPRGVGGRGDSGRP,0
228,VSIVSSNSATSCTLARKIKPKFVGREKYDLPPVHGKKIPCTVYDRLKETTAGYITMHRPRPHAYTSYLEESSGKVYAKPPSGKNITYECKCGDYKTGTVSTRTEITGCTAIKQCVAYKSDQTKWVFNSPDLIRHDDHTAQGKLHLPFKLIPSTCMVPVAH,0
229,ETAPFGCKIAVNPLRAVDCSYGNIPISIDIPNAAFIRTSDAPLVSTVKCEVSECTYSADFGGMATLQYVSDREGQCPVHSHSSTATLQESTVHVLEKGAVTVHFSTASPQANFIVSLCGKKTTCNAECKPPADHIVSTPHKNDQEFQAAISKTSWSWLFA,0
230,QEYITCKFTTVVPSPKIKCCGSLECQPAAHADYTCKVFGGVYPFMWGGAQCFCDSENSQMSEAYVELSADCASDHAQAIKVHTAAMKVGLRIVYGNTTSFLDVYVNGVTPGTSKDLKVIAGPISASFTPFDHKVVIHRGLVYNYDFPEYGAMKPGAFGDI,0
231,IERREGNDVCYPGKFVNEEALRQILRGSGGIDKETMGFTYSGIRTNGTTSACRRSGSSFYAEMEWLLSNTDNASFPQMTKSYKNTRRESALIVWGIHHSGSTTEQTKLYGSGNKLITVGSSKYHQSFVPSPGTRPQINGQSGRIDFHWLILDPNDTVTFS,0
232,PGYKLGDDLLQCHPAVKFPCGRPWKRMEKKRSHLKRDTEDQEDQVDPRLIDGKMTRRGDSPWQVVLLDSKKKLACGAVLIHPSWVLTAAHCMDESKKLLVRLGEYDLRRWEKWELDLDIKEVFVHPNYSKSTTDNDIALLHLAQPATLSQTIVPICLPDS,0
233,RMEKKRSHLKRDTEDQEDQVDPRLIDGKMTRRGDSPWQVVLLDSKKKLACGAVLIHPSWVLTAAHCMDESKKLLVRLGEYDLRRWEKWELDLDIKEVFVHPNYSKSTTDNDIALLHLAQPATLSQTIVPICLPDSGLAERELNQAGQETLVTGWGYHSSR,0
234,PNYSKSTTDNDIALLHLAQPATLSQTIVPICLPDSGLAERELNQAGQETLVTGWGYHSSREKEAKRNRTFVLNFIKIPVVPHNECSEVMSNMVSENMLCAGILGDRQDACEGDSGGPMVASFHGTWFLVGLVSWGEGCGLLHNYGVYTKVSRYLDWIHGH,0
235,FPCGRPWKRMEKKRSHLKRDTEDQEDQVDPRLIDGKMTRRGDSPWQVVLLDSKKKLACGAVLIHPSWVLTAAHCMDESKKLLVRLGEYDLRRWEKWELDLDIKEVFVHPNYSKSTTDNDIALLHLAQPATLSQTIVPICLPDSGLAERELNQAGQETLVT,0
236,FMTQEGTLTSDPYDFANSWALSSGEQWCERASPPSSSCNISSGEMQKGLWEQCQLLKSTSVFARCHPLVDPEPFVALCEKTLCECAGGLECACPALLEYARTCAQEGMVLYGWTDHSACSPVCPAGMEYRQCVSPCARTCQSLHINEMCQERCVDGCSCP,0
237,FQNGKRVSLSVYLGEFFDIHLFVNGTVTQGDQRVSMPYASKGLYLETEAGYYKLSGEAYGFVARIDGSGNFQVLLSDRYFNKTCGLCGNFNIFAEDDFMTQEGTLTSDPYDFANSWALSSGEQWCERASPPSSSCNISSGEMQKGLWEQCQLLKSTSVFA,0
238,YLETEAGYYKLSGEAYGFVARIDGSGNFQVLLSDRYFNKTCGLCGNFNIFAEDDFMTQEGTLTSDPYDFANSWALSSGEQWCERASPPSSSCNISSGEMQKGLWEQCQLLKSTSVFARCHPLVDPEPFVALCEKTLCECAGGLECACPALLEYARTCAQE,0
239,FKSFDNRYFTFSGICQYLLARDCQDHSFSIVIETVQCADDRDAVCTRSVTVRLPGLHNSLVKLKHGAGVAMDGQDVQLPLLKGDLRIQHTVTASVRLSYGEDLQMDWDGRGRLLVKLSPVYAGKTCGLCGNYNGNQGDDFLTPSGLAEPRVEDFGNAWKL,0
240,LVGNKGCSHPSVKCKKRVTILVEGGEIELFDGEVNVKRPMKDETHFEVVESGRYIILLLGKALSVVWDRHLSISVVLKQTYQEKVCGLCGNFDGIQNNDLTSSNLQVEEDPVDFGNSWKVSSQCADTRKVPLDSSPATCHNNIMKQTMVDSSCRILTSDV,0
241,EAEFEVLKAFVVDMMERLRISQKWVRVAVVEYHDGSHAYIGLKDRKRPSELRRIASQVKYAGSQVASTSEVLKYTLFQIFSKIDRPEASRITLLLMASQEPQRMSRNFVRYVQGLKKKKVIVIPVGIGPHANLKQIRLIEKQAPENKAFVLSSVDELEQQ,0
242,PKRNSMVLDVAFVLEGSDKIGEADFNRSKEFMEEVIQRMDVGQDSIHVTVLQYSYMVTVEYPFSEAQSKGDILQRVREIRYQGGNRTNTGLALRYLSDHSFLVSQGDREQAPNLVYMVTGNPASDEIKRLPGDIQVVPIGVGPNANVQELERIGWPNAPI,0
243,FQDCNKLVDPEPYLDVCIYDTCSCESIGDCACFCDTIAAYAHVCAQHGKVVTWRTATLCPQSCEERNLRENGYECEWRYNSCAPACQVTCQHPEPLACPVQCVEGCHAHCPPGKILDELLQTCVDPEDCPVCEVAGRRFASGKKVTLNPSDPEHCQICHC,0
244,CPLGYLASTATNDCGCTTTTCLPDKVCVHRSTIYPVGQFWEEGCDVCTCTDMEDAVMGLRVAQCSQKPCEDSCRSGFTYVLHEGECCGRCLPSACEVVTGSPRGDSQSSWKSVGSQWASPENPCLINECVRVKEEVFIQQRNVSCPQLEVPVCPSGFQLS,0
245,NVKRPMKDETHFEVVESGRYIILLLGKALSVVWDRHLSISVVLKQTYQEKVCGLCGNFDGIQNNDLTSSNLQVEEDPVDFGNSWKVSSQCADTRKVPLDSSPATCHNNIMKQTMVDSSCRILTSDVFQDCNKLVDPEPYLDVCIYDTCSCESIGDCACFC,0
246,TQCIGEDGVQHQFLEAWVPDHQPCQICTCLSGRKVNCTTQPCPTAKAPTCGLCEVARLRQNADQCCPEYECVCDPVSCDLPPVPHCERGLQPTLTNPGECRPNFTCACRKEECKRVSPPSCPPHRLPTLRKTQCCDEYECACNCVNSTVSCPLGYLASTA,0
247,LFPGECQYVLVQDYCGSNPGTFRILVGNKGCSHPSVKCKKRVTILVEGGEIELFDGEVNVKRPMKDETHFEVVESGRYIILLLGKALSVVWDRHLSISVVLKQTYQEKVCGLCGNFDGIQNNDLTSSNLQVEEDPVDFGNSWKVSSQCADTRKVPLDSSP,0
248,VRYLTSEMHGARPGASKAVVILVTDVSVDSVDAAADAARSNRVTVFPIGIGDRYDAAQLRILAGPAGDSNVVKLQRIEDLPTMVTLGNSFLHKLCSGFVRICMDEDGNEKRPGDVWTLPDQCHTVTCQPDGQTLLKSHRVNCDRGLRPSCPNSQSPVKVE,0
249,AGFAILKCNNKTFNGTGPCTNVSTVQCTHGIRPVVSTQLLLNGSLAEEEVVIRSVNFTDNAKTIIVQLNTSVEINCTRPNNNTRKRIRIQRGPGRAFVTIGKIGNMRQAHCNISRAKWNNTLKQIASKLREQFGNNKTIIFKQSSGGDPEIVTHSFNCGG,0
250,ELDKWASLWNWFNITNWLWYIKLFIMIVGGLVGLRIVFAVLSIVNRVRQGYSPLSFQTHLPTPRGPDRPEGIEEEGGERDRDRSIRLVNGSLALIWDDLRSLCLFSYHRLRDLLLIVTRIVELLGRRGWEALKYWWNLLQYWSQELKNSAVSLLNATAIA,0
251,LRRSKRCSCSSLMDKECVYFCHLDIIWVNTPEHVVPYGLGSPRSKRALENLLPTKATDRENRCQCASQKDKKCWNFCQAGKELRAEDIMEKDWNNHKKGKDCSKLGKKCIYQQLVRGRKIRRSSEEHLRQTRSETMRNSVKSSFHDPKLKGKPSRERYVT,0
252,ILLMFKTRPEDFRDLSFPKLIMITDYLLLFRVYGLESLKDLFPNLTVIRGSRLFFNYALVIFEMVHLKELGLYNLMNITRGSVRIEKNNELCYLATIDWSRILDSVEDNYIVLNKDDNEECGDICPGTAKGKTNCPATVINGQFVERCWTHSHCQKVCPT,0
253,KLCLSEIHKMEEVSGTKGRQERNDIALKTNGDQASCENELLKFSYIRTSFDKILLRWEPYWPPDFRDLLGFMLFYKEAPYQNVTEFDGQDACGSNSWTVVDIDPPLRSNDPKSQNHPGWLMRGLKPWTQYAIFVKTLVTFSDERRTYGAKSDIIYVQTDA,0
254,HLKELGLYNLMNITRGSVRIEKNNELCYLATIDWSRILDSVEDNYIVLNKDDNEECGDICPGTAKGKTNCPATVINGQFVERCWTHSHCQKVCPTICKSHGCTAEGLCCHSECLGNCSQPDDPTKCVACRNFYLDGRCVETCPPPYYHFQDWRCVNFSFC,0
255,HEIFENNVVHLMWQEPKEPNGLIVLYEVSYRRYGDEELHLCVSRKHFALERGCRLRGLSPGNYSVRIRATSLAGNGSWTEPTYFYVTDYLDVPSNIAKIIIGPLIFVFLFSVVIGSIYLFLRKRQPDGPLGPLYASSNPEYLSASDVFPCSVYVPDEWEV,0
256,VPDEWEVSREKITLLRELGQGSFGMVYEGNARDIIKGEAETRVAVKTVNESASLRERIEFLNEASVMKGFTCHHVVRLLGVVSKGQPTLVVMELMAHGDLKSYLRSLRPEAENNPGRPPPTLQEMIQMAAEIADGMAYLNAKKFVHRDLAARNCMVAHDF,0
257,IVGPVTHEIFENNVVHLMWQEPKEPNGLIVLYEVSYRRYGDEELHLCVSRKHFALERGCRLRGLSPGNYSVRIRATSLAGNGSWTEPTYFYVTDYLDVPSNIAKIIIGPLIFVFLFSVVIGSIYLFLRKRQPDGPLGPLYASSNPEYLSASDVFPCSVYV,0
258,PANISRQAHILLDCGEDNVCKPKLEVSVDSDQKKIYIGDDNPLTLIVKAQNQGEGAYEAELIVSIPLQADFIGVVRNNEALARLSCAFKTENQTRQVVCDLGNPMKAGTQLLAGLRFSVHQQSEMDTSVKFDLQIQSSNLFDKVSPVVSHKVDLAVLAAV,0
259,GLEVYPSILNQDNKTCSLPGTALKVSCFNVRFCLKADGKGVLPRKLNFQVELLLDKLKQKGAIRRALFLYSRSPSHSKNMTISRGGLMQCEELIAYLRDESEFRDKLTPITIFMEYRLDYRTAADTTGLQPILNQFTPANISRQAHILLDCGEDNVCKPK,0
260,WQGQLISDQVAEIVSKYDPNVYSIKYNNQLATRTAQAIFDDSYLGYSVAVGDFNGDGIDDFVSGVPRAARTLGMVYIYDGKNMSSLYNFTGEQMAAYFGFSVAATDINGDDYADVFIGAPLFMDRGSDGKLQEVGQVSVSLQRASGDFQTTKLNGFEVFA,0
261,DDFVSGVPRAARTLGMVYIYDGKNMSSLYNFTGEQMAAYFGFSVAATDINGDDYADVFIGAPLFMDRGSDGKLQEVGQVSVSLQRASGDFQTTKLNGFEVFARFGSAIAPLGDLDQDGFNDIAIAAPYGGEDKKGIVYIFNGRSTGLNAVPSQILEGQWA,0
262,SFGYSMKGATDIDKNGYPDLIVGAFGVDRAILYRARPVITVNAGLEVYPSILNQDNKTCSLPGTALKVSCFNVRFCLKADGKGVLPRKLNFQVELLLDKLKQKGAIRRALFLYSRSPSHSKNMTISRGGLMQCEELIAYLRDESEFRDKLTPITIFMEYR,0
263,PLLTRLLNTQIYRVDSISYNIQNREWYIPLPSHIMTKGAFLGGADVKECIEAFSSYICPSDPGFVLNHEMESCLSGNISQCPRTVVKSDIVPRYAFVNGGVVANCITTTCTCNGIGNRINQPPDQGVKIITHKECNTIGINGMLFNTNKEGTLAFYTPND,0
264,ELTNIFGDNIGSLQEKGIKLQGIASLYRTNITEIFTTSTVDKYDIYDLLFTESIKVRVIDVDLNDYSITLQVRLPLLTRLLNTQIYRVDSISYNIQNREWYIPLPSHIMTKGAFLGGADVKECIEAFSSYICPSDPGFVLNHEMESCLSGNISQCPRTVV,0
265,SQDPGALMAPIYTYTKNFRLSQDDIKGIQELYGASPDIDLGTGPTPTLGPVTPEICKQDIVFDGIAQIRGEIFFFKDRFIWRTVTPRDKPMGPLLVATFWPELPEKIDAVYEAPQEEKAVFFAGNEYWIYSASTLERGYPKPLTSLGLPPDVQRVDAAFN,0
266,WRTVTPRDKPMGPLLVATFWPELPEKIDAVYEAPQEEKAVFFAGNEYWIYSASTLERGYPKPLTSLGLPPDVQRVDAAFNWSKNKKTYIFAGDKFWRYNEVKKKMDPGFPKLIADAWNAIPDNLDAVVDLQGGGHSYFFKGAYYLKLENQSLKSVKFGSI,0
267,VSNSILECYTPAQTISTEFAVKLKIDLANRETSIFSYREDPIVYEIHPTKSFISGGSTITGVGKNLNSVSVPRMVINVHEAGRNFTVACQHRSNSEIICCTTPSLQQLNLQLPLKTKAFFMLDGILSKYFDLIYVHNPVFKPFEKPVMISMGNENVLEIK,0
268,SLNRITDIGEVSQFLTEGIIMKDFSHPNVLSLLGICLRSEGSPLVVLPYMKHGDLRNFIRNETHNPTVKDLIGFGLQVAKGMKYLASKKFVHRDLAARNCMLDEKFTVKVADFGLARDMYDKEYYSVHNKTGAKLPVKWMALESLQTQKFTTKSDVWSFG,0
269,TSISTFIKGDLTIANLGTSEGRFMQVVVSRSGPSTPHVNFLLDSHPVSPEVIVEHTLNQNGYTLVITGKKITKIPLNGLGCRHFQSCSQCLSAPPFVQCGWCHDKCVRSEECLSGTWTQQICLPAIYKVFPNSAPLEGGTRLTICGWDFGFRRNNKFDLK,0
270,SISPKYGPMAGGTLLTLTGNYLNSGNSRHISIGGKTCTLKSVSNSILECYTPAQTISTEFAVKLKIDLANRETSIFSYREDPIVYEIHPTKSFISGGSTITGVGKNLNSVSVPRMVINVHEAGRNFTVACQHRSNSEIICCTTPSLQQLNLQLPLKTKAF,0
271,TGHDEFGRFGSSLTPLGDLDQDGYNDVAIGAPFGGETQQGVVFVFPGGPGGLGSKPSQVLQPLWAASHTPDFFGSALRGGRDLDGNGYPDLIVGSFGVDKAVVYRGRPIVSASASLTIFPAMFNPEERSCSLEGNPVACINLSFCLNASGKHVADSIGFT,0
272,GVLQGGAVYLCPWGASPTQCTPIEFDSKGSRLLESSLSSSEGEEPVEYKSLQWFGATVRAHGSSILACAPLYSWRTEKEPLSDPVGTCYLSTDNFTRILEYAPCRSDFSWAAGQGYCQGGFSAEFTKTGRVVLGGPGSYFWQGQILSATQEQIAESYYPE,0
273,GYPDLIVGSFGVDKAVVYRGRPIVSASASLTIFPAMFNPEERSCSLEGNPVACINLSFCLNASGKHVADSIGFTVELQLDWQKQKGGVRRALFLASRQATLTQTLLIQNGAREDCREMKIYLRNESEFRDKLSPIHIALNFSLDPQAPVDSHGLRPALHY,0
274,NPVACINLSFCLNASGKHVADSIGFTVELQLDWQKQKGGVRRALFLASRQATLTQTLLIQNGAREDCREMKIYLRNESEFRDKLSPIHIALNFSLDPQAPVDSHGLRPALHYQSKSRIEDKAQILLDCGEDNICVPDLQLEVFGEQNHVYLGDKNALNLT,0
275,IVGMMGQWQISGLANGWVIMGPGYNGEIKPGTASNTWCYPTNPVTGEIPTLSALDIPDGDEVDVQWRLVHDSANFIKPTSYLAHYLGYAWVGGNHSQYVGEDMDVTRDGDGWVIRGNNDGGCDGYRCGDKTAIKVSNFAYNLDPDSFKHGDVTQSDRQLV,0
276,YAWVGGNHSQYVGEDMDVTRDGDGWVIRGNNDGGCDGYRCGDKTAIKVSNFAYNLDPDSFKHGDVTQSDRQLVKTVVGWAVNDSDTPQSGYDVTLRYDTATNWSKTNTYGLSEKVTTKNKFKWPLVGETELSIEIAANQSWASQNGGSTTTSLSQSVRPT,0
277,LGLNPNHIHIYSASWGPEDDGKTVDGPARLAEEAFFRGVSQGRGGLGSIFVWASGNGGREHDSCNCDGYTNSIYTLSISSATQFGNVPWYSEACSSTLATTYSSGNQNEKQIVTTDLRQKCTESHTGTSASAPLAAGIIALTLEANKNLTWRDMQHLVVQ,0
278,LDGEVTDAVEARSLGLNPNHIHIYSASWGPEDDGKTVDGPARLAEEAFFRGVSQGRGGLGSIFVWASGNGGREHDSCNCDGYTNSIYTLSISSATQFGNVPWYSEACSSTLATTYSSGNQNEKQIVTTDLRQKCTESHTGTSASAPLAAGIIALTLEANK,0
279,EVRKTVTACLGEPNHITRLEHAQARLTLSYNRRGDLAIHLVSPMGTRSTLLAARPHDYSADGFNDWAFMTTHSWDEDPSGEWVLEIENTSEANNYGTLTKFTLVLYGTAPEGLPVPPESSGCKTLTSSQACVVCEEGFSLHQKSCVQHCPPGFAPQVLDT,0
280,REPQVQWLEQQVAKRRTKRDVYQEPTDPKFPQQWYLSGVTQRDLNVKAAWAQGYTGHGIVVSILDDGIEKNHPDLAGNYDPGASFDVNDQDPDPQPRYTQMNDNRHGTRCAGEVAAVANNGVCGVGVAYNARIGGVRMLDGEVTDAVEARSLGLNPNHIH,0
281,FGNVPWYSEACSSTLATTYSSGNQNEKQIVTTDLRQKCTESHTGTSASAPLAAGIIALTLEANKNLTWRDMQHLVVQTSKPAHLNANDWATNGVGRKVSHSYGYGLLDAGAMVALAQNWTTVAPQRKCIIDILTEPKDIGKRLEVRKTVTACLGEPNHIT,0
282,PNHITRLEHAQARLTLSYNRRGDLAIHLVSPMGTRSTLLAARPHDYSADGFNDWAFMTTHSWDEDPSGEWVLEIENTSEANNYGTLTKFTLVLYGTAPEGLPVPPESSGCKTLTSSQACVVCEEGFSLHQKSCVQHCPPGFAPQVLDTHYSTENDVETIR,0
283,NPMCDEFLNVPEWSYIVEKDNPVNGLCYPGDFNDYEELKHLLSCTKHFEKIRIIPRDSWPNHEASLGVSSACPYNGRSSFFRNVVWLIKKDNAYPTIKRSYNNTNKEDLLILWGIHHPNDAAEQTKLYQNPTTYVSVGTSTLNQRSIPKIATRPKLNGQS,0
284,CYKHGGCPLTGMLQQNLIRVSAMKNGQLFYNLTVSVAKYPTFRSFQCVNNLTSVYLNGDLVYTSNETIDVTSAGVYFKAGGPITYKVMREVKALAYFVNGTAQDVILCDGSPRGLLACQYNTGNFSDGFYPFTNSSLVKQKFIVYRENSVNTTCTLHNFI,0
285,AYAVVNISSEFNNAGSSSGCTVGIIHGGRVVNASSIAMTAPSSGMAWSSSQFCTAHCNFSDTTVFVTHCYKHGGCPLTGMLQQNLIRVSAMKNGQLFYNLTVSVAKYPTFRSFQCVNNLTSVYLNGDLVYTSNETIDVTSAGVYFKAGGPITYKVMREVK,0
286,TKPAGFNTPVLSNVSTGEFNISLLLTNPSSRRKRSLIEDLLFTSVESVGLPTNDAYKNCTAGPLGFFKDLACAREYNGLLVLPPIITAEMQALYTSSLVASMAFGGITAAGAIPFATQLQARINHLGITQSLLLKNQEKIAASFNKAIGHMQEGFRSTSL,0
287,IQDVVSKQSAILTETMASLNKNFGAISSVIQEIYQQFDAIQANAQVDRLITGRLSSLSVLASAKQAEYIRVSQQRELATQKINECVKSQSIRYSFCGNGRHVLTIPQNAPNGIVFIHFSYTPDSFVNVTAIVGFCVKPANASQYAIVPANGRGIFIQVNG,0
288,HWIPLVASLGLLAGGSFASAAEEAFDLWNECAKACVLDLKDGVRSSRMSVDPAIADTNGQGVLHYSMVLEGGNDALKLAIDNALSITSDGLTIRLEGGVEPNKPVRYSYTRQARGSWSLNWLVPIGHEKPSNIKVFIHELNAGNQLSHMSPIYTIEMGDE,0
289,RGTQNWTVERLLQAHRQLEERGYVFVGYHGTFLEAAQSIVFGGVRARSQDLDAIWRGFYIAGDPALAYGYAQDQEPDARGRIRNGALLRVYVPRSSLPGFYRTGLTLAAPEAAGEVERLIGHPLPLRLDAITGPEEEGGRLETILGWPLAERTVVIPSAI,0
290,IRFERNIVCTSMKPINEDLDEGIMVVYKRNIVAHTFKVRVYQKVLTFRRSYAYIHTTYLLGSNTEYVAPPMWEIHHINSHSQCYSSYSRVIAGTVFVAYHRDSYENKTMQLMPDDYSNTHSTRYVTVKDQWHSRGSTWLYRETCNLNCMVTITTARSKYP,0
291,SRVIAGTVFVAYHRDSYENKTMQLMPDDYSNTHSTRYVTVKDQWHSRGSTWLYRETCNLNCMVTITTARSKYPYHFFATSTGDVVDISPFYNGTNRNASYFGENADKFFIFPNYTIVSDFGRPNSALETHRLVAFLERADSVISWDIQDEKNVTCQLTFW,0
292,RTEECQLPSLKIFIAGNSAYEYVDYLFKRMIDLSSISTVDSMIALDIDPLENTDFRVLELYSQKELRSSNVFDLEEIMREFNSYKQRVKYVEDKVVDPLPPYLKGLDDLMSGLGAAGKAVGVAIGAVGGAVASVVEGVATFLKNPFGAFTIILVAIAVVI,0
293,RPVVIFNFANSSYVQYGQLGEDNEILLGNHRTEECQLPSLKIFIAGNSAYEYVDYLFKRMIDLSSISTVDSMIALDIDPLENTDFRVLELYSQKELRSSNVFDLEEIMREFNSYKQRVKYVEDKVVDPLPPYLKGLDDLMSGLGAAGKAVGVAIGAVGGA,0
294,TSTSRTHTSEVHGNAEVHASFFDIGGSVSAGFSNSNSSTVAIDHSLSLAGERTWAETMGLNTADTARLNANIRYVNTGTAPIYNVLPTTSLVLGKNQTLATIKAKENQLSQILAPNNYYPSKNLAPIALNAQDDFSSTPITMNYNQFLELEKTKQLRLDT,0
295,FLELEKTKQLRLDTDQVYGNIATYNFENGRVRVDTGSNWSEVLPQIQETTARIIFNGKDLNLVERRIAAVNPSDPLETTKPDMTLKEALKIAFGFNEPNGNLQYQGKDITEFDFNFDQQTSQNIKNQLAELNATNIYTVLDKIKLNAKMNILIRDKRFHY,0
296,DMENIILSKNEDQSTQNTDSQTRTISKNTSTSRTHTSEVHGNAEVHASFFDIGGSVSAGFSNSNSSTVAIDHSLSLAGERTWAETMGLNTADTARLNANIRYVNTGTAPIYNVLPTTSLVLGKNQTLATIKAKENQLSQILAPNNYYPSKNLAPIALNAQ,0
297,DKDECSKDNGGCQQDCVNTFGSYECQCRSGFVLHDNKHDCKEAGCDHKVTSTSGTITSPNWPDKYPSKKECTWAISSTPGHRVKLTFMEMDIESQPECAYDHLEVFDGRDAKAPVLGRFCGSKKPEPVLATGSRMFLRFYSDNSVQRKGFQASHATECGG,0
298,PDRDRHVSIVRENIQPGQEYNFLKMEPQEVESLGETYDFDSIMHYARNTFSRGIFLDTIVPKYEVNGVKPPIGQRTRLSKGDIAQARKLYKCPACGETLQDSTGNFSSPEYPNGYSAHMHCVWRISVTPGEKIILNFTSLDLYRSRLCWYDYVEVRDGFW,0
299,PQHEQIGKAYIFSIDEKELNILHEMKGKKLGSYFGASVCAVDLNADGFSDLLVGAPMQSTIREEGRVFVYINSGSGAVMNAMETNLVGSDKYAARFGESIVNLGDIDNDGFEDVAIGAPQEDDLQGAIYIYNGRADGISSTFSQRIEGLQISKSLSMFGQ,0
300,AAVRETVMLLLCLGVPTGRPYNVDTESALLYQGPHNTLFGYSVVLHSHGANRWLLVGAPTANWLANASVINPGAIYRCRIGKNPGQTCEQLQLGSPNGEPCGKTCLEERDNQWLGVTLSRQPGENGSIVTCGHRWKNIFYIKNENKLPTGGCYGVPPDLR,0
301,EEDLSITVHATCENEEEMDNLKHSRVTVAIPLKYEVKLTVHGFVNPTSFVYGSNDENEPETCMVEKMNLTFHVINTGNSMAPNVSVEIMVPNSFSPQTDKLFNILDVQTTTGECHFENYQRVCALEQQKSAMQTLKGIVRFLSKTDKRLLYCIKADPHCL,0
302,EDVVRFEVGLHECGNSMQVTDDALVYSTFLLHDPRPVGNLSIVRTNRAEIPIECRYPRQGNVSSQAILPTWLPFRTTVFSEEKLTFSLRLMEENWNAEKRSPTFHLGDAAHLQAEIHTGSHVPLRLFVDHCVATPTPDQNASPYHTIVDFHGCLVDGLTD,0
303,VSHSYGYGLLDAGAMVALAQNWTTVAPQRKCIVEILVEPKDIGKRLEVRKAVTACLGEPNHITRLEHVQARLTLSYNRRGDLAIHLISPMGTRSTLLAARPHDYSADGFNDWAFMTTHSWDEDPAGEWVLEIENTSEANNYGTLTKFTLVLYGTAPEGLS,0
304,SSGCKTLTSSQACVVCEEGYSLHQKSCVQHCPPGFIPQVLDTHYSTENDVEIIRASVCTPCHASCATCQGPAPTDCLSCPSHASLDPVEQTCSRQSQSSRESRPQQQPPALRPEVEMEPRLQAGLASHLPEVLAGLSCLIIVLIFGIVFLFLHRCSGFSF,0
305,IEKNHPDLAGNYDPGASFDVNDQDPDPQPRYTQMNDNRHGTRCAGEVAAVANNGVCGVGVAYNARIGGVRMLDGEVTDAVEARSLGLNPNHIHIYSASWGPEDDGKTVDGPARLAEEAFFRGVSQGRGGLGSIFVWASGNGGREHDSCNCDGYTNSIYTL,0
306,DDGIEKNHPDLAGNYDPGASFDVNDQDPDPQPRYTQMNDNRHGTRCAGEVAAVANNGVCGVGVAYNARIGGVRMLDGEVTDAVEARSLGLNPNHIHIYSASWGPEDDGKTVDGPARLAEEAFFRGVSQGRGGLGSIFVWASGNGGREHDSCNCDGYTNSI,0
307,LVLYGTAPEGLSTPPESSGCKTLTSSQACVVCEEGYSLHQKSCVQHCPPGFIPQVLDTHYSTENDVEIIRASVCTPCHASCATCQGPAPTDCLSCPSHASLDPVEQTCSRQSQSSRESRPQQQPPALRPEVEMEPRLQAGLASHLPEVLAGLSCLIIVLI,0
308,DGYTNSIYTLSISSATQFGNVPWYSEACSSTLATTYSSGNQNEKQIVTTDLRQKCTESHTGTSASAPLAAGIIALTLEANKNLTWRDMQHLVVQTSKPAHLNANDWATNGVGRKVSHSYGYGLLDAGAMVALAQNWTTVAPQRKCIIEILAEPKDIGKRL,0
309,GVAYNARIGGVRMLDGEVTDAVEARSLGLNPNHIHIYSASWGPEDDGKTVDGPARLAEEAFFRGVSQGRGGLGSIFVWASGNGGREHDSCNCDGYTNSIYTLSISSATQFGNVPWYSEACSSTLATTYSSGNQNEKQIVTTDLRQKCTESHTGTSASAPL,0
310,EANKNLTWRDMQHLVVQTSKPAHLNANDWATNGVGRKVSHSYGYGLLDAGAMVALAQNWTTVAPQRKCIIEILAEPKDIGKRLEVRKTVTACLGEPNHISRLEHVQARLTLSYNRRGDLAIHLISPMGTRSTLLAARPHDYSADGFNDWAFMTTHSWDED,0
311,IIEILAEPKDIGKRLEVRKTVTACLGEPNHISRLEHVQARLTLSYNRRGDLAIHLISPMGTRSTLLAARPHDYSADGFNDWAFMTTHSWDEDPSGEWVLEIENTSEANNYGTLTKFTLVLYGTASEGLSAPPESSGCKTLTSSQACVVCEEGFSLHQKSC,0
312,GTRCAGEVAAVANNGVCGVGVAYNARIGGVRMLDGEVTDAVEARSLGLNPNHIHIYSASWGPEDDGKTVDGPARLAEEAFFRGVSQGRGGLGSIFVWASGNGGREHDSCNCDGYTNSIYTLSISSATQFGNVPWYSEACSSTLATTYSSGNQNEKQIVTT,0
313,ANKNLTWRDMQHLVVQTSKPAHLNANDWATNGVGRKVSHSYGYGLLDAGAMVALAQNWTTVAPQRKCIIEILAEPKDIGKRLEVRKTVTACLGEPNHISRLEHVQARLTLSYNRRGDLAIHLISPMGTRSTLLAARPHDYSADGFNDWAFMTTHSWDEDP,0
314,VADSVARKHGFHNLGQIFGDYYHFWHRAVTKRSLSPHRPRHSRLQRVPQVKWLEQQVAKQRAKRDVYQEPTDPKFPQQWYLSGVTQRDLNVKEAWAQGFTGRGIVVSILDDGIEKNHPDLAGNYDPGASFDVNDQDPDPQPRYTQMNDNRHGTRCAGEVA,0
315,FKAGFVWRLRGGQLQPGYPALASRHWQGLPSPVDAAFEDAQGHIWFFQGAQYWVYDGEKPVLGPAPLTELGLVRFPVHAALVWGPEKNKIYFFRGRDYWRFHPSTRRVDSPVPRRATDWRGVPSEIDAAFQDADGYAYFLRGRLYWKFDPVKVKALEGFP,0
316,PKNITIVTGAPRHRHMGAVFLLSQEAGGDLRRRQVLEGSQVGAYFGSAIALADLNNDGWQDLLVGAPYYFERKEEVGGAIYVFMNQAGTSFPAHPSLLLHGPSGSAFGLSVASIGDINQDGFQDIAVGAPFEGLGKVYIYHSSSKGLLRQPQQVIHGEKL,0
317,MNITVKNDPGHHIIEDMWLGVTVASQGPAGRVLVCAHRYTQVLWSGSEDQRRMVGKCYVRGNDLELDSSDDWQTYHNEMCNSNTDYLETGMCQLGTSGGFTQNTVYFGAPGAYNWKGNSYMIQRKEWDLSEYSYKDPEDQGNLYIGYTMQVGSFILHPKN,0
318,AGRVLVCAHRYTQVLWSGSEDQRRMVGKCYVRGNDLELDSSDDWQTYHNEMCNSNTDYLETGMCQLGTSGGFTQNTVYFGAPGAYNWKGNSYMIQRKEWDLSEYSYKDPEDQGNLYIGYTMQVGSFILHPKNITIVTGAPRHRHMGAVFLLSQEAGGDLR,0
319,GSIYVWASGNGGREHDSCNCDGYTNSIYTLSISSTTQMGNVPWYSEACSSTLATTYSSGNQNEKQIVTTDLRQKCTDSHTGTSASAPLAAGIIALALEANKNLTWRDMQHLVVQTSNPAGLNANDWITNGVGRKVSHSYGYGLLDAGAMVAMAKTWVTVG,0
320,ALALEANKNLTWRDMQHLVVQTSNPAGLNANDWITNGVGRKVSHSYGYGLLDAGAMVAMAKTWVTVGPQRKYVIDILSEPKDIGKALEVRRKVEPCAGMSNYISTLEHVQARLSLSYNCRGDLAIYLTSPMGTRSCLLAPRPHDYSADGFNDWSFMTTHS,0
321,SSGNQNEKQIVTTDLRQKCTDSHTGTSASAPLAAGIIALALEANKNLTWRDMQHLVVQTSNPAGLNANDWITNGVGRKVSHSYGYGLLDAGAMVAMAKTWVTVGPQRKYVIDILSEPKDIGKALEVRRKVEPCAGMSNYISTLEHVQARLSLSYNCRGDL,0
322,EEELCSGKPFDAFTDLKNGSLFAFRGQYCYELDETAVRPGYPKLIQDVWGIEGPIDAAFTRINCQGKTYLFKGSQYWRFEDGVLDPGYPRNISEGFSGIPDNVDAAFALPAHRYSGRERVYFFKGKQYWEYEFQQQPSQEECEGSSLSAVFEHFALLQRD,0
323,GWPLSKMDIGVPLLAIGCYSQVNPTTLTAALFLLVAHYAIIGPALQAKASREAQKRAAAGIMKNPTVDGITVIDLDPIPYDPKFEKQLGQVMLLVLCVTQVLMMRTTWALCEVLTLATGPISTLWEGNPGRFWNTTIAVSMANIFRGSYLAGAGLLFSIM,0
324,PRGTVMDIISRRDQRGSGQVGTYGLNTFTNMEAQLIRQMEGEGVFKSIQHLTITEEIAVQNWLARVGRERLSRMAISGDDCVVKPLDDRLPSALTALNDTGKIRKDIQQWEPSRGWNDWTQVPFCSHHFHELIMKDGRVLVVPCRNQDELIGRARISQGA,0
325,ISTLWEGNPGRFWNTTIAVSMANIFRGSYLAGAGLLFSIMKNTTNARRGTGNIGETLGEKWKSRLNALGKSEFQIYKKSGIQEVDRTLAKEGIKRGETDHHAVSRGSAKLRWFVERNMVTPEGKVVDLGCGRGGWSYYCGGLKNVREVKGLTKGGPGHEE,0
326,IQKAHEEGICGIRSVTRLENLMWKQITPELNHILSENEVKLTIMTGDIKGIMQAGKRSLRPQPTELKYSWKTWGKAKMLSTESHNQTFLIDGPETAECPNTNRAWNSLEVEDYGFGVFTTNIWLKLKEKQDVFCDSKLMSAAIKDNRAVHADMGYWIESA,0
327,LKEKEENLVNSLVTAGHGQVDNFSLGVLGMALFLEEMLRTRVGTKHAILLVAVSFVTLIIGNMSFRDLGRVMVMVGATMTDDIGMGVTYLALLAAFKVRPTFAAGLLLRKLTSKALMMTTIGIVLSSQSTTPETILELTDALALGMMVLKMVRNMEKYQL,0
328,FKSIQHLTITEEIAVQNWLARVGRERLSRMAISGDDCVVKPLDDRLPSALTALNDTGKIRKDIQQWEPSRGWNDWTQVPFCSHHFHELIMKDGRVLVVPCRNQDELIGRARISQGAGWSLRETACLGKSYDQMWSLMYFHRRDLRLAANAICSAVPSHWV,0
329,GTRNIGIESEIPNLDIIGKRIEKIKQEHETSWHYDQDHPYKTWAYHGSYETKQTGSASSMVNGVFRLLTKPWDVVPMVTQMAMTDTTPFGQQRVFKEKVDTRTQEPKEGTKKLMKITAEWLWKELGKKKTPRMCTREEFTRKVRSNAALGAIFTDENKWK,0
330,GLNPTAIFLTTLSRTSKKRSWPLNEAIMAVGMVSILASSLLKNDIPMTGPLVAGGPLTVCYVLTGRSADLELERAADVKWEDQAEISGSSPILSITISEDGSMSIKNEEEEQTLTILIRTGLLVISGLFPVSIPITAAAWYLWEVKKQRAGVLWDVPSPP,0
331,EEGICGIRSVTRLENLMWKQITPELNHILSENEVKLTIMTGDIKGIMQAGKRSLRPQPTELKYSWKTWGKAKMLSTESHNQTFLIDGPETAECPNTNRAWNSLEVEDYGFGVFTTNIWLKLKEKQDVFCDSKLMSAAIKDNRAVHADMGYWIESALNDTW,0
332,EGIKRGETDHHAVSRGSAKLRWFVERNMVTPEGKVVDLGCGRGGWSYYCGGLKNVREVKGLTKGGPGHEEPIPMSTYGWNLVRLQSGVDVFFIPPEKCDTLLCDIGESSPNPTVEAGRTLRVLNLVENWLNNNTQFCIKVLNPYMPSVIEKMEALQRKYG,0
333,QKAHEEGICGIRSVTRLENLMWKQITPELNHILSENEVKLTIMTGDIKGIMQAGKRSLRPQPTELKYSWKTWGKAKMLSTESHNQTFLIDGPETAECPNTNRAWNSLEVEDYGFGVFTTNIWLKLKEKQDVFCDSKLMSAAIKDNRAVHADMGYWIESAL,0
334,SEFQIYKKSGIQEVDRTLAKEGIKRGETDHHAVSRGSAKLRWFVERNMVTPEGKVVDLGCGRGGWSYYCGGLKNVREVKGLTKGGPGHEEPIPMSTYGWNLVRLQSGVDVFFIPPEKCDTLLCDIGESSPNPTVEAGRTLRVLNLVENWLNNNTQFCIKV,0
335,YGGGWKLEGEWKEGEEVQVLALEPGKNPRAVQTKPGLFKTNAGTIGAVSLDFSPGTSGSPIIDKKGKVVGLYGNGVVTRSGAYVSAIAQTEKSIEDNPEIEDDIFRKRRLTIMDLHPGAGKTKRYLPAIVREAIKRGLRTLILAPTRVVAAEMEEALRGL,0
336,TVLMGLGKGWPLSKMDIGVPLLAIGCYSQVNPTTLTAALFLLVAHYAIIGPALQAKASREAQKRAAAGIMKNPTVDGITVIDLDPIPYDPKFEKQLGQVMLLVLCVTQVLMMRTTWALCEVLTLATGPISTLWEGNPGRFWNTTIAVSMANIFRGSYLAG,0
337,AFSGVSWTMKILIGVIITWIGMNSRSTSLSVTLVLVGIVTLYLGVMVQADSGCVVSWKNKELKCGSGIFITDNVHTWTEQYKFQPESPSKLASAIQKAHEEGICGIRSVTRLENLMWKQITPELNHILSENEVKLTIMTGDIKGIMQAGKRSLRPQPTEL,0
338,RMLMVILLSQVLLGGTNYASLIPDTGKKKVAADIQGGGRRSPQSNELLRDFEVTLLQMFGLRKRPQPSKDVVVPAYMRDLYRLQSAEEEDELHDISMEYPETPTSRANTVRSFHHEEHLENLPGTEENGNFRFVFNLSSIPENEVISSAELRLYREQIDH,0
339,NELLRDFEVTLLQMFGLRKRPQPSKDVVVPAYMRDLYRLQSAEEEDELHDISMEYPETPTSRANTVRSFHHEEHLENLPGTEENGNFRFVFNLSSIPENEVISSAELRLYREQIDHGPAWDEGFHRINIYEVMKPITANGHMINRLLDTRVIHHNVTQWE,0
340,EYPETPTSRANTVRSFHHEEHLENLPGTEENGNFRFVFNLSSIPENEVISSAELRLYREQIDHGPAWDEGFHRINIYEVMKPITANGHMINRLLDTRVIHHNVTQWESFDVSPAIMRWTLDKQINHGLAIEVIHLNQTKTYQGKHVRISRSLLPQKDADW,0
341,RRGRLLEIALGFTVLLASYTSHGADANLEAGNVKETRASRAKRRGGGGHDALKGPNVCGSRYNAYCCPGWKTLPGGNQCIVPICRHSCGDGFCSRPNMCTCPSGQIAPSCGSRSIQHCNIRCMNGGSCSDDHCLCQKGYIGTHCGQPVCESGCLNGGRCV,0
342,GKCRNTIGSFKCRCDSGFALDSEERNCTDIDECRISPDLCGRGQCVNTPGDFECKCDEGYESGFMMMKNCMDIDECQRDPLLCRGGVCHNTEGSYRCECPPGHQLSPNISACIDINECELSAHLCPNGRCVNLIGKYQCACNPGYHSTPDRLFCVDIDEC,0
343,DTRSGNCYLDIRPRGDNGDTACSNEIGVGVSKASCCCSLGKAWGTPCEMCPAVNTSEYKILCPGGEGFRPNPITVILEDIDECQELPGLCQGGKCINTFGSFQCRCPTGYYLNEDTRVCDDVNECETPGICGPGTCYNTVGNYTCICPPDYMQVNGGNNC,0
344,EKQMECKNLIGTYMCICGPGYQRRPDGEGCVDENECQTKPGICENGRCLNTRGSYTCECNDGFTASPNQDECLDNREGYCFTEVLQNMCQIGSSNRNPVTKSECCCDGGRGWGPHCEICPFQGTVAFKKLCPHGRGFMTNGADIDECKVIHDVCRNGECV,0
345,FGAVTKSECCCASTEYAFGEPCQPCPAQNSAEYQALCSSGPGMTSAGSDINECALDPDICPNGICENLRGTYKCICNSGYEVDSTGKNCVDINECVLNSLLCDNGQCRNTPGSFVCTCPKGFIYKPDLKTCEDIDECESSPCINGVCKNSPGSFICECSS,0
346,YHSTPDRLFCVDIDECSIMNGGCETFCTNSEGSYECSCQPGFALMPDQRSCTDIDECEDNPNICDGGQCTNIPGEYRCLCYDGFMASEDMKTCVDVNECDLNPNICLSGTCENTKGSFICHCDMGYSGKKGKTGCTDINECEIGAHNCGKHAVCTNTAGS,0
347,IGRAWNKPCEQCPIPSTDEFATLCGSQRPGFVIDIYTGLPVDIDECREIPGVCENGVCINMVGSFRCECPVGFFYNDKLLVCEDIDECQNGPVCQRNAECINTAGSYRCDCKPGYRFTSTGQCNDRNECQEIPNICSHGQCIDTVGSFYCLCHTGFKTND,0
348,GPCFTVISNQMCQGQLSGIVCTKTLCCATVGRAWGHPCEMCPAQPHPCRRGFIPNIRTGACQDVDECQAIPGLCQGGNCINTVGSFECKCPAGHKLNEVSQKCEDIDECSTIPGICEGGECTNTVSSYFCKCPPGFYTSPDGTRCIDVRPGYCYTALTNG,0
349,SREPPRVLPVNVTDYCQLVRYLCQNGRCIPTPGSYRCECNKGFQLDLRGECIDVDECEKNPCAGGECINNQGSYTCQCRAGYQSTLTRTECRDIDECLQNGRICNNGRCINTDGSFHCVCNAGFHVTRDGKNCEDMDECSIRNMCLNGMCINEDGSFKCI,0
350,CSTIPGICEGGECTNTVSSYFCKCPPGFYTSPDGTRCIDVRPGYCYTALTNGRCSNQLPQSITKMQCCCDAGRCWSPGVTVAPEMCPIRATEDFNKLCSVPMVIPGRPEYPPPPLGPIPPVLPVPPGFPPGPQIPVPRPPVEYLYPSREPPRVLPVNVTD,0
351,STPDRLFCVDIDECSIMNGGCETFCTNSEGSYECSCQPGFALMPDQRSCTDIDECEDNPNICDGGQCTNIPGEYRCLCYDGFMASEDMKTCVDVNECDLNPNICLSGTCENTKGSFICHCDMGYSGKKGKTGCTDINECEIGAHNCGKHAVCTNTAGSFK,0
352,VTKSECCCDGGRGWGPHCEICPFQGTVAFKKLCPHGRGFMTNGADIDECKVIHDVCRNGECVNDRGSYHCICKTGYTPDITGTSCVDLNECNQAPKPCNFICKNTEGSYQCSCPKGYILQEDGRSCKDLDECATKQHNCQFLCVNTIGGFTCKCPPGFTQ,0
353,CLCPEGFSLSSSGRRCQDLRMSYCYAKFEGGKCSSPKSRNHSKQECCCALKGEGWGDPCELCPTEPDEAFRQICPYGSGIIVGPDDSAVDMDECKEPDVCKHGQCINTDGSYRCECPFGYILAGNECVDTDECSVGNPCGNGTCKNVIGGFECTCEEGFE,0
354,GCLNGGRCVAPNRCACTYGFTGPQCERDYRTGPCFTVISNQMCQGQLSGIVCTKTLCCATVGRAWGHPCEMCPAQPHPCRRGFIPNIRTGACQDVDECQAIPGLCQGGNCINTVGSFECKCPAGHKLNEVSQKCEDIDECSTIPGICEGGECTNTVSSYF,0
355,EDIPVAQTKNINHRRFAASFRLQEVTKTDQDLYRCVTQSERGSGVSNFAQLIVREPPRPIAPPQLLGVGPTYLLIQLNANSIIGDGPIILKEVEYRMTSGSWTETHAVNAPTYKLWHLDPDTEYEIRVLLTRPGEGGTGLPGPPLITRTKCAEPMRTPKT,0
356,NANSIIGDGPIILKEVEYRMTSGSWTETHAVNAPTYKLWHLDPDTEYEIRVLLTRPGEGGTGLPGPPLITRTKCAEPMRTPKTLKIAEIQARRIAVDWESLGYNITRCHTFNVTICYHYFRGHNESRADCLDMDPKAPQHVVNHLPPYTNVSLKMILTNP,0
357,RPGEGGTGLPGPPLITRTKCAEPMRTPKTLKIAEIQARRIAVDWESLGYNITRCHTFNVTICYHYFRGHNESRADCLDMDPKAPQHVVNHLPPYTNVSLKMILTNPEGRKESEETIIQTDEDVPGPVPVKSLQGTSFENKIFLNWKEPLEPNGIITQYEV,0
358,DYINANYIDIWLYRDGYQRPSHYIATQGPVHETVYDFWRMVWQEQSACIVMVTNLVEVGRVKCYKYWPDDTEVYGDFKVTCVEMEPLAEYVVRTFTLERRGYNEIREVKQFHFTGWPDHGVPYHATGLLSFIRRVKLSNPPSAGPIVVHCSAGAGRTGCY,0
359,PLAEYVVRTFTLERRGYNEIREVKQFHFTGWPDHGVPYHATGLLSFIRRVKLSNPPSAGPIVVHCSAGAGRTGCYIVIDIMLDMAEREGVVDIYNCVKALRSRRINMVQTEEQYIFIHDAILEACLCGETAIPVCEFKAAYFDMIRIDSQTNSSHLKDEF,0
360,GKAPPKAGSVPSSFLLKKAREPGPPREPKEPFRPPPITPHEYMLSLYRTLSDADRKGGNSSVKLEAGLANTITSFIDKGQDDRGPVVRKQRYVFDISALEKDGLLGAELRILRKKPSDTAKPAAPGGGRAAQLKLSSCPSGRQPAALLDVRSVPGLDGSG,0
361,GRAVDLRGLGFDRAARQVHEKALFLVFGRTKKRDLFFNEIKARSGQDDKTVYEYLFSQRRKRRAPLATRQGKRPSKNLKARCSRKALHVNFKDMGWDDWIIAPLEYEAFHCEGLCEFPLRSHLEPTNHAVIQTLMNSMDPESTPPTCCVPTRLSPISILF,0
362,GPPREPKEPFRPPPITPHEYMLSLYRTLSDADRKGGNSSVKLEAGLANTITSFIDKGQDDRGPVVRKQRYVFDISALEKDGLLGAELRILRKKPSDTAKPAAPGGGRAAQLKLSSCPSGRQPAALLDVRSVPGLDGSGWEVFDIWKLFRNFKNSAQLCLE,0
363,LLTFLLWYLAWLDLEFICTVLGAPDLGQRPQGTRPGLAKAEAKERPPLARNVFRPGGHSYGGGATNANARAKGGTGQTGGLTQPKKDEPKKLPPRPGGPEPKPGHPPQTRQATARTVTPKGQLPGGKAPPKAGSVPSSFLLKKAREPGPPREPKEPFRPP,0
364,RGLPTDKIDAALFWMPNGKTYFFRGNKYYRFNEELRAVDSEYPKNIKVWEGIPESPRGSFMGSDEVFTYFYKGNKYWKFNNQKLKVEPGYPKSALRDWMGCPSGGRPDEGTEEETEVIIIEVDEEGGGAVSAAAVVLPVLLLLLVLAVGLAVFFFRRHGT,0
365,GESGFPTKMPPQPRTTSRPSVPDKPKNPTYGPNICDGNFDTVAMLRGEMFVFKERWFWRVRNNQVMDGYPMPIGQFWRGLPASINTAYERKDGKFVFFKGDKHWVFDEASLEPGYPKHIKELGRGLPTDKIDAALFWMPNGKTYFFRGNKYYRFNEELRA,0
366,LPNDDLQGIQKIYGPPDKIPPPTRPLPTVPPHRSIPPADPRKNDRPKPPRPPTGRPSYPGAKPNICDGNFNTLAILRREMFVFKDQWFWRVRNNRVMDGYPMQITYFWRGLPPSIDAVYENSDGNFVFFKGNKYWVFKDTTLQPGYPHDLITLGSGIPPH,0
367,AVYENSDGNFVFFKGNKYWVFKDTTLQPGYPHDLITLGSGIPPHGIDSAIWWEDVGKTYFFKGDRYWRYSEEMKTMDPGYPKPITVWKGIPESPQGAFVHKENGFTYFYKGKEYWKFNNQILKVEPGYPRSILKDFMGCDGPTDRVKEGHSPPDDVDIVI,0
368,WNIFPVISLYLMGEVTNQSFRITILPQQYLRPVEDVATSQDDCYKFAISQSSTGTVMGAVIMEGFYVVFDRARKRIGFAVSACHVHDEFRTAAVEGPFVTLDMEDCGYNIPQTDESTLMTIAYVMAAICALFMLPLCLMVCQWRCLRCLRQQHDDFADDI,0
369,SIKAASSTEKFPDGFWLGEQLVCWQAGTTPWNIFPVISLYLMGEVTNQSFRITILPQQYLRPVEDVATSQDDCYKFAISQSSTGTVMGAVIMEGFYVVFDRARKRIGFAVSACHVHDEFRTAAVEGPFVTLDMEDCGYNIPQTDESTLMTIAYVMAAICA,0
370,TNLRLPKKVFEAAVKSIKAASSTEKFPDGFWLGEQLVCWQAGTTPWNIFPVISLYLMGEVTNQSFRITILPQQYLRPVEDVATSQDDCYKFAVSQSSTGTVMGAVIMEGFYVVFDRARKRIGFAVSACHVHDEFRTAAVEGPFVTADMEDCGYNIPQTDE,0
371,QAGTTPWNIFPVISLYLMGEVTNQSFRITILPQQYLRPVEDVATSQDDCYKFAVSQSSTGTVMGAVIMEGFYVVFDRARKRIGFAVSACHVHDEFRTAAVEGPFVTADMEDCGYNIPQTDESTLMTIAYVMAAICALFMLPLCLMVCQWRCLRCLRHQHD,0
372,PSEENVSSSDTGPTSEGGLVATTTSGSGLSSSRNPITWPVTPFYNTLTKGPEMEIHSGSGEEREQPEDKDESNPVIWTKIRVPGNDAPVESTEMPLAPPLTPDLSRESWWPPFSTVMEGLLPSQRPTTSETGTPRVEGMVTEKPANTLLPLGGDHQPEPS,0
373,KCSRNCSGGFKIREIQCVDSRDHRNLRPFHCQFLAGIPPPLSMSCNPEPCEAWQVEPWSQCSRSCGGGVQERGVFCPGGLCDWTKRPTSTMSCNEHLCCHWATGNWDLCSTSCGGGFQKRTVQCVPSEGNKTEDQDQCLCDHKPRPPEFKKCNQQACKKS,0
374,EKMLDAVIDGTPCFEGGNSRNVCINGICKMVGCDYEIDSNATEDRCGVCLGDGSSCQTVRKMFKQKEGSGYVDIGLIPKGARDIRVMEIEGAGNFLAIRSEDPEKYYLNGGFIIQWNGNYKLAGTVFQYDRKGDLEKLMATGPTNESVWIQLLFQVTNPG,0
375,HDVAVLLTRKDICAGFNRPCETLGLSHLSGMCQPHRSCNINEDSGLPLAFTIAHELGHSFGIQHDGKENDCEPVGRHPYIMSRQLQYDPTPLTWSKCSEEYITRFLDRGWGFCLDDIPKKKGLKSKVIAPGVIYDVHHQCQLQYGPNATFCQEVENVCQT,0
376,RFLDRGWGFCLDDIPKKKGLKSKVIAPGVIYDVHHQCQLQYGPNATFCQEVENVCQTLWCSVKGFCRSKLDAAADGTQCGEKKWCMAGKCITVGKKPESIPGGWGRWSPWSHCSRTCGAGVQSAERLCNNPEPKFGGKYCTGERKRYRLCNVHPCRSEAP,0
377,LKPKTLLSCNRDILCPSDWTVGNWSECSVSCGGGVRIRSVTCAKNHDEPCDVTRKPNSRALCGLQQCPSSRRVLKPNKGTISNGKNPPTLKPVPPPTSRPRMLTTPTGPESMSTSTPAISSPSPTTASKEGDLGGKQWQDSSTQPELSSRYLISTGSTSQ,0
378,GCDYEIDSNATEDRCGVCLGDGSSCQTVRKMFKQKEGSGYVDIGLIPKGARDIRVMEIEGAGNFLAIRSEDPEKYYLNGGFIIQWNGNYKLAGTVFQYDRKGDLEKLMATGPTNESVWIQLLFQVTNPGIKYEYTIQKDGLDNDVEQQMYFWQYGHWTEC,0
379,GTVFQYDRKGDLEKLMATGPTNESVWIQLLFQVTNPGIKYEYTIQKDGLDNDVEQQMYFWQYGHWTECSVTCGTGIRRQTAHCIKKGRGMVKATFCDPETQPNGRQKKCHEKACPPRWWAGEWEACSATCGPHGEKKRTVLCIQTMVSDEQALPPTDCQH,0
380,LLNFGALCYGRQPQPGPVRFPDRRQEHFIKGLPEYHVVGPVRVDASGHFLSYGLHYPITSSRRKRDLDGSEDWVYYRISHEEKDLFFNLTVNQGFLSNSYIMEKRYGNLSHVKMMASSAPLCHLSGTVLQQGTRVGTAALSACHGLTGFFQLPHGDFFIE,0
381,PSEENVSSSDTGPTSEGGLVATTTSGSGLSSSRNPITWPVTPFYNTLTKGPEMEIHSGSGEEREQPEDKDESNPVIWTKIRVPGNDAPVESTEMPLAPPLTPDLSRESWWPPFSTVMEGLLPSQRPTTSETGTPRVEGMVTEKPANTLLPLGGDHQPEPS,0
382,MNQTKSSEPVLTEEDATSLITEGFLLNASNYKQLTNGHGSAHWIVGNWSECSTTCGLGAYWRRVECSTQMDSDCAAIQRPDPAKRCHLRPCAGWKVGNWSKCSRNCSGGFKIREIQCVDSRDHRNLRPFHCQFLAGIPPPLSMSCNPEPCEAWQVEPWSQ,0
383,DESNPVIWTKIRVPGNDAPVESTEMPLAPPLTPDLSRESWWPPFSTVMEGLLPSQRPTTSETGTPRVEGMVTEKPANTLLPLGGDHQPEPSGKTANRNHLKLPNNMNQTKSSEPVLTEEDATSLITEGFLLNASNYKQLTNGHGSAHWIVGNWSECSTTC,0
384,PKGARDIRVMEIEGAGNFLAIRSEDPEKYYLNGGFIIQWNGNYKLAGTVFQYDRKGDLEKLMATGPTNESVWIQLLFQVTNPGIKYEYTIQKDGLDNDVEQQMYFWQYGHWTECSVTCGTGIRRQTAHCIKKGRGMVKATFCDPETQPNGRQKKCHEKAC,0
385,RPRMLTTPTGPESMSTSTPAISSPSPTTASKEGDLGGKQWQDSSTQPELSSRYLISTGSTSQPILTSQSLSIQPSEENVSSSDTGPTSEGGLVATTTSGSGLSSSRNPITWPVTPFYNTLTKGPEMEIHSGSGEEREQPEDKDESNPVIWTKIRVPGNDA,0
386,VSGECKHVGCDRVLGSDLREDKCRVCGGDGSACETIEGVFSPALPGTGYEDVVWIPKGSVHIFIQDLNLSLSHLALKGDQESLLLEGLPGTPQPHRLPLAGTTFHLRQGPDQAQSLEALGPINASLIIMVLAQAELPALHYRFNAPIARDALPPYSWHYA,0
387,LYAGHLQGQAGSSHVAVSTCGGLHGLIVADDEEYLIEPLQGGPKGHRGPEESGPHVVYKRSSLRHPHLDTACGVRDEKPWKGRPWWLRTLKPPPARPLGNESERGQLGLKRSVSRERYVETLVVADKMMVAYHGRRDVEQYVLAIMNIVAKLFQDSSLGN,0
388,GWCYKRVCVPFGSRPEGVDGAWGPWTPWGDCSRSCGGGVSSSSRHCDSPRPTIGGKYCLGERRRHRSCNTNDCPPGSQDFREMQCSEFDSVPFRGKFYTWKTYRGGGVKACSLTCLAEGFNFYTERAAAVVDGTPCRPDTVDICVSGECKHVGCDRVLGS,0
389,RRQRRGAGATTESRLFYKVAAPSTHFLLNLTRSPRLLAGHVSVEYWTREGLAWQRAARAHCLYAGHLQGQAGSSHVAVSTCGGLHGLIVADDEEYLIEPLQGGPKGHRGPEESGPHVVYKRSSLRHPHLDTACGVRDEKPWKGRPWWLRTLKPPPARPLG,0
390,CPEDAFQENGTPCSGGYCYNGACPTLAQQCQAFWGPGGQAAEESCFSYDILPGCKASRYRADMCGVLQCKGGQQPLGRAICIVDVCHALTTEDGTAYEPVPEGTRCGPEKVCWKGRCQDLHVYRSSNCSAQCHNHGVCNHKQECHCHAGWAPPHCAKLLT,0
391,DGTAYEPVPEGTRCGPEKVCWKGRCQDLHVYRSSNCSAQCHNHGVCNHKQECHCHAGWAPPHCAKLLTEVHAASGSLPVFVVVVLVLLAVVLVTLAGIIVYRKARSRILSRNVAPKTTMGRSNPLFHQAASRVPAKGGAPAPSRGPQELVPTTHPGQPAR,0
392,EVHAASGSLPVFVVVVLVLLAVVLVTLAGIIVYRKARSRILSRNVAPKTTMGRSNPLFHQAASRVPAKGGAPAPSRGPQELVPTTHPGQPARHPASSVALKRPPPAPPVTVSSPPFPVPVYTRQAPKQVIKPTFAPPVPPVKPGAGAANPGPAEGAVGPK,0
393,KVPLGSRKQKPCSDMGDVQRAARSRGSLSAHMLLLLLASITMLLCARGAHGRPTEEDEELVLPSLERAPGHDSTTTRLRLDAFGQQLHLKLQPDSGFLAPGFTLQTVGRSPGSEAQHLDPTGDLAHCFYSGTVNGDPGSAAALSLCEGVRGAFYLQGEEF,0
394,TLYDANRQCQFTFGEESKHCPDAASTCTTLWCTGTSGGLLVCQTKHFPWADGTSCGEGKWCVSGKCVNKTDMKHFATPVHGSWGPWGPWGDCSRTCGGGVQYTMRECDNPVPKNGGKYCEGKRVRYRSCNIEDCPDNNGKTFREEQCEAHNEFSKASFGN,0
395,GEGKWCVSGKCVNKTDMKHFATPVHGSWGPWGPWGDCSRTCGGGVQYTMRECDNPVPKNGGKYCEGKRVRYRSCNIEDCPDNNGKTFREEQCEAHNEFSKASFGNEPTVEWTPKYAGVSPKDRCKLTCEAKGIGYFFVLQPKVVDGTPCSPDSTSVCVQG,0
396,NEPTVEWTPKYAGVSPKDRCKLTCEAKGIGYFFVLQPKVVDGTPCSPDSTSVCVQGQCVKAGCDRIIDSKKKFDKCGVCGGNGSTCKKMSGIVTSTRPGYHDIVTIPAGATNIEVKHRNQRGSRNNGSFLAIRAADGTYILNGNFTLSTLEQDLTYKGTV,0
397,MPNACQNGGTCHNTHGGYNCVCVNGWTGEDCSENIDDCASAACFQGATCHDRVASFYCECPHGRTGLLCHLNDACISNPCNEGSNCDTNPVNGKAICTCPSGYTGPACSQDVDECALGANPCEHAGKCLNTLGSFECQCLQGYTGPRCEIDVNECISNPC,0
398,PTCLSEVNECNSNPCIHGACRDGLNGYKCDCAPGWSGTNCDINNNECESNPCVNGGTCKDMTSGYVCTCREGFSGPNCQTNINECASNPCLNQGTCIDDVAGYKCNCPLPYTGATCEVVLAPCATSPCKNSGVCKESEDYESFSCVCPTGWQGQTCEVDI,0
399,LPYVPCSPSPCQNGGTCRPTGDTTHECACLPGFAGQNCEENVDDCPGNNCKNGGACVDGVNTYNCRCPPEWTGQYCTEDVDECQLMPNACQNGGTCHNTHGGYNCVCVNGWTGEDCSENIDDCASAACFQGATCHDRVASFYCECPHGRTGLLCHLNDAC,0
400,ACRDGLNGYKCDCAPGWSGTNCDINNNECESNPCVNGGTCKDMTSGYVCTCREGFSGPNCQTNINECASNPCLNQGTCIDDVAGYKCNCPLPYTGATCEVVLAPCATSPCKNSGVCKESEDYESFSCVCPTGWQGQTCEVDINECVKSPCRHGASCQNTN,0
401,DCVDSYTCTCPVGFNGIHCENNTPDCTESSCFNGGTCVDGINSFTCLCPPGFTGSYCQYDVNECDSRPCLHGGTCQDSYGTYKCTCPQGYTGLNCQNLVRWCDSAPCKNGGRCWQTNTQYHCECRSGWTGVNCDVLSVSCEVAAQKRGIDVTLLCQHGGL,0
402,GATCEVVLAPCATSPCKNSGVCKESEDYESFSCVCPTGWQGQTCEVDINECVKSPCRHGASCQNTNGSYRCLCQAGYTGRNCESDIDDCRPNPCHNGGSCTDGINTAFCDCLPGFQGAFCEEDINECASNPCQNGANCTDCVDSYTCTCPVGFNGIHCEN,0
403,NTLGSFECQCLQGYTGPRCEIDVNECISNPCQNDATCLDQIGEFQCICMPGYEGVYCEINTDECASSPCLHNGHCMDKINEFQCQCPKGFNGHLCQYDVDECASTPCKNGAKCLDGPNTYTCVCTEGYTGTHCEVDIDECDPDPCHYGSCKDGVATFTCL,0
404,GFICRCPAGFEGATCENDARTCGSLRCLNGGTCISGPRSPTCLCLGSFTGPECQFPASSPCVGSNPCYNQGTCEPTSENPFYRCLCPAKFNGLLCHILDYSFTGGAGRDIPPPQIEEACELPECQVDAGNKVCNLQCNNHACGWDGGDCSLNFNDPWKNC,0
405,AFEPPPPRLSHLPVASSASTVLSTNGTGAMNFTVGAPASLNGQCEWLPRLQNGMVPSQYNPLRPGVTPGTLSTQAAGLQHSMMGPLHSSLSTNTLSPIIYQGLPNTRLATQPHLVQTQQVQPQNLQLQPQNLQPPSQPHLSVSSAANGHLGRSFLSGEPS,0
406,HLGISHLNVAAKPEMAALAGGSRLAFEPPPPRLSHLPVASSASTVLSTNGTGAMNFTVGAPASLNGQCEWLPRLQNGMVPSQYNPLRPGVTPGTLSTQAAGLQHSMMGPLHSSLSTNTLSPIIYQGLPNTRLATQPHLVQTQQVQPQNLQLQPQNLQPPS,0
407,CSPNGYLGNLKSATQGKKARKPSTKGLACGSKEAKDLKARRKKSQDGKGCLLDSSSMLSPVDSLESPHGYLSDVASPPLLPSPFQQSPSMPLSHLPGMPDTHLGISHLNVAAKPEMAALAGGSRLAFEPPPPRLSHLPVASSASTVLSTNGTGAMNFTVG,0
408,MSAECECNIKILDVNDNIPYMEQSSYTIEIQENTLNSNLLEIRVIDLDEEFSANWMAVIFFISGNEGNWFEIEMNERTNVGILKVVKPLDYEAMQSLQLSIGVRNKAEFHHSIMSQYKLKASAISVTVLNVIEGPVFRPGSKTYVVTGNMGSNDKVGDFV,0
409,DNSGVYTNEYGGREMQDLGGGERMTGFELTEGVKTSGMPEICQEYSGTLRRNSMRECREGGLNMNFMESYFCQKAYAYADEDEGRPSNDCLLIYDIEGVGSPAGSVGCCSFIGEDLDDSFLDTLGPKFKKLADISLGKESYPDLDPSWPPQSTEPVCLPQ,0
410,TERVVGPISGADLHGMLEMPDLRDGSNVIVTERVIAPSSSLPTSLTIHHPRESSNVVVTERVIQPTSGMIGSLSMHPELANAHNVIVTERVVSGAGVTGISGTTGISGGIGSSGLVGTSMGAGSGALSGAGISGGGIGLSSLGGTASIGHMRSSSDHHFN,0
411,SGHPPISPHFGTTTVISESTYPSGPGVLHPKPILDPLGYGNVTVTESYTTSDTLKPSVHVHDNRPASNVVVTERVVGPISGADLHGMLEMPDLRDGSNVIVTERVIAPSSSLPTSLTIHHPRESSNVVVTERVIQPTSGMIGSLSMHPELANAHNVIVTE,0
412,YEAGEWAENCYNLEIKKPDGSECLPAAPDGIRGFPRCRYVHKVSGTGPCAGDFAFHKEGAFFLYDRLASTVIYRGTTFAEGVVAFLILPQAKKDFFSSHPLREPVNATEDPSSGYYSTTIRYQATGFGTNETEYLFEVDNLTYVQLESRFTPQFLLQLNE,0
413,KVSGTGPCAGDFAFHKEGAFFLYDRLASTVIYRGTTFAEGVVAFLILPQAKKDFFSSHPLREPVNATEDPSSGYYSTTIRYQATGFGTNETEYLFEVDNLTYVQLESRFTPQFLLQLNETIYTSGKRSNTTGKLIWKVNPEIDTTIGEWAFWETKKNLTR,0
414,WVDMGLSTISRAKRDQTWREDVVTNGIGRVEGIAVDWIAGNIYWTDQGFDVIEVARLNGSFRYVVISQGLDKPRAITVHPEKGYLFWTEWGQYPRIERSRLDGTERVVLVNVSISWPNGISVDYQDGKLYWCDARTDKIERIDLETGENREVVLSSNNMD,0
415,EGKTCGPSSFSCPGTHVCVPERWLCDGDKDCADGADESIAAGCLYNSTCDDREFMCQNRQCIPKHFVCDHDRDCADGSDESPECEYPTCGPSEFRCANGRCLSSRQWECDGENDCHDQSDEAPKNPHCTSQEHKCNASSQFLCSSGRCVAEALLCNGQDD,0
416,PNDKSDALVPVSGTSLAVGIDFHAENDTIYWVDMGLSTISRAKRDQTWREDVVTNGIGRVEGIAVDWIAGNIYWTDQGFDVIEVARLNGSFRYVVISQGLDKPRAITVHPEKGYLFWTEWGQYPRIERSRLDGTERVVLVNVSISWPNGISVDYQDGKLY,0
417,GNSSRCNQFVDCEDASDEMNCSATDCSSYFRLGVKGVLFQPCERTSLCYAPSWVCDGANDCGDYSDERDCPGVKRPRCPLNYFACPSGRCIPMSWTCDKEDDCEHGEDETHCNKFCSEAQFECQNHRCISKQWLCDGSDDCGDGSDEAAHCEGKTCGPSS,0
418,HKCACPTNFYLGSDGRTCVSNCTASQFVCKNDKCIPFWWKCDTEDDCGDHSDEPPDCPEFKCRPGQFQCSTGICTNPAFICDGDNDCQDNSDEANCDIHVCLPSQFKCTNTNRCIPGIFRCNGQDNCGDGEDERDCPEVTCAPNQFQCSITKRCIPRVWV,0
419,SDEESCTPRPCSESEFSCANGRCIAGRWKCDGDHDCADGSDEKDCTPRCDMDQFQCKSGHCIPLRWRCDADADCMDGSDEEACGTGVRTCPLDEFQCNNTLCKPLAWKCDGEDDCGDNSDENPEECARFVCPPNRPFRCKNDRVCLWIGRQCDGTDNCGD,0
420,NDNDCGDNSDEAGCSHSCSSTQFKCNSGRCIPEHWTCDGDNDCGDYSDETHANCTNQATRPPGGCHTDEFQCRLDGLCIPLRWRCDGDTDCMDSSDEKSCEGVTHVCDPSVKFGCKDSARCISKAWVCDGDNDCEDNSDEENCESLACRPPSHPCANNTS,0
421,SINRAHKTTGTNKTLLISTLHRPMDLHVFHALRQPDVPNHPCKVNNGGCSNLCLLSPGGGHKCACPTNFYLGSDGRTCVSNCTASQFVCKNDKCIPFWWKCDTEDDCGDHSDEPPDCPEFKCRPGQFQCSTGICTNPAFICDGDNDCQDNSDEANCDIHV,0
422,YLSGAQVSTITPTSTRQTTAMDFSYANETVCWVHVGDSAAQTQLKCARMPGLKGFVDEHTINISLSLHHVEQMAIDWLTGNFYFVDDIDDRIFVCNRNGDTCVTLLDLELYNPKGIALDPAMGKVFFTDYGQIPKVERCDMDGQNRTKLVDSKIVFPHGI,0
423,DESIQLDHKGTNPCSVNNGDCSQLCLPTSETTRSCMCTAGYSLRSGQQACEGVGSFLLYSVHEGIRGIPLDPNDKSDALVPVSGTSLAVGIDFHAENDTIYWVDMGLSTISRAKRDQTWREDVVTNGIGRVEGIAVDWIAGNIYWTDQGFDVIEVARLNG,0
424,VQVLHRTGLSNPDGLAVDWVGGNLYWCDKGRDTIEVSKLNGAYRTVLVSSGLREPRALVVDVQNGYLYWTDWGDHSLIGRIGMDGSSRSVIVDTKITWPNGLTLDYVTERIYWADAREDYIEFASLDGSNRHVVLSQDIPHIFALTLFEDYVYWTDWETK,0
425,PPQCQPGEFACANSRCIQERWKCDGDNDCLDNSDEAPALCHQHTCPSDRFKCENNRCIPNRWLCDGDNDCGNSEDESNATCSARTCPPNQFSCASGRCIPISWTCDLDDDCGDRSDESASCAYPTCFPLTQFTCNNGRCININWRCDNDNDCGDNSDEAG,0
426,MEIRGVDLDAPYYNYIISFTVPDIDNVTVLDYDAREQRVYWSDVRTQAIKRAFINGTGVETVVSADLPNAHGLAVDWVSRNLFWTSYDTNKKQINVARLDGSFKNAVVQGLEQPHGLVVHPLRGKLYWTDGDNISMANMDGSNRTLLFSGQKGPVGLAID,0
427,DWVRRAVQRANKHVGSNMKLLRVDIPQQPMGIIAVANDTNSCELSPCRINNGGCQDLCLLTHQGHVNCSCRGGRILQDDLTCRAVNSSCRAQDEFECANGECINFSLTCDGVPHCKDKSDEKPSYCNSRRCKKTFRQCSNGRCVSNMLWCNGADDCGDGS,0
428,LFWTSYDTNKKQINVARLDGSFKNAVVQGLEQPHGLVVHPLRGKLYWTDGDNISMANMDGSNRTLLFSGQKGPVGLAIDFPESKLYWISSGNHTINRCNLDGSGLEVIDAMRSQLGKATALAIMGDKLWWADQVSEKMGTCSKADGSGSVVLRNSTTLVM,0
429,LSHPFAVTLYGGEVYWTDWRTNTLAKANKWTGHNVTVVQRTNTQPFDLQVYHPSRQPMAPNPCEANGGQGPCSHLCLINYNRTVSCACPHLMKLHKDNTTCYEFKKFLLYARQMEIRGVDLDAPYYNYIISFTVPDIDNVTVLDYDAREQRVYWSDVRTQ,0
430,NREVVLSSNNMDMFSVSVFEDFIYWSDRTHANGSIKRGSKDNATDSVPLRTGIGVQLKDIKVFNRDRQKGTNVCAVANGGCQQLCLYRGRGQRACACAHGMLAEDGASCREYAGYLLYSERTILKSIHLSDERNLNAPVQPFEDPEHMKNVIALAFDYRA,0
431,MNCSATDCSSYFRLGVKGVLFQPCERTSLCYAPSWVCDGANDCGDYSDERDCPGVKRPRCPLNYFACPSGRCIPMSWTCDKEDDCEHGEDETHCNKFCSEAQFECQNHRCISKQWLCDGSDDCGDGSDEAAHCEGKTCGPSSFSCPGTHVCVPERWLCDG,0
432,NVQVLHRTGLSNPDGLAVDWVGGNLYWCDKGRDTIEVSKLNGAYRTVLVSSGLREPRALVVDVQNGYLYWTDWGDHSLIGRIGMDGSSRSVIVDTKITWPNGLTLDYVTERIYWADAREDYIEFASLDGSNRHVVLSQDIPHIFALTLFEDYVYWTDWET,0
433,SKDNATDSVPLRTGIGVQLKDIKVFNRDRQKGTNVCAVANGGCQQLCLYRGRGQRACACAHGMLAEDGASCREYAGYLLYSERTILKSIHLSDERNLNAPVQPFEDPEHMKNVIALAFDYRAGTSPGTPNRIFFSDIHFGNIQQINDDGSRRITIVENVG,0
434,CANNSTCTVNQGNQPQCRCLPGFLGDRCQYRQCSGYCENFGTCQMAADGSRQCRCTAYFEGSRCEVNKCSRCLEGACVVNKQSGDVTCNCTDGRVAPSCLTCVGHCSNGGSCTMNSKMMPECQCPPHMTGPRCEEHVFSQQQPGHIASILIPLLLLLLLV,0
435,VAPSCLTCVGHCSNGGSCTMNSKMMPECQCPPHMTGPRCEEHVFSQQQPGHIASILIPLLLLLLLVLVAGVVFWYKRRVQGAKGFQHQRMTNGAMNVEIGNPTYKMYEGGEPDDVGGLLDADFALDPDKPTNFTNPVYATLYMGGHGSRHSLASTDEKRE,0
436,DKCELDQCWEHCRNGGTCAASPSGMPTCRCPTGFTGPKCTQQVCAGYCANNSTCTVNQGNQPQCRCLPGFLGDRCQYRQCSGYCENFGTCQMAADGSRQCRCTAYFEGSRCEVNKCSRCLEGACVVNKQSGDVTCNCTDGRVAPSCLTCVGHCSNGGSCT,0
437,TGAYNPMCTYVNRGRRAQATPWTQTQAVRGRGSRATDGALRPMPTAPRQDYIFYLEPERLESGKGKCPYDPKLDTASALINEELYAGVYIDFMGTDAAIFRTLGKQTAMRTDQYNSRWLNDPSFIHAELIPDSAERNDDKLYFFFRERSAEAPQSPAVYA,0
438,KDVNGECGNFVRLIQPWNRTHLYVCGTGAYNPMCTYVNRGRRAQATPWTQTQAVRGRGSRATDGALRPMPTAPRQDYIFYLEPERLESGKGKCPYDPKLDTASALINEELYAGVYIDFMGTDAAIFRTLGKQTAMRTDQYNSRWLNDPSFIHAELIPDSA,0
439,TQTQAVRGRGSRATDGALRPMPTAPRQDYIFYLEPERLESGKGKCPYDPKLDTASALINEELYAGVYIDFMGTDAAIFRTLGKQTAMRTDQYNSRWLNDPSFIHAELIPDSAERNDDKLYFFFRERSAEAPQSPAVYARIGRICLNDDGGHCCLVNKWST,0
440,RSAEAPQSPAVYARIGRICLNDDGGHCCLVNKWSTFLKARLVCSVPGEDGIETHFDELQDVFVQQTQDVRNPVIYAVFTSSGSVFRGSAVCVYSMADIRMVFNGPFAHKEGPNYQWMPFSGKMPYPRPGTCPGGTFTPSMKSTKDYPDEVINFMRSHPLM,0
441,RLPSLPPMAAFCGNMFVEPGEQCDCGFLDDCVDPCCDSLTCQLRPGAQCASDGPCCQNCQLRPSGWQCRPTRGDCDLPEFCPGDSSQCPPDVSLGDGEPCAGGQAVCMHGRCASYAQQCQSLWGPGAQPAAPLCLQTANTRGNAFGSCGRNPSGSYVSCT,0
442,GWAPPDCTTQLKATSSLTTGLLLSLLVLLVLVMLGASYWYRARLHQRLCQLKGPTCQYRAAQSGPSERPGPPQRALLARGTKQASALSFPAPPSRPLPPDPVSKRLQAELADRPNPPTRPLPADPVVRSPKSQGPAKPPPPRKPLPADPQGRCPSGDLPG,0
443,SIRDLLWETIDVNGTELNCSWVHLDLGSDVAQPLLTLPGTACGPGLVCIDHRCQRVDLLGAQECRSKCHGHGVCDSNRHCYCEEGWAPPDCTTQLKATSSLTTGLLLSLLVLLVLVMLGASYWYRARLHQRLCQLKGPTCQYRAAQSGPSERPGPPQRAL,0
444,SSLGVVAKPSQVLEGEAVGIKSFGYSLSGSLDMDGNQYPDLLVGSLADTAVLFRARPILHVSHEVSIAPRSIDLEQPNCAGGHSVCVDLRVCFSYIAVPSSYSPTVALDYVLDADTDRRLRGQVPRVTFLSRNLEEPKHQASGTVWLKHQHDRVCGDAMF,0
445,STQRAEIHFLKQGCGEDKICQSNLQLVRARFCTRVSDTEFQPLPMDVDGTTALFALSGQPVIGLELMVTNLPSDPAQPQADGDDAHEAQLLVMLPDSLHYSGVRALDPAEKPLCLSNENASHVECELGNPMKRGAQVTFYLILSTSGISIETTELEVELL,0
446,YHGSSLGVVAKPSQVLEGEAVGIKSFGYSLSGSLDMDGNQYPDLLVGSLADTAVLFRARPILHVSHEVSIAPRSIDLEQPNCAGGHSVCVDLRVCFSYIAVPSSYSPTVALDYVLDADTDRRLRGQVPRVTFLSRNLEEPKHQASGTVWLKHQHDRVCGD,0
447,ARANYQNGKNNVPRLKLSYKEMLESNNVITFNGLANSSSYHTFLLDEERSRLYVGAKDHIFSFDLVNIKDFQKIVWPVSYTRRDECKWAGKDILKECANFIKVLKAYNQTHLYACGTGAFHPICTYIEIGHHPEDNIFKLENSHFENGRGKSPYDPKLLT,0
448,FLLDEERSRLYVGAKDHIFSFDLVNIKDFQKIVWPVSYTRRDECKWAGKDILKECANFIKVLKAYNQTHLYACGTGAFHPICTYIEIGHHPEDNIFKLENSHFENGRGKSPYDPKLLTASLLIDGELYSGTAADFMGRDFAIFRTLGHHHPIRTEQHDSR,0
449,AKGAILYAFEMFRLKSCVDFKPYEGESSYIIFQQFDGCWSEVGDQHVGQNISIGQGCAYKAIIEHEILHALGFYHEQSRTDRDDYVNIWWDQILSGYQHNFDTYDDSLITDLNTPYDYESLMHYQPFSFNKNASVPTITAKIPEFNSIIGQRLDFSAIDL,0
450,SFNKNASVPTITAKIPEFNSIIGQRLDFSAIDLERLNRMYNCTTTHTLLDHCTFEKANICGMIQGTRDDTDWAHQDSAQAGEVDHTLLGQCTGAGYFMQFSTSSGSAEEAALLESRILYPKRKQQCLQFFYKMTGSPSDRLVVWVRRDDSTGNVRKLVKV,0
451,YGLMDATEMVKLAKVWRQVPEKHECLITSDVQNVPLASGNKFSSQVLTNGCVGTSTEVNYLEHVQARISLTHSQRGSVVIYLTSPSGTRSKVLPARSNDVAPGGFDNWPLLSVHFWGENPRGTWTLEIEEANMYNRRSSGGKLASWSLVLHGTRVKPVRL,0
452,ECKNFRVSSTRVCVSQCPDGFYTSGDMCMPCDASCATCSGPALTECQSCHEGRHYHQLKDKHSVCNIECVDGFFYSTNSCLPCDVGCKHCESSALHCTACRKGYSLKDDKCVSQAAVVSVMFEHITLSIVLISVIVLLVVFIFMGLLYMYRNQLFFWSDR,0
453,SGNKFSSQVLTNGCVGTSTEVNYLEHVQARISLTHSQRGSVVIYLTSPSGTRSKVLPARSNDVAPGGFDNWPLLSVHFWGENPRGTWTLEIEEANMYNRRSSGGKLASWSLVLHGTRVKPVRLLNETSPATTTKTTAATTSSTSTTTTKKPSTPKVEACH,0
454,SGDMCMPCDASCATCSGPALTECQSCHEGRHYHQLKDKHSVCNIECVDGFFYSTNSCLPCDVGCKHCESSALHCTACRKGYSLKDDKCVSQAAVVSVMFEHITLSIVLISVIVLLVVFIFMGLLYMYRNQLFFWSDRKMYGPVPREDEEAVVRLTYSDDF,0
455,RGVSQGRGGLGSIFVWASGNGGREHDSCNCDGYTNSIYTLSISSATQFGNVPWYSEACSSTLATTYSSGNQNEKQIVTTDLRQKCTESHTGTSAFAPLAAGIIALTLEANKNLTWRDMQHLVVRTSKPAHLNANDWATNGVGRKVSHSYGYGLLDAGAMV,0
456,SLHQKNCVQHCPPGFAPQVLDTHYSTENDVEIIRASVCTPCHASCATCQGPAPTDCLSCPSHASLDPVEQTCSRQSQSSRESHQQQPPPPPRPPPAEVATEPRLRADLLPSHLPEVVAGLSCAFIVLVFVTVFLVLQLRSGFSFRGVKVYTMDRGLISYK,0
457,GTAPEGLPTPPESIGCKTLTSSQACVVCEEGFSLHQKNCVQHCPPGFAPQVLDTHYSTENDVEIIRASVCTPCHASCATCQGPAPTDCLSCPSHASLDPVEQTCSRQSQSSRESHQQQPPPPPRPPPAEVATEPRLRADLLPSHLPEVVAGLSCAFIVLV,0
458,LAGNYDPGASFDVNDQDPDPQPRYTQMNDNRHGTRCAGEVAAVANNGVCGVGVAYNARIGGVRMLDGEVTDAVEARSLGLNPNHIHIYSASWGPEDDGKTVDGPAHLAEEAFFRGVSQGRGGLGSIFVWASGNGGREHDSCNCDGYTNSIYTLSISSATQ,0
459,SPHRLGHNRLQREPQVKWLEQQVAKRRAKRDIYQEPTDPKFPQQWYLSGVTQRDLNVKEAWAQGYTGRGIVVSILDDGIEKNHPDLAGNYDPGASFDVNDQDPDPQPRYTQMNDNRHGTRCAGEVAAVANNGVCGVGVAYNARIGGVRMLDGEVTDAVEA,0
460,DLNVKEAWAQGYTGRGIVVSILDDGIEKNHPDLAGNYDPGASFDVNDQDPDPQPRYTQMNDNRHGTRCAGEVAAVANNGVCGVGVAYNARIGGVRMLDGEVTDAVEARSLGLNPNHIHIYSASWGPEDDGKTVDGPAHLAEEAFFRGVSQGRGGLGSIFV,0
461,IGCKTLTSSQACVVCEEGFSLHQKNCVQHCPPGFAPQVLDTHYSTENDVEIIRASVCTPCHASCATCQGPAPTDCLSCPSHASLDPVEQTCSRQSQSSRESHQQQPPPPPRPPPAEVATEPRLRADLLPSHLPEVVAGLSCAFIVLVFVTVFLVLQLRSG,0
462,IKELPHQESRASQLQTLSDAHRKAYEIYHESYAFQGGKLSVVLRAEDIPELLLEPPISALAQDTVDFLSLDLSYECQNEASLRQKLSKLQTIEPKVKVFIFNLKLPDCPSTMKNPASLLFSLFEAINKDQVLTIGFDINEFLSCSSSSKKSMSCSLTGSL,0
463,PKVKVFIFNLKLPDCPSTMKNPASLLFSLFEAINKDQVLTIGFDINEFLSCSSSSKKSMSCSLTGSLALQPDQQQDHETTDSSPASAYQRIWEAFANQSRAERDAFLQDTFPEGFLWGASTGAFNVEGGWAEGGRGVSIWDPRRPLNTTEGQATLEVASD,0
464,WVMSYAGYGTGQHPPGISDPGVASFKVAHLVLKAHARTWHHYNSHHRPQQQGHVGIVLNSDWAEPLSPERPEDLRASERFLHFMLGWFAHPVFVDGDYPATLRTQIQQMNRQCSHPVAQLPEFTEAEKQLLKGSADFLGLSHYTSRLISNAPQNTCIPSY,0
465,GGWENETIVQRFKEYADVLFQRLGDKVKFWITLNEPFVIAYQGYGYGTAAPGVSNRPGTAPYIVGHNLIKAHAEAWHLYNDVYRASQGGVISITISSDWAEPRDPSNQEDVEAARRYVQFMGGWFAHPIFKNGDYNEVMKTRIRDRSLAAGLNKSRLPEF,0
466,WENETIVQRFKEYADVLFQRLGDKVKFWITLNEPFVIAYQGYGYGTAAPGVSNRPGTAPYIVGHNLIKAHAEAWHLYNDVYRASQGGVISITISSDWAEPRDPSNQEDVEAARRYVQFMGGWFAHPIFKNGDYNEVMKTRIRDRSLAAGLNKSRLPEFTE,0
467,QIEGAWRADGKGLSIWDTFSHTPLRVENDAIGDVACDSYHKIAEDLVTLQNLGVSHYRFSISWSRILPDGTTRYINEAGLNYYVRLIDTLLAASIQPQVTIYHWDLPQTLQDVGGWENETIVQRFKEYADVLFQRLGDKVKFWITLNEPFVIAYQGYGYG,0
468,IFPMVTLFHWDLPQALQDIGGWENPALIDLFDSYADFCFQTFGDRVKFWMTFNEPMYLAWLGYGSGEFPPGVKDPGWAPYRIAHAVIKAHARVYHTYDEKYRQEQKGVISLSLSTHWAEPKSPGVPRDVEAADRMLQFSLGWFAHPIFRNGDYPDTMKWK,0
469,TFNEPMYLAWLGYGSGEFPPGVKDPGWAPYRIAHAVIKAHARVYHTYDEKYRQEQKGVISLSLSTHWAEPKSPGVPRDVEAADRMLQFSLGWFAHPIFRNGDYPDTMKWKVGNRSELQHLATSRLPSFTEEEKRFIRATADVFCLNTYYSRIVQHKTPRL,0
470,SHPCCSPTCTLKEGAQCSEGLCCYNCTFKKKGSLCRPAEDVCDLPEYCDGSTQECPANSYMQDGTQCDRIYYCLGGWCKNPDKQCSRIYGYPARSAPEECYISVNTKANRFGNCGHPTSANFRYETCSDEDVFCGKLVCTDVRYLPKVKPLHSLLQVPYG,0
471,ECYISVNTKANRFGNCGHPTSANFRYETCSDEDVFCGKLVCTDVRYLPKVKPLHSLLQVPYGEDWCWSMDAYNITDVPDDGDVQSGTFCAPNKVCMEYICTGRGVLQYNCEPQEMCHGNGVCNNFKHCHCDAGFAPPDCSSPGNGGSVDSGPVGKPADRH,0
472,NSNLWMSSMPGVNNGLSLTLRTEQNDFIPLLSTVTGARVMVHGQDEPAFMDDGGFNVRPGVETSISMRKEALDSLGGNYGDCTENGSDVPVKNLYPSKYTQQVCIHSCFQENMIKKCGCAYIFYPKPKGVEFCDYLKQSSWGYCYYKLQAAFSLDSLGCF,0
473,YKLSAGYSRWPSVKSQDWIFEMLSLQNNYTINNKRNGVAKLNIFFKELNYKTNSESPSVTMVSLLSNLGSQWSLWFGSSVLSVVEMAELIFDLLVITLIMLLHRFRSRYWSPGRGARGAREVASTPASSFPSRFCPHPTSPPPSLPQQGTTPPLALTAPP,0
474,GLSLTLRTEQNDFIPLLSTVTGARVMVHGQDEPAFMDDGGFNVRPGVETSISMRKEALDSLGGNYGDCTENGSDVPVKNLYPSKYTQQVCIHSCFQENMIKKCGCAYIFYPKPKGVEFCDYLKQSSWGYCYYKLQAAFSLDSLGCFSKCRKPCSVTNYKL,0
475,DHTRAPELNLDLDLDVSNSPKGSMKGNNFKEQDLCPPLPMQGLGKGDKREEQALGPEPSEPRQPTEEEEALIEFHRSYRELFQFFCNNTTIHGAIRLVCSKHNRMKTAFWAVLWLCTFGMMYWQFALLFEEYFSYPVSLNINLNSDKLVFPAVTVCTLNP,0
476,SLGGNYGDCTENGSDVPVKNLYPSKYTQQVCIHSCFQENMIKKCGCAYIFYPKPKGVEFCDYLKQSSWGYCYYKLQAAFSLDSLGCFSKCRKPCSVTNYKLSAGYSRWPSVKSQDWIFEMLSLQNNYTINNKRNGVAKLNIFFKELNYKTNSESPSVTMV,0
477,VDFIPNQLAPRPSPASSPKPVSISNAIDEEELDPPGPVFVDDFYYDYNFINFHEDLSYGSFEEPHPDLVDNGGWTAPPHIRPTESPSDTPVPTAGALGAEAEDIQGSWSPSPLLSEASYSPPGLEQTSINPLANFLTEEDTPMGAPELGFPSLPWPPASV,0
478,PPDRPSFRHTQCSQFDGMLYKGKLHKWVPVPNDDNPCELHCRPSNSSNTEKLRDAVVDGTPCYQSRISRDICLNGICKNVGCDFVIDSGAEEDRCGVCRGDGSTCQTVSRTFKETEGQGYVDIGLIPAGAREILIEEVAEAANFLALRSEDPDKYFLNGG,0
479,QYPMYIVDTGASGSGSSSPELFNEVDFIPNQLAPRPSPASSPKPVSISNAIDEEELDPPGPVFVDDFYYDYNFINFHEDLSYGSFEEPHPDLVDNGGWTAPPHIRPTESPSDTPVPTAGALGAEAEDIQGSWSPSPLLSEASYSPPGLEQTSINPLANFL,0
480,VFQLSNEDYFIEPLDGVSAQPGHAQPHVVYKHQGSRKQAQQGDSRPSGTCGMQVPPDLEQQREHWEQQQQKRRQQRSVSKEKWVETLVVADSKMVEYHGQPQVESYVLTIMNMVAGLFHDPSIGNPIHISIVRLIILEDEEKDLKITHHAEETLKNFCRW,0
481,AEAEDIQGSWSPSPLLSEASYSPPGLEQTSINPLANFLTEEDTPMGAPELGFPSLPWPPASVDDMMTPVGPGNPDELLVKEDEQSPPSTPWSDRNKLSTDGNPLGHTSPALPQSPIPTQPSPPSISPTQASPSPDVVEVSTGWNAAWDPVLEADLKPGHG,0
482,CTLASRPQPARHCHLRPCAAWRTGNWSKCSRNCGGGSSTRDVQCVDTRDLRPLRPFHCQPGPTKPPNRQLCGTQPCLPWYTSSWRECSEACGGGEQQRLVTCPEPGLCEESLRPNNSRPCNTHPCTQWVVGPWGQCSAPCGGGVQRRLVRCVNTQTGLAE,0
483,KNFCRWQKNINIKGDDHPQHHDTAILLTRKDLCASMNQPCETLGLSHVSGLCHPQLSCSVSEDTGMPLAFTVAHELGHSFGIQHDGTGNDCESIGKRPFIMSPQLLYDRGIPLTWSRCSREYITRFLDRGWGLCLDDRPSKDVIALPSVLPGVLYDVNHQ,0
484,SQARGLLFSPAPQPRRLLPGPQENSVQSSACGRQHLEPTGTIDMRGPGQADCAVAIGRPLGEVVTLRVLESSLNCSAGDMLLLWGRLTWRKMCRKLLDMTFSSKTNTLVVRQRCGRPGGGVLLRYGSQLAPETFYRECDMQLFGPWGEIVSPSLSPATSN,0
485,SANEQCRVAFGPKAVACTFAREHLDMCQALSCHTDPLDQSSCSRLLVPLLDGTECGVEKWCSKGRCRSLVELTPIAAVHGRWSSWGPRSPCSRSCGGGVVTRRRQCNNPRPAFGGRACVGADLQAEMCNTQACEKTQLEFMSQQCARTDGQPLRSSPGGA,0
486,AGLAWSPCSRRQLLSLLSAGRARCVWDPPRPQPGSAGHPPDAQPGLYYSANEQCRVAFGPKAVACTFAREHLDMCQALSCHTDPLDQSSCSRLLVPLLDGTECGVEKWCSKGRCRSLVELTPIAAVHGRWSSWGPRSPCSRSCGGGVVTRRRQCNNPRPA,0
487,LLDTQCQGLPRPEPQEACSLEPCPPRWKVMSLGPCSASCGLGTARRSVACVQLDQGQDVEVDEAACAALVRPEASVPCLIADCTYRWHVGTWMECSVSCGDGIQRRRDTCLGPQAQAPVPADFCQHLPKPVTVRGCWAGPCVGQGTPSLVPHEEAAAPGR,0
488,AQPGLYYSANEQCRVAFGPKAVACTFAREHLDMCQALSCHTDPLDQSSCSRLLVPLLDGTECGVEKWCSKGRCRSLVELTPIAAVHGRWSSWGPRSPCSRSCGGGVVTRRRQCNNPRPAFGGRACVGADLQAEMCNTQACEKTQLEFMSQQCARTDGQPL,0
489,AGRAREYVTFLTVTPNLTSVYIANHRPLFTHLAVRIGGRYVVAGKMSISPNTTYPSLLEDGRVEYRVALTEDRLPRLEEIRIWGPLQEDADIQVYRRYGEEYGNLTRPDITFTYFQPKPRQAWVWAAVRGPCSVSCGAGLRWVNYSCLDQARKELVETVQ,0
490,LEHDGAPGSGCGPSGHVMASDGAAPRAGLAWSPCSRRQLLSLLSAGRARCVWDPPRPQPGSAGHPPDAQPGLYYSANEQCRVAFGPKAVACTFAREHLDMCQALSCHTDPLDQSSCSRLLVPLLDGTECGVEKWCSKGRCRSLVELTPIAAVHGRWSSWG,0
491,GKLSGQKPGENIVFSPFSIQTCAAMARLGAENETATQLDQGLGLASSDPEQIAHSFHQVLAAYQDSQILRIANKIFVMDGYQLRQEFDQLLSKQFLSAAQSVDFSKNVQAAATINNWVEQRTNHLIKDLVPADVLNSESRLVLVNAIHFKGTWQHQFAKH,0
492,ELQLDWQKQKGGVRRALFLTSKQATLTQTLLIQNGAREDCREMKIYLRNESEFRDKLSPIHIALNFSLDPKAPMDSHGLRPVLHYQSKSRIEDKAQILLDCGEDNICVPDLQLDVYGEKKHVYLGDKNALNLTFHAQNLGEGGAYEAELRVTAPLEAEYS,0
493,AGQGYCQGGFSAEFTKTGRVVLGGPGSYFWQGQILSATQEQISESYYPEYLINPVQGQLQTRQASSVYDDSYLGYSVAVGEFSGDDTEDFVAGVPKGNLTYGYVTVLNGSDIHSLYNVSGEQMASYFGYAVAATDTNGDGLDDLLVGAPLLMERTADGRP,0
494,PPLQVGGFNLDAEAPAVLSGPPGSLFGFSVEFYRPGRDGVSVLVGAPKANTSQPGVLQGGAVYVCPWGTSPIQCTTIQFDSKGSRILESSLYSAKGEEPVEYKSLQWFGATVRAHGSSILACAPLYSWRTEKDPQNDPVGTCYLSTENFTRILEYAPCRS,0
495,GTCYLSTENFTRILEYAPCRSDFGSAAGQGYCQGGFSAEFTKTGRVVLGGPGSYFWQGQILSATQEQISESYYPEYLINPVQGQLQTRQASSVYDDSYLGYSVAVGEFSGDDTEDFVAGVPKGNLTYGYVTVLNGSDIHSLYNVSGEQMASYFGYAVAAT,0
496,YLGYSVAVGEFSGDDTEDFVAGVPKGNLTYGYVTVLNGSDIHSLYNVSGEQMASYFGYAVAATDTNGDGLDDLLVGAPLLMERTADGRPQEVGRVYIYLQRPAGIDPTPTLTLTGQDEFSRFGSSLTPLGDLDQDGYNDVAIGAPFGGEAQQGVVFIFPG,0
497,SISYNIQNREWYIPLPSHIMTKGAFLGGADVKECIEAFSSYICPSDPGFVLNHEMESCLSGNISQCPRTLVKSDIVPRYAFVNGGVVANCITTTCTCNGIGNRINQPPDQGVKIITHKECNTIGINGMLFNTNKEGTLAFYTPNDITLNNSVALDPIDIS,0
498,LNSSFTLLHLPHYFHGCGHAVYNNSLYYHKGGSNTIVRFEFGKETPQTLKLENALYFDRKYLFANSKTYFNIAVDEKGIWIIYASSVDGSSILVAQLDERTFSVTQHINTTYPKSKAGNAFIARGILYVTDTKDTRVTFAFDLLGGKQINANFDFRMSQS,0
499,FEFKREVGADGKVSYLLSARYNPNDPYASGYRAKDRLSMRISNVRFVIDNDSIKLGTPKVKKLAPLNSASFDLINESKTESKLSKTFNYTTSKTVSKTDNFKFGEKIGVKTSFKVGLEAIVDSKVETSFEFNAEQGWSNTNSTTETKQESTTYTATVSPQ,0
500,PKGEPGIPGKKGDDGMANQPGLPGPPGPKGEPGDVGPRGENGVDGIPGLKGEPGHPGVDGATGPRGAPGLKGEQGDTVVIDYDGRILDALKGPPGPQGAPGPPGIPGAKGELGLPGAPGIDGEKGPKGPKGDPGEPGPAGPKGETGEMGLSGLPGADGPK,0
501,GLSGLPGADGPKGEKGESASDHLQESLAQIIVEPGPPGPPGPPGPMGLQGIQGPKGLDGAKGEKGTSGERGPHGLPGPVGPPGLIGLPGTKGEKGRPGEPGLDGFPGPRGEKGDRSERGEKGERGVPGRKGVKGQKGEPGPPGLDQPCPVGPDGLPVPGC,0
502,GCPRAFDGSGQEFAHAWRLGDIHFDDDEHFTPPTSDTGISLLKVAVHEIGHVLGLPHTYRTGSIMQPNYIPQEPAFELDWSDRKAIQKLYGSCEGSFDTAFDWIRKERNQYGEVMVRFSTYFFRNSWYWLYENRNNRTRYGDPIQILTGWPGIPTHNIDA,0
503,QRVLTPNLVAALPPSTHGAGWQLFCRTVWSAHSGPTRMATAVARCAPDEELLSCSSFSRSGKRRGERMEAQGGKLVCRAHNAFGGEGVYAIARCCLLPQANCSVHTAPPAEASMGTRVHCHQQGHVLTGCSSHWEVEDLGTHKPPVLRPRGQPNQCVGHR,0
504,CLSGNTSACMYSKTEGALTTPYMALKGSVIANCKITTCRCTDPPGIISQNYGEAVSLIDRHSCNVLSLDGITLRLSGEFDATYQKNISILDSQVIVTGNLDISTELGNVNNSISNALDKLAESNSKLEKVNVRLTSTSALITYIVLTVISLVFGALSLGL,0
505,QVGVELNLYLTELTTVFGPQITSPALTQLTIQALYNLAGGNMDYLLTKLGIGNNQLSSLIGSGLITGYPILYDSQTQLLGIQVNLPSVGNLNNMRATYLETLSVSTTKGYASALVPKVVTQVGSVIEELDTSYCIESDLDLYCTRIVTFPMSPGIYSCLS,0
506,LRALLSYLLPLHCALCAAAGSRTPELHLSGKLSDYGVTVPCSTDFRGRFLSHVVSGPAAASAGSMVVDTPPTLPRHSSHLRVARSPLHPGGTLWPGRVGRHSLYFNVTVFGKELHLRLRPNRRLVVPGSSVEWQEDFRELFRQPLRQECVYTGGVTGMPG,0
507,ETSLGSVMAPLVQAAFHRFHWSRCSKLELSRYLPSYDCLLDDPFDPAWPQPPELPGINYSMDEQCRFDFGSGYQTCLAFRTFEPCKQLWCSHPDNPYFCKTKKGPPLDGTECAPGKWCFKGHCIWKSPEQTYGQDGGWSSWTKFGSCSRSCGGGVRSRSR,0
508,ACGGGIQFTKYGCRRRRDHHMVQRHLCDHKKRPKPIRRRCNQHPCSQPVWVTEEWGACSRSCGKLGVQTRGIQCLLPLSNGTHKVMPAKACAGDRPEARRPCLRVPCPAQWRLGAWSQCSATCGEGIQQRQVVCRTNANSLGHCEGDRPDTVQVCSLPAC,0
509,LNPKGKEATSRTFTAMGLEWEDAVEDAKESLKTSGPLPEAIAILALPPTEGGPRSSLAYKYVIHEDLLPLIGSNNVLLEEMDTYEWALKSWAPCSKACGGGIQFTKYGCRRRRDHHMVQRHLCDHKKRPKPIRRRCNQHPCSQPVWVTEEWGACSRSCGK,0
510,LPPRHLHVVHTGKTSVVIKWESPYDSPDQDLLYAVAVKDLIRKTDRSYKVKSRNSTVEYTLNKLEPGGKYHIIVQLGNMSKDSSIKITTVSLSAPDALKIITENDHVLLFWKSLALKEKHFNESRGYEIHMFDSAMNITAYLGNTTDNFFKISNLKMGHN,0
511,CVPRPCSLLCLPKANNSRSCRCPEDVSSSVLPSGDLMCDCPQGYQLKNNTCVKQENTCLRNQYRCSNGNCINSIWWCDFDNDCGDMSDERNCPTTICDLDTQFRCQESGTCIPLSYKCDLEDDCGDNSDESHCEMHQCRSDEYNCSSGMCIRSSWVCDGD,0
512,QYRCSNGNCINSIWWCDFDNDCGDMSDERNCPTTICDLDTQFRCQESGTCIPLSYKCDLEDDCGDNSDESHCEMHQCRSDEYNCSSGMCIRSSWVCDGDNDCRDWSDEANCTAIYHTCEASNFQCRNGHCIPQRWACDGDTDCQDGSDEDPVNCEKKCNG,0
513,ENVHSWLILQVNATDALGVPCTENDYKLWSPSDERGNECLLGHKTVFKRRTPHATCFNGEDFDRPVVVSNCSCTREDYECDFGFKMSEDLSLEVCVPDPEFSGKSYSPPVPCPVGSTYRRTRGYRKISGDTCSGGDVEARLEGELVPCPLAEENEFILYA,0
514,KISGDTCSGGDVEARLEGELVPCPLAEENEFILYAVRKSIYRYDLASGATEQLPLTGLRAAVALDFDYEHNCLYWSDLALDVIQRLCLNGSTGQEVIINSGLETVEALAFEPLSQLLYWVDAGFKKIEVANPDGDFRLTIVNSSVLDRPRALVLVPQEGV,0
515,FHRVEGLQGVYIATLINGSMNEENMRSVITFDKGGTWEFLQAPAFTGYGEKINCELSQGCSLHLAQRLSQLLNLQLRRMPILSKESAPGLIIATGSVGKNLASKTNVYISSSAGARWREALPGPHYYTWGDHGGIITAIAQGMETNELKYSTNEGETWKT,0
516,EVRDFQLRDKYMFATKVVHLLGSEQQSSVQLWVSFGRKPMRAAQFVTRHPINEYYIADASEDQVFVCVSHSNNRTNLYISEAEGLKFSLSLENVLYYSPGGAGSDTLVRYFANEPFADFHRVEGLQGVYIATLINGSMNEENMRSVITFDKGGTWEFLQA,0
517,KTDLGDSPLAFEHVMTRGVRPPAPSLKAKAINQTAVECTWTGPRNVVYGIFYATSFLDLYRNPKSLTTSLHNKTVIVSKDEQYLFLVRVVVPYQGPSSDYVVVKMIPDSRLPPRHLHVVHTGKTSVVIKWESPYDSPDQDLLYAVAVKDLIRKTDRSYKV,0
518,LTFFFVIFSVNVVAKEFTLDFSTAKTYVDSLNVIRSAIGTPLQTISSGGTSLLMIDSGTGDNLFAVDVRGIDPEEGRFNNLRLIVERNNLYVTGFVNRTNNVFYRFADFSHVTFPGTTAVTLSGDSSYTTLQRVAGISRTGMQINRHSLTTSYLDLMSHS,0
519,RLIFVYTLICANFCSCRDTSATPQSASIKALRNANLRRDESNHLTDLYRRDETIQVKGNGYVQSPRFPNSYPRNLLLTWRLHSQENTRIQLVFDNQFGLEEAENDICRYDFVEVEDISETSTIIRGRWCGHKEVPPRIKSRTNQIKITFKSDDYFVAKPG,0
520,FYQMDGTPCEGGQAYCYNGMCLTYQEQCQQLWGPGARPAPDLCFEKVNVAGDTFGNCGKDMNGEHRKCNMRDAKCGKIQCQSSEARPLESNAVPIDTTIIMNGRQIQCRGTHVYRGPEEEGDMLDPGLVMTGTKCGYNHICFEGQCRNTSFFETEGCGKK,0
521,HGTTIGLAPLMAMCSVYQSGGVNMDHSENAIGVAATMAHEMGHNFGMTHDSADCCSASAADGGCIMAAATGHPFPKVFNGCNRRELDRYLQSGGGMCLSNMPDTRMLYGGRRCGNGYLEDGEECDCGEEEECNNPCCNASNCTLRPGAECAHGSCCHQCK,0
522,VRDEKPWKGRPWWLRTLKPPPARPLGNETERGQPGLKRSVSRERYVETLVVADKMMVAYHGRRDVEQYVLAIMNIVAKLFQDSSLGSTVNILVTRLILLTEDQPTLEITHHAGKSLDSFCKWQKSIVNHSGHGNAIPENGVANHDTAVLITRYDICIYKN,0
523,SGHGNAIPENGVANHDTAVLITRYDICIYKNKPCGTLGLAPVGGMCERERSCSVNEDIGLATAFTIAHEIGHTFGMNHDGVGNSCGARGQDPAKLMAAHITMKTNPFVWSSCSRDYITSFLDSGLGLCLNNRPPRQDFVYPTVAPGQAYDADEQCRFQHG,0
524,CKHVGCDRVLGSDLREDKCRVCGGDGSACETIEGVFSPASPGAGYEDVVWIPKGSVHIFIQDLNLSLSHLALKGDQESLLLEGLPGTPQPHRLPLAGTTFQLRQGPDQVQSLEALGPINASLIVMVLARTELPALRYRFNAPIARDSLPPYSWHYAPWTK,0
525,CNTEPCPPDWVVGNWSLCSRSCDAGVRSRSVVCQRRVSAAEEKALDDSACPQPRPPVLEACHGPTCPPEWAALDWSECTPSCGPGLRHRVVLCKSADHRATLPPAHCSPAAKPPATMRCNLRRCPPARWVAGEWGECSAQCGVGQRQRSVRCTSHTGQAS,0
526,DADEQCRFQHGVKSRQCKYGEVCSELWCLSKSNRCITNSIPAAEGTLCQTHTIDKGWCYKRVCVPFGSRPEGVDGAWGPWTPWGDCSRTCGGGVSSSSRHCDSPRPTIGGKYCLGERRRHRSCNTDDCPPGSQDFREVQCSEFDSIPFRGKFYKWKTYRG,0
527,VADEEEYLIEPLHGGPKGSRSPEESGPHVVYKRSSLRHPHLDTACGVRDEKPWKGRPWWLRTLKPPPARPLGNETERGQPGLKRSVSRERYVETLVVADKMMVAYHGRRDVEQYVLAIMNIVAKLFQDSSLGSTVNILVTRLILLTEDQPTLEITHHAGK,0
528,RGQDPAKLMAAHITMKTNPFVWSSCSRDYITSFLDSGLGLCLNNRPPRQDFVYPTVAPGQAYDADEQCRFQHGVKSRQCKYGEVCSELWCLSKSNRCITNSIPAAEGTLCQTHTIDKGWCYKRVCVPFGSRPEGVDGAWGPWTPWGDCSRTCGGGVSSSS,0
529,GYEDVVWIPKGSVHIFIQDLNLSLSHLALKGDQESLLLEGLPGTPQPHRLPLAGTTFQLRQGPDQVQSLEALGPINASLIVMVLARTELPALRYRFNAPIARDSLPPYSWHYAPWTKCSAQCAGGSQVQAVECRNQLDSSAVAPHYCSAHSKLPKRQRAC,0
530,VVADKMMVAYHGRRDVEQYVLAIMNIVAKLFQDSSLGSTVNILVTRLILLTEDQPTLEITHHAGKSLDSFCKWQKSIVNHSGHGNAIPENGVANHDTAVLITRYDICIYKNKPCGTLGLAPVGGMCERERSCSVNEDIGLATAFTIAHEIGHTFGMNHDG,0
531,SLSHLALKGDQESLLLEGLPGTPQPHRLPLAGTTFQLRQGPDQVQSLEALGPINASLIVMVLARTELPALRYRFNAPIARDSLPPYSWHYAPWTKCSAQCAGGSQVQAVECRNQLDSSAVAPHYCSAHSKLPKRQRACNTEPCPPDWVVGNWSLCSRSCD,0
532,KPTRKPLAPPPQPPASPTHSPSFPIPDRCEGNFDAIANIRGETFFFKGPWFWRLQPSGQLVSPRPARLHRFWEGLPAQVRVVQAAYARHRDGRILLFSGPQFWVFQDRQLEGGARPLTELGLPPGEEVDAVFSWPQNGKTYLVRGRQYWRYDEAAARPDP,0
533,WATLLTLLVRDLAEMGSPDAAAAVRKDRLHPRQVKLLETLSEYEIVSPIRVNALGEPFPTNVHFKRTRRSINSATDPWPAFASSSSSSTSSQAHYRLSAFGQQFLFNLTANAGFIAPLFTVTLLGTPGVNQTKFYSEEEAELKHCFYKGYVNTNSEHTAV,0
534,GTQRRRAICVNTRNDVLDDSKCTHQEKVTIQRCSEFPCPQWKSGDWSECLVTCGKGHKHRQVWCQFGEDRLNDRMCDPETKPTSMQTCQQPECASWQAGPWGQCSVTCGQGYQLRAVKCIIGTYMSVVDDNDCNAATRPTDTQDCELPSCHPPPAAPETR,0
535,DRLNDRMCDPETKPTSMQTCQQPECASWQAGPWGQCSVTCGQGYQLRAVKCIIGTYMSVVDDNDCNAATRPTDTQDCELPSCHPPPAAPETRRSTYSAPRTQWRFGSWTPCSATCGKGTRMRYVSCRDENGSVADESACATLPRPVAKEECSVTPCGQWK,0
536,FSGETDDDNYLALSSSKGEFLLNGNFVVTMAKREIRIGNAVVEYSGSETAVERINSTDRIEQELLLQVLSVGKLYNPDVRYSFNIPIEDKPQQFYWNSHGPWQACSKPCQGERKRKLVCTRESDQLTVSDQRCDRLPQPGHITEPCGTDCDLRWHVASRS,0
537,LPQNCKEVKRLKGASEDGEYFLMIRGKLLKIFCAGMHSDHPKEYVTLVHGDSENFSEVYGHRLHNPTECPYNGSRRDDCQCRKDYTAAGFSSFQKIRIDLTSMQIITTDLQFARTSEGHPVPFATAGDCYSAAKCPQGRFSINLYGTGLSLTESARWISQ,0
538,QDCSMSPCPQRTPDSGLAQHPFQNEDYRPRSASPSRTHVLGGNQWRTGPWGACSSTCAGGSQRRVVVCQDENGYTANDCVERIKPDEQRACESGPCPQWAYGNWGECTKLCGGGIRTRLVVCQRSNGERFPDLSCEILDKPPDREQCNTHACPHDAAWST,0
539,LNSKARRDKCGVCGGDNSSCKTVAGTFNTVHYGYNTVVRIPAGATNIDVRQHSFSGETDDDNYLALSSSKGEFLLNGNFVVTMAKREIRIGNAVVEYSGSETAVERINSTDRIEQELLLQVLSVGKLYNPDVRYSFNIPIEDKPQQFYWNSHGPWQACSK,0
540,DCNAATRPTDTQDCELPSCHPPPAAPETRRSTYSAPRTQWRFGSWTPCSATCGKGTRMRYVSCRDENGSVADESACATLPRPVAKEECSVTPCGQWKALDWSSCSVTCGQGRATRQVMCVNYSDHVIDRSECDQDYIPETDQDCSMSPCPQRTPDSGLAQ,0
541,PCGTDCDLRWHVASRSECSAQCGLGYRTLDIYCAKYSRLDGKTEKVDDGFCSSHPKPSNREKCSGECNTGGWRYSAWTECSKSCDGGTQRRRAICVNTRNDVLDDSKCTHQEKVTIQRCSEFPCPQWKSGDWSECLVTCGKGHKHRQVWCQFGEDRLNDR,0
542,VEGTPCGKGRVCLQGKCVDKTKKKYYSTSSHGNWGSWGPWGQCSRSCGGGVQFAYRHCNNPAPRNSGRYCTGKRAIYRSCSVTPCPPNGKSFRHEQCEAKNGYQSDAKGVKTFVEWVPKYAGVLPADVCKLTCRAKGTGYYVVFSPKVTDGTECRPYSNS,0
543,ENFGTTEDKRLMSSILTSIDASKPWSKCTSATITEFLDDGHGNCLLDLPRKQILGPEELPGQTYDATQQCNLTFGPEYSVCPGMDVCARLWCAVVRQGQMVCLTKKLPAVEGTPCGKGRVCLQGKCVDKTKKKYYSTSSHGNWGSWGPWGQCSRSCGGGV,0
544,CLLDLPRKQILGPEELPGQTYDATQQCNLTFGPEYSVCPGMDVCARLWCAVVRQGQMVCLTKKLPAVEGTPCGKGRVCLQGKCVDKTKKKYYSTSSHGNWGSWGPWGQCSRSCGGGVQFAYRHCNNPAPRNSGRYCTGKRAIYRSCSVTPCPPNGKSFRH,0
545,GRRFLLDLERDDTVGAAGSIVTAGGGLSASSGHRGHCFYRGTVDGSPRSLAVFDLCGGLDGFFAVKHARYTLKPLLRGSWAEYERIYGDGSSRILHVYNREGFSFEALPPRASCETPASPSGPQESPSVHSRSRRRSALAPQLLDHSAFSPSGNAGPQTW,0
546,KRLMSSILTSIDASKPWSKCTSATITEFLDDGHGNCLLDLPRKQILGPEELPGQTYDATQQCNLTFGPEYSVCPGMDVCARLWCAVVRQGQMVCLTKKLPAVEGTPCGKGRVCLQGKCVDKTKKKYYSTSSHGNWGSWGPWGQCSRSCGGGVQFAYRHCN,0
547,GKVGYLVYAGGRRFLLDLERDDTVGAAGSIVTAGGGLSASSGHRGHCFYRGTVDGSPRSLAVFDLCGGLDGFFAVKHARYTLKPLLRGSWAEYERIYGDGSSRILHVYNREGFSFEALPPRASCETPASPSGPQESPSVHSRSRRRSALAPQLLDHSAFS,0
548,VHSRSRRRSALAPQLLDHSAFSPSGNAGPQTWWRRRRRSISRARQVELLLVADSSMARMYGRGLQHYLLTLASIANRLYSHASIENHIRLAVVKVVVLTDKDTSLEVSKNAATTLKNFCKWQHQHNQLGDDHEEHYDAAILFTREDLCGHHSCDTLGMAD,0
549,EGFGRRKLGSDMGNAERAPGSRSFGPVPTLLLLAAALLAVSDALGRPSEEDEELVVPELERAPGHGTTRLRLHAFDQQLDLELRPDSSFLAPGFTLQNVGRKSGSETPLPETDLAHCFYSGTVNGDPSSAAALSLCEGVRGAFYLLGEAYFIQPLPAASE,0
550,GECLMDKPQNPIQLPGDLPGTSYDANRQCQFTFGEDSKHCPDAASTCSTLWCTGTSGGVLVCQTKHFPWADGTSCGEGKWCINGKCVNKTDRKHFDTPFHGSWGMWGPWGDCSRTCGGGVQYTMRECDNPVPKNGGKYCEGKRVRYRSCNLEDCPDNNGK,0
551,ISGSVTSAKPGYHDIITIPTGATNIEVKQRNQRGSRNNGSFLAIKAADGTYILNGDYTLSTLEQDIMYKGVVLRYSGSSAALERIRSFSPLKEPLTIQVLTVGNALRPKIKYTYFVKKKKESFNAIPTFSAWVIEEWGECSKSCELGWQRRLVECRDING,0
552,LSTPAWDSPANSHRVPETQPLAPSLAEAGPPADPLVVRNAGWQAGNWSECSTTCGLGAVWRPVRCSSGRDEDCAPAGRPQPARRCHLRPCATWHSGNWSKCSRSCGGGSSVRDVQCVDTRDLRPLRPFHCQPGPAKPPAHRPCGAQPCLSWYTSSWRECS,0
553,IEEEAPELDLPGPVFVDDFYYDYNFINFHEDLSYGPSEEPDLDLAGTGDRTPPPHSHPAAPSTGSPVPATEPPAAKEEGVLGPWSPSPWPSQAGRSPPPPSEQTPGNPLINFLPEEDTPIGAPDLGLPSLSWPRVSTDGLQTPATPESQNDFPVGKDSQS,0
554,DTGVPCDEAQQPASEVTCSLPLCRWPLGTLGPEGSGSGSSSHELFNEADFIPHHLAPRPSPASSPKPGTMGNAIEEEAPELDLPGPVFVDDFYYDYNFINFHEDLSYGPSEEPDLDLAGTGDRTPPPHSHPAAPSTGSPVPATEPPAAKEEGVLGPWSPS,0
555,DYNFINFHEDLSYGPSEEPDLDLAGTGDRTPPPHSHPAAPSTGSPVPATEPPAAKEEGVLGPWSPSPWPSQAGRSPPPPSEQTPGNPLINFLPEEDTPIGAPDLGLPSLSWPRVSTDGLQTPATPESQNDFPVGKDSQSQLPPPWRDRTNEVFKDDEEPK,0
556,AFTVAHELGHSFGIQHDGSGNDCEPVGKRPFIMSPQLLYDAAPLTWSRCSRQYITRFLDRGWGLCLDDPPAKDIIDFPSVPPGVLYDVSHQCRLQYGAYSAFCEDMDNVCHTLWCSVGTTCHSKLDAAVDGTRCGENKWCLSGECVPVGFRPEAVDGGWS,0
557,SGWSAWSICSRSCGMGVQSAERQCTQPTPKYKGRYCVGERKRFRLCNLQACPAGRPSFRHVQCSHFDAMLYKGQLHTWVPVVNDVNPCELHCRPANEYFAEKLRDAVVDGTPCYQVRASRDLCINGICKNVGCDFEIDSGAMEDRCGVCHGNGSTCHTVS,0
558,LLTRKDLCAAMNRPCETLGLSHVAGMCQPHRSCSINEDTGLPLAFTVAHELGHSFGIQHDGSGNDCEPVGKRPFIMSPQLLYDAAPLTWSRCSRQYITRFLDRGWGLCLDDPPAKDIIDFPSVPPGVLYDVSHQCRLQYGAYSAFCEDMDNVCHTLWCSV,0
559,ASLLPPPIAPLPEMKVRDSSLEPGTPSFPTPGPGSWDLQTVAVWGTFLPTTLTGLGHMPEPALNPGPKGQPESLSPEVPLSSRLLSTPAWDSPANSHRVPETQPLAPSLAEAGPPADPLVVRNAGWQAGNWSECSTTCGLGAVWRPVRCSSGRDEDCAPA,0
560,PPAAKEEGVLGPWSPSPWPSQAGRSPPPPSEQTPGNPLINFLPEEDTPIGAPDLGLPSLSWPRVSTDGLQTPATPESQNDFPVGKDSQSQLPPPWRDRTNEVFKDDEEPKGRGAPHLPPRPSSTLPPLSPVGSTHSSPSPDVAELWTGGTVAWEPALEGG,0
561,YGAYSAFCEDMDNVCHTLWCSVGTTCHSKLDAAVDGTRCGENKWCLSGECVPVGFRPEAVDGGWSGWSAWSICSRSCGMGVQSAERQCTQPTPKYKGRYCVGERKRFRLCNLQACPAGRPSFRHVQCSHFDAMLYKGQLHTWVPVVNDVNPCELHCRPAN,0
562,EPDLDLAGTGDRTPPPHSHPAAPSTGSPVPATEPPAAKEEGVLGPWSPSPWPSQAGRSPPPPSEQTPGNPLINFLPEEDTPIGAPDLGLPSLSWPRVSTDGLQTPATPESQNDFPVGKDSQSQLPPPWRDRTNEVFKDDEEPKGRGAPHLPPRPSSTLPP,0
563,SLEPGTPSFPTPGPGSWDLQTVAVWGTFLPTTLTGLGHMPEPALNPGPKGQPESLSPEVPLSSRLLSTPAWDSPANSHRVPETQPLAPSLAEAGPPADPLVVRNAGWQAGNWSECSTTCGLGAVWRPVRCSSGRDEDCAPAGRPQPARRCHLRPCATWHS,0
564,GWSGWSAWSICSRSCGMGVQSAERQCTQPTPKYKGRYCVGERKRFRLCNLQACPAGRPSFRHVQCSHFDAMLYKGQLHTWVPVVNDVNPCELHCRPANEYFAEKLRDAVVDGTPCYQVRASRDLCINGICKNVGCDFEIDSGAMEDRCGVCHGNGSTCHT,0
565,SGAMEDRCGVCHGNGSTCHTVSGTFEEAEGLGYVDVGLIPAGAREIRIQEVAEAANFLALRSEDPEKYFLNGGWTIQWNGDYQVAGTTFTYARRGNWENLTSPGPTKEPVWIQLLFQESNPGVHYEYTIHREAGGHDEVPPPVFSWHYGPWTKCTVTCGR,0
566,GICKNVGCDFEIDSGAMEDRCGVCHGNGSTCHTVSGTFEEAEGLGYVDVGLIPAGAREIRIQEVAEAANFLALRSEDPEKYFLNGGWTIQWNGDYQVAGTTFTYARRGNWENLTSPGPTKEPVWIQLLFQESNPGVHYEYTIHREAGGHDEVPPPVFSWH,0
567,THGIKPVVSTQLLLNGSLAEEEIIIRSENITDNTKNIIVQLNETVQINCTRPNNNTRKSIHMGPGKAFYTTGDIIGDIRQAHCNISGEKWNMTLSRVKEKLKEHFKNGTITFKPPNPGGDPEILTHMFNCAGEFFYCNTTKLFNETGENGTITLPCRIKQ,0
568,LIEESQTQQEKNEQDLLALDKWASLWNWFDITKWLWYIKIFIMIIGGLIGLRIAFAVLSVVNRVRQGYSPLSFQTLIPTSRGADRPEGIEEEGGEQDKNRSVRLVSGFLALAWDDLRNLCLFSYRQLRNLILIVTRILERGLRGGWEALKYLWNLVQYWS,0
569,QTKMVEKCGCAQYSQPLPPAANYCNYQQHPNWMYCYYQLYQAFVREELGCQSVCKQSCSFKEWTLTTSLAQWPSEASEKWLLNVLTWDQSQQINKKLNKTDLAKLLIFYKDLNQRSIMESPANSIEMLLSNFGGQLGLWMSCSVVCVIEIIEVFFIDFFS,0
570,SFHKDYEMESEEDYDQETTPITTSTTTRTTPATPYHGGQHQYYPWSGHQNRQQATPITSNSPRKNLNSFYFWETYYPAYASQPNHAHSSDSQHRHNHPEHTCVYETLAKKSNISAIQYMRKKRPELTPAELKEWTLVMMGTSGHHMKRNGSQASSHGGEQ,0
571,SPRKNLNSFYFWETYYPAYASQPNHAHSSDSQHRHNHPEHTCVYETLAKKSNISAIQYMRKKRPELTPAELKEWTLVMMGTSGHHMKRNGSQASSHGGEQIFKCAGVTTNGICIECKPGFFKMGDNCVAHCPQHYYGSVQAVQMAASSKMTTTKPLLHTQ,0
572,EEDYDQETTPITTSTTTRTTPATPYHGGQHQYYPWSGHQNRQQATPITSNSPRKNLNSFYFWETYYPAYASQPNHAHSSDSQHRHNHPEHTCVYETLAKKSNISAIQYMRKKRPELTPAELKEWTLVMMGTSGHHMKRNGSQASSHGGEQIFKCAGVTTN,0
573,VKVTFNSALAQKEAKKDEPKSGEEALIIPPDAVAVDCKDPDDVVPVGQRRAWCWCMCFGLAFMLAGVILGGAYLYKYFALQPDDVYYCGIKYIKDDVILNEPSADAPAALYQTIEENIKIFEEEEVEFISVPVPEFADSDPANIVHDFNKKLTAYLDLNL,0
574,GIQKIYGPPAEPLEPTRPLPTLPVRRIHSPSERKHERQPRPPRPPLGDRPSTPGTKPNICDGNFNTVALFRGEMFVFKDRWFWRLRNNRVQEGYPMQIEQFWKGLPARIDAAYERADGRFVFFKGDKYWVFKEVTVEPGYPHSLGELGSCLPREGIDTAL,0
575,LSVGHSQPLEDCSFNMTAKTFFIIHGWTMSGIFENWLHKLVSALHTREKDANVVVVDWLPLAHQLYTDAVNNTRVVGHSIARMLDWLQEKDDFSLGNVHLIGYSLGAHVAGYAGNFVKGTVGRITGLDPAGPMFEGADIHKRLSPDDADFVDVLHTYTRS,0
