,X_train,y_train
0,LLEEMTVFREPTTISAMELSTKQQQLYIGSTAGVAQLPLHRCDIYGKACAECCLARDPYCAWDGSSCSRYFPTAKRRTRRQDIRNGDPLTHCSDLQHHDNHHGPSLEERIIYGVENSSTFLECSPKSQRALVYWQFQRRNEDRKEEIRMGDHIIRTEQGL,1
1,TFYVEPAERYIKDRTLPFHSVIYHEDDINYPHKYGPQGGCADHSVFERMRKYQMTGVEEVTQIPQEEHAANGPELLRKKRTTSAEKNTCQLYIQTDHLFFKYYGTREAVIAQISSHVKAIDTIYQTTDFSGIRNISFMVKRIRINTTADEKDPTNPFRFP,1
2,GMIKSDNEEYFIEPLERGKQMEEEKGRIHVVYKRSAVEQAPIDMSKDFHYRESDLEGLDDLGTVYGNIHQQLNETMRRRRHAGENDYNIEVLLGVDDSVVRFHGKEHVQNYLLTLMNIVNEIYHDESLGVHINVVLVRMIMLGYAKSISLIERGNPSRSL,1
3,YSDSAVSLSTCSGLRGLIVFENESYVLEPMKSATNRYKLFPAKKLKSVRGSCGSHHNTPNLAAKNVFPPPSQTWARRHKRETLKATKYVELVIVADNREFQRQGKDLEKVKQRLIEIANHVDKFYRPLNIRIVLVGVEVWNDMDKCSVSQDPFTSLHEFL,1
4,RAIAAHYEVHPRPGQDGAQAGVDGTVSGWEEARINSSSPLRYNRQIGEFIVTRAGLYYLYCQVHFDEGKAVYLKLDLLVDGVLALRCLEEFSATAASSLGPQLRLCQVSGLLALRPGSSLRIRTLPWAHLKAAPFLTYFGLFQVH,1
5,NVFMMLYVQLVQGSSNEHGPVKRSSQSTLERSEQQIRAASSLEELLRITHSEDWKLWRCRLRLKSFTSMDSRSASHRSTRFAATFYDIETLKVIDEEWQRTQCSPRETCVEVASELGKSTNTFFKPPCVNVFRCGGCCNEESLICMNTSTSYISKQLFEI,1
6,QGSSNEHGPVKRSSQSTLERSEQQIRAASSLEELLRITHSEDWKLWRCRLRLKSFTSMDSRSASHRSTRFAATFYDIETLKVIDEEWQRTQCSPRETCVEVASELGKSTNTFFKPPCVNVFRCGGCCNEESLICMNTSTSYISKQLFEISVPLTSVPELV,1
7,AAENWLRLYGYLPQPSRHMSTMRSAQILASALAEMQSFYGIPVTGVLDEETKTWMKRPRCGVPDQFGVHVKANLRRRRKRYTLTGKAWNNYHLTFSIQNYTEKLGWYNSMEAVRRAFQVWEQVTPLVFQEVSYDDIRLRRRAEADIMVLFASGFHGDSSP,1
8,EYAYKIVKKGDSTIMKSELEYGNCNTKCQTPMGAINSSMPFHNIHPLTIGECPKYVKSNRLVLATGLRNTPQRERRRKKRGLFGAIAGFIEGGWQGMVDGWYGYHHSNEQGSGYAADKESTQKAIDGVTNKVNSIINKMNTQFEAVGREFNNLERRIENL,1
9,LKMRMRYRCYTLCATSTRIMFWILFFLLCFSIVTLSTIISILRYQWKEAITHPGPVLSWQVTNSHVTMGGNTSSSSRRRRDIQYHKLPVEVNISGIPQGLFFAPQPKPIFHKERTLGLSQVILIDSDTITQGHIKQQKAYLVSTINEEMEQLQKTVLPFD,1
10,GTINGDPESVASLHWDGGALLGVLQYRGAELHLQPLEGGTPNSAGGPGAHILRRKSPASGQGPMCNVKAPLGSPSPRPRRAKRFASLSRFVETLVVADDKMAAFHGAGLKRYLLTVMAAAAKAFKHPSIRNPVSLVVTRLVILGSGEEGPQVGPSAAQTL,1
11,NGDPESVASLHWDGGALLGVLQYRGAELHLQPLEGGTPNSAGGPGAHILRRKSPASGQGPMCNVKAPLGSPSPRPRRAKRFASLSRFVETLVVADDKMAAFHGAGLKRYLLTVMAAAAKAFKHPSIRNPVSLVVTRLVILGSGEEGPQVGPSAAQTLRSF,1
12,AQVKARIPEVGAVTKQSISSKLEGKIMPVKYEENSLIWVAVDQPVKDNSFLSSKVLELCGDLPIFWLKPTYPKEIQRERREVVRKIVPTTTKRPHSGPRSNPGAGRLNNETRPSVQEDSQAFNPDNPYHQQEGESMTFDPRLDHEGICCIECRRSYTHCQ,1
13,RRLLCPALLLLLLLLPPPLLPPPPPPANARLAAAADPPGGPLGHGAERILAVPVRTDAQGRLVSHVVSAATSRAGVRARRAAPVRTPSFPGGNEEEPGSHLFYNVTVFGRDLHLRLRPNARLVAPGATMEWQGEKGTTRVEPLLGSCLYVGDVAGLAEAS,1
14,DGLAGLIRMEEEEFFIEPLEKGLAAQEAEQGRVHVVYRRPPTSPPLGGPQALDTGASLDSLDSLSRALGVLEEHANSSRRRARRHAADDDYNIEVLLGVDDSVVQFHGKEHVQKYLLTLMNIVNEIYHDESLGAHINVVLVRIILLSYGKSMSLIEIGNP,1
15,GLIRMEEEEFFIEPLEKGLAAQEAEQGRVHVVYRRPPTSPPLGGPQALDTGASLDSLDSLSRALGVLEEHANSSRRRARRHAADDDYNIEVLLGVDDSVVQFHGKEHVQKYLLTLMNIVNEIYHDESLGAHINVVLVRIILLSYGKSMSLIEIGNPSQSL,1
16,MQRVNMIMAESPGLITICLLGYLLSAECTVFLDHENANKILNRPKRYNSGKLEEFVQGNLERECMEEKCSFEEAREVFENTERTTEFWKQYVDGDQCESNPCLNGGSCKDDINSYECWCPFGFEGK,1
17,RVGLVAVDKGVFVLNKKNKLTQSKIWDVVEKADIGCTPGSGKNYAGVFMDAGLTFKTNQGLQTDQREDPECAKPAARRRRSVQLMERRMDKAGQYTDKGLRKCCEDGMRDIPMPYSCQRRARLITQGESCLKAFMDCCNYITKLREQHRRDHVLGLARSD,1
18,DVTGVVRQWLSRGGEIEGFRLSAHCSCDSRDNTLQVDINGFTTGRRGDLATIHGMNRPFLLLMATPLERAQHLQSSRHRRALDTNYCFSSTEKNCCVRQLYIDFRKDLGWKWIHEPKGYHANFCLGPCPYIWSLDTQYSKVLALYNQHNPGASAAPCCVP,1
19,HSLDTALRRARSAPTAPIAARVTGQTRNITVDPRLFKKRRLHSPRVLFSTQPPPTSSDTLDLDFQAHGTIPFNRTHRSKRSSTHPVFHMGEFSVCDSVSVWVGDKTTATDIKGKEVTVLAEVNINNSVFRQYFFETKCRASNPVESGCRGIDSKHWNSYC,1
20,KYVMGHFRWDRFGRRNSSSSGSSGAGQKREDVSAGEDCGPLPEGGPEPRSDGAKPGPREGKRSYSMEHFRWGKPVGKKRRPVKVYPNGAEDESAEAFPLEFKRELTGQRLREGDGPDGPADDGAGAQADLEHSLLVAAEKKDEGPYRMEHFRWGSPPKDK,1
21,VKVYPNGAEDESAEAFPLEFKRELTGQRLREGDGPDGPADDGAGAQADLEHSLLVAAEKKDEGPYRMEHFRWGSPPKDKRYGGFMTSEKSQTPLVTLFKNAIIKNAYKKGE,1
22,ELYPMEPEEEANGSEILAKRYGGFMKKDAEEDDSLANSSDLLKELLETGDNRERSHHQDGSDNEEEVSKRYGGFMRGLKRSPQLEDEAKELQKRYGGFMRRVGRPEWWMDYQKRYGGFLKRFAEALPSDEEGESYSKEVPEMEKRYGGFMRF,1
23,LTFTSSATAGPETLCGAELVDALQFVCGDRGFYFNKPTGYGSSSRRAPQTGIVDECCFRSCDLRRLEMYCAPLKPAKSARSVRAQRHTDMPKTQKYQPPSTNKNTKSQRRKGWPKTHPGGEQKEGTEASLQIRGKKKEQRREIGSRNAECRGKKGK,1
24,LTFLAFASCCIAAYRPSETLCGGELVDTLQFVCGDRGFYFSRPASRVSRRSRGIVEECCFRSCDLALLETYCATPAKSERDVSTPPTVLPDNFPRYPVGKFFQYDTWKQSTQRLRRGLPALLRARRGHVLAKELEAFREAKRHRPLIALPTQDPAHGGAP,1
25,MKWVTFLLLLFISGSAFSRGVFRREAHKSEIAHRFKDLGEQHFKGLVLIAFSQYLQKCPYEEHIKLVQEVTDFAKTCVADENAENCDKSIHTLFGDKLCAIPKL,1
26,MRHKRSAKRTKRASATQLYKTCKQAGTCPPDIIPKVEGKTIAEQILQYGSMGVFFGGLGIGTGSGTGGRTGYIPLGTRPPTATDTLAPVRPP,1
27,EKYEAVQDRYTKGQEAITYFITSGGLLLAWLPLTPRSLATVKNLTELTTPTSSPPSSPSPPAPSAARGSTPAAVLRRRRRDAGNATTPVPPTAPGKSLGTLNNPATVQIQFAYDSLRRQINRMLGDLARAWCLEQKRQNMVLRELTKINPTTVMSSIYGK,1
28,SKGKTIKTTPEGTEEWSAAPLVTAMCLLGNVSFPCDRPPTCYTREPSRALDILEENVNHEAYDTLLNAILRCGSSGRSKRSVIDDFTLTSPYLGTCSYCHHTVPCFSPVKIEQVWDEADDNTIRIQTSAQFGYDQSGAASANKYRYMSLKQDHTVKEGTM,1
29,PNRASFLRGKSMGIQSDVQVDANCEGECYHSGGTITSRLPFQNINSRAVGKCPRYVKQESLLLATGMKNVPEPSKKREKRGLFGAIAGFIENGWEGLVDGWYGFRHQNAQGEGTAADYKSTQSAIDQITGKLNRLIEKTNQQFELIDNEFTEVEKQIGNL,1
30,MWQLTSLLLFVATWGISGTPAPLDSVFSSSERAHQVLRIRKRANSFLEELRHSSLERECIEEICDFEEAKEIFQNVDDTLAFWSKHVDGDQCLVLPLEHPCASLCCGHGTCIDGIGSFSCDC,1
31,CDCRSGWEGRFCQREVSFLNCSLDNGGCTHYCLEEVGWRRCSCAPGYKLGDDLLQCHPAVKFPCGRPWKRMEKKRSHLKRDTEDQEDQVDPRLIDGKMTRRGDSPWQVVLLDSKKKLACGAVLIHPSWVLTAAHCMDESKKLLVRLGEYDLRRWEKWELD,1
32,KAMYAPPISGQIRCSSNITGLLLTRDGGNSNNESEIFRPGGGDMRDNWRSELYKYKVVKIEPLGVAPTKAKRRVVQREKRAVGIGALFLGFLGAAGSTMGAASMTLTVQARQLLSGIVQQQNNLLRAIEAQQHLLQLTVWGIKQLQARILAVERYLKDQQ,1
33,LTFTSSATAGPETLCGAELVDALQFVCGDRGFYFNKPTGYGSSSRRAPQTGIVDECCFRSCDLRRLEMYCAPLKPAKSARSVRAQRHTDMPKTQKYQPPSTNKNTKSQRRKGWPKTHPGGEQKEGTEASLQIRGKKKEQRREIGSRNAECRGKKGK,1
34,MDYLLMIFSLLFVACQGAPETAVLGAELSAVGENGGEKPTPSPPWRLRRSKRCSCSSLMDKECVYFCHLDIIWVNTPEHVVPYGLGSPRSKRALENLLPTKATDRENRCQCASQKDKKCWNFCQAGKELRAE,1
35,VACQGAPETAVLGAELSAVGENGGEKPTPSPPWRLRRSKRCSCSSLMDKECVYFCHLDIIWVNTPEHVVPYGLGSPRSKRALENLLPTKATDRENRCQCASQKDKKCWNFCQAGKELRAEDIMEKDWNNHKKGKDCSKLGKKCIYQQLVRGRKIRRSSEE,1
36,SAVGENGGEKPTPSPPWRLRRSKRCSCSSLMDKECVYFCHLDIIWVNTPEHVVPYGLGSPRSKRALENLLPTKATDRENRCQCASQKDKKCWNFCQAGKELRAEDIMEKDWNNHKKGKDCSKLGKKCIYQQLVRGRKIRRSSEEHLRQTRSETMRNSVKS,1
37,NIPKDFSEDQGYPDPPNPCPVGKTADDGCLENTPDTAEFSREFQLHQHLFDPEHDYPGLGKWNKKLLYEKMKGGERRKRRSVNPYLQGQRLDNVVAKKSVPHFSDEDKDPE,1
38,RTWSPPFESEDSQKHNQSEYEDSAGECCSCPKTDSQILKELEESSFRKTFEDYLHNVVFVPRKTSSGTGAEDPRPSRKRRSLGDVGNVTVAVPTVAAFPNTSSTSVPTSPEEHRPFEKVVNKESLVISGLRHFTGYRIELQACNQDTPEERCSVAAYVSA,1
39,NEEDLRKQAKRYGGFLRKYPKRSSEMTGDEDRGQDGDQVGHEDLYKRYGGFLRRIRPKLKWDNQKRYGGFLRRQFKVVTRSQENPNTYSEDLDV,1
40,ELRNNGPSSFSKAMLHLQWPYKYNNNTLLYILHYDIDGPMNCTSDMEINPLRIKISSLQTTEKNDTVAGQGERDHLITKRDLALSEGDIHTLGCGVAQCLKIVCQVGRLDRGKSAILYVKSLLWTETFMNKENQNHSYSLKSSASFNVIEFPYKNLPIED,1
41,FLTDQSYIDVLPEFRDSYPIKYVHAFESNNFIYFLTVQRETLDAQTFHTRIIRFCSINSGLHSYMEMPLECILTEKRKKRSTKKEVFNILQAAYVSKPGAQLARQIGASLNDDILFGVFAQSKPDSAEPMDRSAMCAFPIKYVNDFFNKIVNKNNVRCLQ,1
42,QPQKEEDLGPAVHHVYELINQGPSSISQGVLELSCPQALEGQQLLYVTRVTGLNCTTNHPINPKGLELDPEGSLHHQQKREAPSRSSASSGPQILKCPEAECFRLRCELGPLHQQESQSLQLHFRVWAKTFLQREHQPFSLQCEAVYKALKMPYRILPRQ,1
43,SSIRYQWDKRYIPGEVKWWDWNWTIQQNGLSTMQNNLARVLRPVRAGITGDFSAESQFAGNIEIGAPVPLAADSKVRRARSVDGAGQGLRLEIPLDAQELSGLGFNNVSLSVTPAANQ,1
44,MELRPWLLWVVAATGTLVLLAADAQGQKVFTNTWAVRIPGGPAVANSVARKHGFLNLGQIFGDYYHFWHRGVTKRSLSPHRPRHSRLQREPQVQWLEQQVAKRRTKRDVYQEPTDPKFPQQWYLSGVTQRDLNVKAAWAQGYTGHGIVVSILDDG,1
45,QGQKVFTNTWAVRIPGGPAVANSVARKHGFLNLGQIFGDYYHFWHRGVTKRSLSPHRPRHSRLQREPQVQWLEQQVAKRRTKRDVYQEPTDPKFPQQWYLSGVTQRDLNVKAAWAQGYTGHGIVVSILDDGIEKNHPDLAGNYDPGASFDVNDQDPDPQP,1
46,KVFTNTWAVRIPGGPAVANSVARKHGFLNLGQIFGDYYHFWHRGVTKRSLSPHRPRHSRLQREPQVQWLEQQVAKRRTKRDVYQEPTDPKFPQQWYLSGVTQRDLNVKAAWAQGYTGHGIVVSILDDGIEKNHPDLAGNYDPGASFDVNDQDPDPQPRYT,1
47,APEYAYKIVKKGDSAIMKSGLEYGNCNTKCQTPIGAINSSMPFHNIHPLTIGECPKYVKSDRLVLATGLRNTPQRKRKKRGLFGAIAGFIEGGWQGMVDGWYGYHHSNEQGSGYAADKESTQKAIDGITNKVNSIIDKMNTQFEAVGKEFNNLERRIENL,1
48,LADAGLAILDTSGSIDIFVVQGEYGLNYYKVNPCEDVNQQFVVSGGKLVGILTSRNETGSQLLENQFYIKITNGTRRFRRSITENVANCPYVSYGKFCIKPDGSIATIVPKQLEQFVAPLFNVTENVLIPNSFNLTVTDEYIQTRMDKVQINCLQYVCGS,1
49,DPLDGVYNYLAQQRCNLDDTWEGKIYRVLAGNPAKHDLDIKPTVISHRLHFPEGGSLAALTAHQACHLPLETFTRHRQPRGWEQLEQCGYPVQRLVALYLAARLSWNQVDQVIRNALASPGSGGDLGEAIREQPEQARLALTLAAAESERFVRQGTGNDE,1
50,MQRRLVQQWSVAVFLLSYAVPSCGRSVEGLSRRLKRAVSEHQLLHDKGKSIQDLRRRFFLHHLIAEIHTAEIRATSEVSPNSKPSPNTKNHPVRFGSDDEGRYLTQETNKVETYKE,1
51,NIPKDFSEDQGYPDPPNPCPLGKTADDGCLENAPDTAEFSREFQLDQHLFDPEHDYPGLGKWNKKLLYEKMKGGQRRKRRSVNPYLQGKRLDNVVAKKSVPHFSEEEKEAE,1
52,EVNMSDSALDCVRDEAINKLQQIFNTSYNQTYEKYGNVSVFETTGGLVVFWQGIKQKSLVELERLANRSSLNLTHNRTKRSTDGNNATHLSNMESVHNLVYAQLQFTYDTLRGYINRALAQIAEAWCVDQRRTLEVFKELSKINPSAILSAIYNKPIAAR,1
53,TMWVDDQEVINKASNSNKIRLEKGRLYQIKIQYQRENPTEKGLDFKLYWTDSQNKKEVISSDNLQLPELKQKSSNSRKKRSTSAGPTVPDRDNDGIPDSLEVEGYTVDVKNKRTFLSPWISNIHEKKGLTKYKSSPEKWSTASDPYSDFEKVTGRIDKNV,1
54,YIVLFYNMSLDVNRKAESPPRFYFSSNGTSDVITGSIQVSSREANCRTHQAFMRKDVRDILTPIQIEAAYHLGPHVISKRSTEEFPPLQPILQQKKEKDIMKKTINFARFCAHENCSADLQVSAKIGFLKPHENKTYLAVGSMKTLMLNVSLFNAGDDAY,1
55,KNDESGFMKDDDDKTTKNTGSKQNLVTHGLPLSLAVKPYLALKGPAVFPAENGVQNTESTQEKREIGDEENSAKFPIGRRDFDMLRCMLGRVYRPCWQV,1
56,YQSTLPKAEAPREPERGGPAKSAFQPVIAMDTELLRQQRRYNSPRVLLSDSTPLEPPPLYLMEDYVGSPVVANRTSRRKRYAEHKSHRGEYSVCDSESLWVTDKSSAIDIRGHQVTVLGEIKTGNSPVKQYFYETRCKEARPVKNGCRGIDDKHWNSQCK,1
57,DSRNMIYITCHLKVTLAEQDPDELNKACSFSKPSNSWFPVEGSADICQCCNKGDCGTPSHSRRQPHVMSQWSRSASRNRRHVTEEADVTVGPLIFLDRRGDHEVEQWALPSDTSVVLLGVGLAVVVSLTLTAVILVLTRRCRTASHPVSASE,1
58,MELRSWLLWVVAAAGAVVLLAADAQGQKIFTNTWAVHIPGGPAVADRVAQKHGFHNLGQIFGDYYHFWHRAVTKRSLSPHRPRHSRLQREPQVKWLEQQVAKRRAKRDVYQEPTDPKFPQQWYLSGVTQRDLNVKEAWAQGFTGHGIVVS,1
59,EDEVGSLIEYEFRVINLGKPLTNLGTATLNIQWPKEISNGKWLLYLVKVESKGLEKVTCEPQKEINSLNLTESHNSRKKREITEKQIDDNRKFSLFAERKYQTLNCSVNVNCVNIRCPLRGLDSKASLILRSRLWNSTFLEEYSKLNYLDILMRAFIDVT,1
60,RGQKIFTNTWAVHISGGPAVADSVARKHGFHNLGQIFGDYYHFWHRAVTKRSLSPHRPRHSRLQRVPQVKWLEQQVAKQRAKRDVYQEPTDPKFPQQWYLSGVTQRDLNVKEAWAQGFTGRGIVVSILDDGIEKNHPDLAGNYDPGASFDVNDQDPDPQP,1
61,PKAGSRGLTSLADTFEHVIEELLDEDQKVRPNEENNKDADLYTSRVMLSSQVPLEPPLLFLLEEYKNYLDAANMSMRVRRHSDPARRGELSVCDSISEWVTAADKKTAVDMSGGTVTVLEKVPVSKGQLKQYFYETKCNPMGYTKEGCRGIDKRHWNSQC,1
62,KVYTNTWAAHISGGSAEADRLCKKYGFINHGLIFEDHYHFSHRAVMKRSLTPKRTRQVLLKREPQVHWLEQQVAKKRKKRDIYTDPTDPKFMQQWYLLDTNRHDLHVKEAWEQGFTGKGIVVSILDDGIEKNHPDLQANYDPAASYDVNDQDPDPQPRYT,1
63,FHRINIYEVMKPITANGHMINRLLDTRVIHHNVTQWESFDVSPAIMRWTLDKQINHGLAIEVIHLNQTKTYQGKHVRISRSLLPQKDADWSQMRPLLITFSHDGRGHALTRRSKRSPKQQRPRKKNKHCRRHSLYVDFSDVGWNDWIVAPPGYQAFYCHG,1
64,WESFDVSPAIMRWTLDKQINHGLAIEVIHLNQTKTYQGKHVRISRSLLPQKDADWSQMRPLLITFSHDGRGHALTRRSKRSPKQQRPRKKNKHCRRHSLYVDFSDVGWNDWIVAPPGYQAFYCHGDCPFPLADHLNSTNHAIVQTLVNSVNSSIPKACCV,1
65,MMGLFPRTTGALAIFVVVILVHGELRIETKGQYDEEEMTMQQAKRRQKREWVKFAKPCREGEDNSKRNPIAKITSDYQATQKITYRISGVGIDQPPFGIFVVDKNTGDINITAIVDREETPSFLITCRA,1
66,MLPLPSCSLPILLLFLLPSVPIESQPPPSTLPPFLAPEWDLLSPRVVLSRGAPAGPPLLFLLEAGAFRESAGAPANRSRRGVSETAPASRRGELAVCDAVSGWVTDRRTAVDLRGREVEVLGEVPAAGGSPLRQYFFETRCKADNAEEGGPGAGGGGCRG,1
67,CGSAQAPCSYGCSNTEGGYLCGCPPGYFRIGQGHCVSGMGMGRGNPEPPVSGEMDDNSLSPEACYECKINGYPKRGRKRRSTNETDASNIEDQSETEANVSLASWDVEKTAIFAFNISHVSNKVRILELLPALTTLTNHNRYLIESGNEDGFFKINQKEG,1
68,TTYQFFIRASTVKGFGPATAINVTTNISAPSLPDYEGVDASLNETATTITVLLRPAQAKGAPISAYQIVVEQLHPHRTKREAGAMECYQVPVTYQNALSGGAPYYFAAELPPGNLPEPAPFTVGDNRTYKGFWNPPLAPRKGYNIYFQAMSSVEKETKTQ,1
69,RNFKNSAQLCLELEAWERGRAVDLRGLGFDRAARQVHEKALFLVFGRTKKRDLFFNEIKARSGQDDKTVYEYLFSQRRKRRAPLATRQGKRPSKNLKARCSRKALHVNFKDMGWDDWIIAPLEYEAFHCEGLCEFPLRSHLEPTNHAVIQTLMNSMDPES,1
70,TNTFFKPPCVSVYRCGGCCNSEGLQCMNTSTSYLSKTLFEITVPLSQGPKPVTISFANHTSCRCMSKLDVYRQVHSIIRRSLPATLPQCQAANKTCPTNYMWNNHICRCLAQEDFMFSSDAGDDSTDGFHDICGPNKELDEETCQCVCRAGLRPASCGPH,1
71,SFSPEAWLQQYGYLPPGDLRTHTQRSPQSLSAAIAAMQKFYGLQVTGKADADTMKAMRRPRCGVPDKFGAEIKANVRRKRYAIQGLKWQHNEITFCIQNYTPKVGEYATYEAIRKAFRVWESATPLRFREVPYAYIREGHEKQADIMIFFAEGFHGDSTP,1
72,MAQALPWLLLWMGAGVLPAHGTQHGIRLPLRSGLGGAPLGLRLPRETDEEPEEPGRRGSFVEMVDNLRGKSGQGYYVEMTVGSPPQTLNILVDTGSSNFAVGAAPHPFLHRYYQRQLSSTYRDLR,1
73,MAPALHWLLLWVGSGMLPAQGTHLGIRLPLRSGLAGPPLGLRLPRETDEESEEPGRRGSFVEMVDNLRGKSGQGYYVEMTVGSPPQTLNILVDTGSSNFAVGAAPHPFLHRYYQRQLSSTYRDLR,1
74,CAQRSWLANLSVVAQLLNFGALCYGRQPQPGPVRFPDRRQEHFIKGLPEYHVVGPVRVDASGHFLSYGLHYPITSSRRKRDLDGSEDWVYYRISHEEKDLFFNLTVNQGFLSNSYIMEKRYGNLSHVKMMASSAPLCHLSGTVLQQGTRVGTAALSACHG,1
75,HGLTGFFQLPHGDFFIEPVKKHPLVEGGYHPHIVYRRQKVPETKEPTCGLKDSVNISQKQELWREKWERHNLPSRSLSRRSISKERWVETLVVADTKMIEYHGSENVESYILTIMNMVTGLFHNPSIGNAIHIVVVRLILLEEEEQGLKIVHHAEKTLSS,1
76,MASACQILRWALALGLGLTFKVTHAFRSQDELLSSLESYEIAFPTRVDHNGAMLAFSPPAFRRQRRGAGATTESRLFYKVAAPSTHFLLNLTRSPRLLAGHVSVEYWTREGLAWQRAARAHCLYAGHLQGQAGSSHVAVSTCGGLH,1
77,GLTFKVTHAFRSQDELLSSLESYEIAFPTRVDHNGAMLAFSPPAFRRQRRGAGATTESRLFYKVAAPSTHFLLNLTRSPRLLAGHVSVEYWTREGLAWQRAARAHCLYAGHLQGQAGSSHVAVSTCGGLHGLIVADDEEYLIEPLQGGPKGHRGPEESGP,1
78,EEYLIEPLQGGPKGHRGPEESGPHVVYKRSSLRHPHLDTACGVRDEKPWKGRPWWLRTLKPPPARPLGNESERGQLGLKRSVSRERYVETLVVADKMMVAYHGRRDVEQYVLAIMNIVAKLFQDSSLGNIVNILVTRLILLTEDQPTLEITHHAGKSLDS,1
79,ATERLAPAVPEEESSARPQFHILRRRRRGSGGAKCGVMDDETLPTSDSRPESQNTRNQWPVRDPTPQDAGKPSGPGSIRKKRFVSSPRYVETMLVADQSMADFHGSGLKHYLLTLFSVAARFYKHPSIRNSISLVVVKILVIYEEQKGPEVTSNAALTLR,1
80,VLVVLLPPDQLRNNSFHFLRELSHVLHTNVVFKRDAQGQQMIFPYYGHEEELRKHPIKRSTVGWATSSLLPGTSGGRQRRELDPMDIRGSIVYLEIDNRQCVQSSSQCFQSATDVAAFLGALASLGSLNIPYKIEAVKSEPVEPPLPSQLHLMYVAAAAF,1
81,NYDEYAIFLTKKSSHHHGLTITAKLYGREPQLRDSLLQEFKDVALNVGISENSIIFMPDRGECVPGDREVEPTSIARARRAVLPQESEGSGTEPLITGTLKKEDSCQLNYSEGPCLGMQERYYYNGASMACETFQYGGCLGNGNNFISEKDCLQTCRTIA,1
82,GSEYQVLYIADDNEIRSLFPGHPHSAYEQAFQGDESVRIDAMDVHVKAGRVYWTNWHTGTISYRSLPPAAPPTTSNRHRRQIDRGVTHLNISGLKMPRGIAIDWVAGNVYWTDSGRDVIEVAQMKGENRKTLISGMIDEPHAIVVDPLRGTMYWSDWGNH,1
83,DAVHAALFPPLSMSAPPPPGAGPPTPPYQELAQLLAQPEVGLIHQYCQGYWRHVPPSPREAPGAPRSPEPQDQKKPRNRRHHPPDT,1
84,AGSWVSICTCSGLRGLVVLTPERSYTLEQGPGDLQGPPIISRIQDLHLPGHTCALSWRESVHTQKPPEHPLGQRHIRRRRDVVTETKTVELVIVADHSEAQKYRDFQHLLNRTLEVALLLDTFFRPLNVRVALVGLEAWTQRDLVEISPNPAVTLENFLH,1
85,QMLKRRSFLKNDDLIIFVDFEDITHLSQTEVPTKGKRLSPQGLILQGQEQQVSEEGSGKAMLEEALPVSLSQGQPSRQKRSVENTGPLEDHNWPQYFRDPCDPNPCQNDGICVNVKGMASCRCISGHAFFYTGERCQAVQVHGSVLGMVIGGTAGVIFLT,1
86,RGEKVFTNTWAVHIPGGPAVADRVARKHGFLNLGQIFGDYYHFWHRAVTKRSLSPHRLGHNRLQREPQVKWLEQQVAKRRAKRDIYQEPTDPKFPQQWYLSGVTQRDLNVKEAWAQGYTGRGIVVSILDDGIEKNHPDLAGNYDPGASFDVNDQDPDPQP,1
87,KVFTNTWAVHIPGGPAVADRVARKHGFLNLGQIFGDYYHFWHRAVTKRSLSPHRLGHNRLQREPQVKWLEQQVAKRRAKRDIYQEPTDPKFPQQWYLSGVTQRDLNVKEAWAQGYTGRGIVVSILDDGIEKNHPDLAGNYDPGASFDVNDQDPDPQPRYT,1
88,VVSMGVEWLTRYGYLPPADPVHAQMQSLEKLQDAIKVMQRFAGLPETGQMDPMTIKTMRKPRCSLPDVLGAAGLVRRRRRYSLSGSVWKKRTLTWSIRSFSQKSQLSPQIVRTLLSYALAVWATESGLTFQEVNSQYQEPDIIIHFARAYHQDSYPFDGS,1
89,DCHYEGYMEGVPGSFVSVNICSGLRGVLIKEETSYGIEPMLSSKNFEHVLYTMEHQPVVSCSVTPKDSPGDTSHPPRSRKPDDLLVLTDWWSHTKYVEMFVVVNHQRFQMWGSNINETVQAVMDIIALANSFTRGINTEVVLVGLEIWTEGDPIEVPVDL,1
90,QFALLFEEYFSYPVSLNINLNSDKLVFPAVTVCTLNPYRYTEIKEDLEELDRITEQTLFDLYKYNSSYTRQAGGRRRSTRDLRGALPHPLQRLRTPPPPNPARSARSASSSVRDNNPQVDRKDWKIGFQLCNQNKSDCFYQTYSSGVDAVREWYRFHYIN,1
91,FPAVTVCTLNPYRYTEIKEDLEELDRITEQTLFDLYKYNSSYTRQAGGRRRSTRDLRGALPHPLQRLRTPPPPNPARSARSASSSVRDNNPQVDRKDWKIGFQLCNQNKSDCFYQTYSSGVDAVREWYRFHYINILSRLPDTSPALEEEALGSFIFTCRF,1
92,MHRGPSLLLILCALASRVLGPASGLVTEGRAGLDIVHPVRVDAGGSFLSYELWPRVLRKRDVSTTQASSAFYQLQYQGRELLFNLTTNPYLMAPGFVSEIRRHSTLGHAHIQTSVPTCHLLGDVQDPELEGGFAAISA,1
93,MHRGPSLLLILCALASRVLGPASGLVTEGRAGLDIVHPVRVDAGGSFLSYELWPRVLRKRDVSTTQASSAFYQLQYQGRELLFNLTTNPYLMAPGFVSEIRRHSTLGHAHIQTSVPTCHLLGDVQDPELEGGFAAISACD,1
94,GLRGVFQLSNEDYFIEPLDGVSAQPGHAQPHVVYKHQGSRKQAQQGDSRPSGTCGMQVPPDLEQQREHWEQQQQKRRQQRSVSKEKWVETLVVADSKMVEYHGQPQVESYVLTIMNMVAGLFHDPSIGNPIHISIVRLIILEDEEKDLKITHHAEETLKN,1
95,EVNMSDSALDCVRDEAINKLQQIFNTSYNQTYEKYGNVSVFETTGGLVVFWQGIKQKSLVELERLANRSSLNLTHNRTKRSTDGNNATHLSNMESVHNLVYAQLQFTYDTLRGYINRALAQIAEAWCVDQRRTLEVFKELSKINPSAILSAIYNKPIAAR,1
96,PQKEEDLGPAVHHVYELINQGPSSISQGVLELSCPQALEGQQLLYVTKVTGLSNCTSSYTPNSQGLELDPETSPHHLQKREAPGRSSTASGTQVLKCPEAKCFRLRCEFGPLHRQESRSLQLHFRVWAKTFLQREYQPFSLQCEAVYEALKMPYQILPRQ,1
97,VLVNSSKGMKISQNFETRYLILSLIPKIEDSNSCGDQQIKQYKRLLDRLIIPLYDGLRLQKDVIVSNQESNENTDPRTKRFFGGVIGTIALGVATSAQITAAVALVEAKQARSDIEKLKEAIRDTNKAVQSVQSSIGNLIVAIKSVQDYVNKEIVPSIAR,1
98,GLRGALVAIALLSALNAAGTVFVLCQWRGLSAALRALEAQRGREQREDSALRAFLAELSRAPGRVPEPSQDPMSAARNKRSHNGEPASHIRAESQDMMMMMTYSMVPIRVMIDLCNSTQGICLTGPPGPPGPPGAGGLPGHNGSDGQPGLQGPKGEKGAI,1
99,AEEHLKDLYSHKNINGYSEWDWKWVDEKFGYLFKNSYDALTSRKLGGIIKGSFTNINGTKIVIREGKEIPLPDKKRRGKRSVDSLDARLQNEGIRIENIETQDVPGFRLNSITYNDKKIDIN,1
100,HVDYIEEDSSVFAQSIPWNLERITPPRYRADEYQPPDGGSLVEVYLLDTSIQSDHREIEGRVMVTDFENVPEEDGTRFHRQASKCDSHGTHLAGVVSGRDAGVAKGASMRSLRVLNCQGKGTVSGTLIGLEFIRKSQLVQPVGPLVVLLPLAGGYSRVLN,1
101,PALSVALWLSWGAALGAVACAMALLTQQTELQSLRREVSRLQGTGGPSQNGEGYPWQSLPEQSSDALEAWENGERSRKRRAVLTQKQKKQHSVLHLVPINATSKDDSDVTEVMWQPALRRGRGLQAQGYGVRIQDAGVYLLYSQVLFQDVTFTMGQVVSR,1
102,GSGTPGTSGTLSSLGGLDPDSPITSHLGQPSPKQQPLEPGEAALHSDSQDGHQMALLNFFFPDEKPYSEEESRRVRRNKRSKSNEGADGPVKNKKKGKKAGPPGPNGPPGPPGPPGPQGPPGIPGIPGIPGTTVMGPPGPPGPPGPQGPPGLQGPSGAAD,1
103,MKLLPSVVLKLFLAAVLSALVTGESLERLRRGLAAGTSNPDPPTVSTDQLLPLGGGRDRKVRDLQEADLDLLRVTLSSKPQALATPNKEEHGKRKKKGKGLGKKRDPCLRKYKDFCIHGECKYVKELRAPSCICHPGYHGER,1
104,RQIQRGFRTTLDDLSGRSYVMTAEDVDLTLNWGRLSSVLPDYHGQDSVRVGRISFGSINAILGSVALILNCHHHASRVARMASDEFPSMCPADGRVRGITHNKILWDSSTLGAILMRRTISS,1
105,ASETNWESVTSSISGVSYNSPSVTDPTLIADALDKKIAEFDTVEDLLKYFNPESWQEDLENMYLDTPRYRGRSYHDRKSKVDLDRLNDDAKRYSCTPRNYSVNIREELKLANVVFFPRCLLVQRCGGNCGCGTVNWRSCTCNSGKTVKKYHEVLQFEPGH,1
106,LSSVTLSTCRGIRGLITVSSNLSYVIEPLPDSKGQHLIYRSEHLKPPPGNCGFEHSKPTTRDWALQFTQQTKKRPRRMKREDLNSMKYVELYLVADYLEFQKNRRDQDATKHKLIEIANYVDKFYRSLNIRIALVGLEVWTHGNMCEVSENPYSTLWSFL,1
107,MAPACQILRWALALGLGLMFEVTHAFRSQDEFLSSLESYEIAFPTRVDHNGALLAFSPPPPRRQRRGTGATAESRLFYKVASPSTHFLLNLTRSSRLLAGHVSVEYWTREGLAWQRAARPHCLYAGHLQGQASTSHVAISTCGGLH,1
108,GLMFEVTHAFRSQDEFLSSLESYEIAFPTRVDHNGALLAFSPPPPRRQRRGTGATAESRLFYKVASPSTHFLLNLTRSSRLLAGHVSVEYWTREGLAWQRAARPHCLYAGHLQGQASTSHVAISTCGGLHGLIVADEEEYLIEPLHGGPKGSRSPEESGP,1
109,EEYLIEPLHGGPKGSRSPEESGPHVVYKRSSLRHPHLDTACGVRDEKPWKGRPWWLRTLKPPPARPLGNETERGQPGLKRSVSRERYVETLVVADKMMVAYHGRRDVEQYVLAIMNIVAKLFQDSSLGSTVNILVTRLILLTEDQPTLEITHHAGKSLDS,1
110,TPAATLKCGAYTIVYAPIKDQTDPAPRYISGEVTSVTFEKSDNTVKIKVNGQDFSTLSANSSSPTENGGSAGQASSRSRRSLSEETSEAAATVDLFAFTLDGGKRIEVAVPNVEDASKRDKYSLVADDKPFYTGANSGTTNGVYRLNENGDLVDKDNTVL,1
111,RFTNPVPAGVSQKKGTHTWEPQSLPDYQFEKTELLPKARVFSYHSGKPYVKSVQLQKKSTNKMNTFRSLFWGNHSQRKRRGFADKCCVIGCTKEEMAVACLPFVDF,1
112,YGDGSSRILHVYNREGFSFEALPPRASCETPASPSGPQESPSVHSRSRRRSALAPQLLDHSAFSPSGNAGPQTWWRRRRRSISRARQVELLLVADSSMARMYGRGLQHYLLTLASIANRLYSHASIENHIRLAVVKVVVLTDKDTSLEVSKNAATTLKNF,1
113,LGASPLHVDLATLKELKLNASLPALLLIRLPYTASSGLMAPREVLTGNDEVIGQVLSTLKSEDVPYTAALTAVRPSRVARDITMVAGGLGRQLLQTQVASPAIHPPVSYNDTAPRILFWAQNFSVAYKDEWKDLTSLTFGVENLNLTGSFWNDSFAMLSL,1
114,LLRPLLLLLCALAPGAPGPAPGRATEGRAALDIVHPVRVDAGGSFLSYELWPRALRKRDVSVRRDAPAFYELQYRGRELRFNLTANQHLLAPGFVSETRRRGGLGRAHIRAHTPACHLLGEVQDPELEGGLAAISACDGLKGVFQLSNEDYFIEPLDSAP,1
115,LEGGLAAISACDGLKGVFQLSNEDYFIEPLDSAPARPGHAQPHVVYKRQAPERLAQRGDSSAPSTCGVQVYPELESRRERWEQRQQWRRPRLRRLHQRSVSKEKWVETLVVADAKMVEYHGQPQVESYVLTIMNMVAGLFHDPSIGNPIHITIVRLVLLE,1
116,DGLKGVFQLSNEDYFIEPLDSAPARPGHAQPHVVYKRQAPERLAQRGDSSAPSTCGVQVYPELESRRERWEQRQQWRRPRLRRLHQRSVSKEKWVETLVVADAKMVEYHGQPQVESYVLTIMNMVAGLFHDPSIGNPIHITIVRLVLLEDEEEDLKITHH,1
117,KGVFQLSNEDYFIEPLDSAPARPGHAQPHVVYKRQAPERLAQRGDSSAPSTCGVQVYPELESRRERWEQRQQWRRPRLRRLHQRSVSKEKWVETLVVADAKMVEYHGQPQVESYVLTIMNMVAGLFHDPSIGNPIHITIVRLVLLEDEEEDLKITHHADN,1
118,QLSNEDYFIEPLDSAPARPGHAQPHVVYKRQAPERLAQRGDSSAPSTCGVQVYPELESRRERWEQRQQWRRPRLRRLHQRSVSKEKWVETLVVADAKMVEYHGQPQVESYVLTIMNMVAGLFHDPSIGNPIHITIVRLVLLEDEEEDLKITHHADNTLKS,1
119,MEILWKTLTWILSLIMASSEFHSDHRLSYSSQEEFLTYLEHYQLTIPIRVDQNGAFLSFTVKNDKHSRRRRSMDPIDPQQAVSKLFFKLSAYGKHFHLNLTLNTDFVSKHFTVEYWGKDGPQWKHDFLDNCHYTGYLQDQRSTTKVALSNC,1
120,GKAIYAPPIAGSINCSSNITGMILTRDGGNNTHNETFRPGGGDMRDNWRSELYKYKVVQIEPLGIAPTRARRRVVQREKRAVGLGAVFFGFLGAAGSTMGAASITLTVQARQLLSGIVQQQSNLLRAIEAQQHLLQLTVWGIKQLRARILAVERYLKDQQ,1
121,VALIIWQCALLVFSFYTVSVSIKVHFQKLDFPAVTICNINPYKYSAVSDLLTDLDSETKQALLSLYGVKDVLDSTPRKRREAGSMRSTWEGTPPRFLNLIPLLVFNENEKGKARDFFTGRKRKISGKIIHKASNVMHVHESKKLVGFQLCSNDTSDCATY,1
122,KHFTDLWAVHVKGGEEVAKAVAVRHGFIYKGQIMPDYYHFQHRKVAKRSTFASIHYHQPLAEDSDVLWVEQQVAKSRQKRSVHFNDPKWPLMWYLNRGSGLDMNVRKAWDMGYTGKGVVVTILDDGIEKDHPDLYRNYDENASYDVNGHDPDPQPRYDLS,1
123,LALLSCCLTVVSFYQVAALQGDLASLRAELQGHHAEKLPAGAGAPKAGLEEAPAVTAGLKIFEPPAPGEGNSSQNSRNKRAVQGPEETVTQDCLQLIADSETPTIQKGSYTFVPWLLSFKRGSALEEKENKILVKETGYFFIYGQVLYTDKTYAMGHLIQ,1
124,CYVIPLNTSIVMPPRNLLELLINIKAGTYLPQSYLIHEHMVITDRIENIDHLGFFIYRLCHDKETYKLQRRETIKGIQKREASNCFAIRHFENKFAVETLICS,1
125,GCGLNDVLGSIAYGTITEVVKCEHERAVHLFVDSLVNQDKPSFAFQCTDSNRFKKGICLSCRKNRCNSIGYNAKKMRNKRNSKMYLKTRAGMPFRVYHYQMKIHVFSYKNMGEIEPTFYVTLYGTNADSQTLPLEIVERIEQNATNTFLVYTEEDLGDLL,1
126,MDEQCRFDFGTGYHTCLAFRTFEPCKQLWCSHPDNPYFCKTKKGPPLDGTECAPGKWCFKGHCIWKSPEQTYGQDGGWSSWTNFGSCSRSCGGGVRSRSRSCDNPPPAYGGRPCSGSMFEYQICNSEDCPGPYEDFRAQQCAKRNSYYTHQDAKHSWLPY,0
127,HSWLPYEPDSDAQKCELICQSADTGDVVFMNQVVHDGTRCSYRDPYSVCARGECVPFGCDKEVGSMKTDDKCGVCGGDNSHCRTVKGTLGKGSKQAAALKQVQIPAGARHIQIELLEKAPHRIAVKNQVTGSFIFNPKGKEASSRTFTALGLEWEHEAED,0
128,CVPFGCDKEVGSMKTDDKCGVCGGDNSHCRTVKGTLGKGSKQAAALKQVQIPAGARHIQIELLEKAPHRIAVKNQVTGSFIFNPKGKEASSRTFTALGLEWEHEAEDTKDSLRTNGPLPEAIAILVLPPAEGKPRGSLAYKYVIHEDLLPLIGSNNVLLE,0
129,ETDTYEWALKSWSPCSKACGGGIQFTKYGCRRRRDHHMVHRHLCDHKKRPKPIRRRCNQHSCPQPTWVTEEWGACSRSCGKLGLQTRGVQCLLPLSNGTHKAMPAKACLGNRPEAKKPCLRVPCPAQWRTGAWSQCSATCGEGIQQRQVVCRNTSSALGP,0
130,SGWKAFDVTEAVNFWQQLSRPRQPLLLQVSVQREHLGPLASGAHKLVRFASQGAPAGLGEPQLELHTLDLRDYGAQGDCDPEAPMTEGTRCCRQEMYIDLQGMKWAKNWVLEPPGFLAYECVGTCQQPPEALAFNWPFLGPRQCIASETASLPMIVSIKE,0
131,ECKWAGKDILKECANFIKVLEAYNQTHLYACGTGAFHPICTYIEVGHHPEDNIFKLQDSHFENGRGKSPYDPKLLTASLLIDGELYSGTAADFMGRDFAIFRTLGHHHPIRTEQHDSRWLNDPRFISAHLIPESDNPEDDKVYFFFRENAIDGEHSGKAT,0
132,EKSKLYSDGKKKSLNTGIITVQNYGSHVPPKVSHITFAHEVGHNFGSPHDSGTECTPGESKNLGQKENGNYIMYARATSGDKLNNNKFSLCSIRNISQVLEKKRNNCFVESGQPICGNGMVEQGEECDCGYSDQCKDECCFDANQPEGRKCKLKPGKQCS,0
133,CINGQCAGSICEKYGLEECTCASSDGKDDKELCHVCCMKKMDPSTCASTGSVQWSRHFSGRTITLQPGSPCNDFRGYCDVFMRCRLVDADGPLARLKKAIFSPELYENIAEWIVAHWWAVLLMGIALIMLMAGFIKICSVHTPSSNPKLPPPKPLPGTLK,0
134,LLSLWLIAAALVEVRTSADGQAGNEEMVQIDLPIKRYREYELVTPVSTNLEGRYLSHTLSASHKKRSARDVSSNPEQLFFNITAFGKDFHLRLKPNTQLVAPGAVVEWHETSLVPGNITDPINNHQPGSATYRIRRTEPLQTNCAYVGDIVDIPGTSVAI,0
135,AIKNQATGHYILNGKGEEAKSRTFIDLGVEWDYNIEDDIESLHTDGPLHDPVIVLIIPQENDTRSSLTYKYIIHEDSVPTINSNNVIQEELDTFEWALKSWSQCSKPCGGGFQYTKYGCRRKSDNKMVHRSFCEANKKPKPIRRMCNIQECTHPLWVAEE,0
136,DNKMVHRSFCEANKKPKPIRRMCNIQECTHPLWVAEEWEHCTKTCGSSGYQLRTVRCLQPLLDGTNRSVHSKYCMGDRPESRRPCNRVPCPAQWKTGPWSECSVTCGEGTEVRQVLCRAGDHCDGEKPESVRACQLPPCNDEPCLGDKSIFCQMEVLARY,0
137,RGVCNNRKNCHCEAHWAPPFCDKFGFGGSTDSGPIRQADNQGLTIGILVTILCLLAAGFVVYLKRKTLIRLLFTNKKTTIEKLRCVRPSRPPRGFQPCQAHLGHLGKGLMRKPPDSYPPKDNPRRLLQCQNVDISRPLNGLNVPQPQSTQRVLPPLHRAP,0
138,KRKTLIRLLFTNKKTTIEKLRCVRPSRPPRGFQPCQAHLGHLGKGLMRKPPDSYPPKDNPRRLLQCQNVDISRPLNGLNVPQPQSTQRVLPPLHRAPRAPSVPARPLPAKPALRQAQGTCKPNPPQKPLPADPLARTTRLTHALARTPGQWETGLRLAPL,0
139,LGKSTNTFFKPPCVNVFRCGGCCNEESLICMNTSTSYISKQLFEISVPLTSVPELVPVKVANHTGCKCLPTAPRHPYSIIRRSIQIPEEDRCSHSKKLCPIDMLWDSNKCKCVLQEENPLAGTEDHSHLQEPALCGPHMMFDEDRCECVCKTPCPKDLIQ,0
140,EQVDTIMEKNVTVTHAQDILERTHNGKLCDLNGVKPLILRDCSVAGWLLGNPMCDEFINVPEWSYIVEKASPANDLCYPGNFNDYEELKHLLSRINHFEKIQIIPKSSWSNHDASSGVSSACPYLGRSSFFRNVVWLIKKNSAYPTIKRSYNNTNQEDLL,0
141,IYLHMEECVDQDYIICEEVMELPPCGNGTGSDCPVLTKPLTDEYLEIEPLKNGSYLVLSSTTDCGIPAYVPVVITVNDTISCFDKEFKRPLKQELKVTKYAPSVPQLELRVPRLTSLIAKIKGIQIEITSSWETIKEQVARAKAELLRLDLHEGDYPEWL,0
142,VDQDYIICEEVMELPPCGNGTGSDCPVLTKPLTDEYLEIEPLKNGSYLVLSSTTDCGIPAYVPVVITVNDTISCFDKEFKRPLKQELKVTKYAPSVPQLELRVPRLTSLIAKIKGIQIEITSSWETIKEQVARAKAELLRLDLHEGDYPEWLQLLGEATK,0
143,QGLSGHYLTISFEDFNLQNSSGCEKDFVEIWDNHTSGNILGRYCGNTIPDSIDTSSNTAVVRFVTDGSVTASGFRLRFESSMEECGGDLQGSIGTFTSPNYPNPNPHGRICEWRITAPEGRRITLMFNNLRLATHPSCNNEHVIVFNGIRSNSPQLEKLC,0
144,GFYATWNTQTLGCGGIFHSDNGTIRSPHWPQNFPENSRCSWTAITHKSKHLEISFDNNFLIPSGDGQCQNSFVKVWAGTEEVDKALLATGCGNVAPGPVITPSNTFTAVFQSQEAPAQGFSASFVSRCGSNFTGPSGYIISPNYPKQYDNNMNCTYVIEA,0
145,NANLAGTFCGSTVPAPFISSGNFLTVQFISDLTLEREGFNATYTIMDMPCGGTYNATWTPQNISSPNSSDPDVPFSICTWVIDSPPHQQVKITVWALQLTSQDCTQNYLQLQDSPQGHGNSRFQFCGRNASAVPVFYSSMSTAMVIFKSGVVNRNSRMSF,0
146,CEGGSVARCVHGICEDLMREQAGEPKYSCVCDAGWMFSPNSPACTLDRDECSFQPGPCSTLVQCFNTQGSFYCGACPTGWQGNGYICEDINECEINNGGCSVAPPVECVNTPGSSHCQACPPGYQGDGRVCTLTDICSVSNGGCHPDASCSSTLGSLPLC,0
147,PLMWRLCGPSKPTLPLVIPYSQVWIHFVTNERVEHIGFHAKYSFTDCGGIQIGDSGVITSPNYPNAYDSLTHCSSLLEAPQGHTITLTFSDFDIEPHTTCAWDSVTVRNGGSPESPIIGQYCGNSNPRTIQSGSNQLVVTFNSDHSLQGGGFYATWNTQT,0
148,VGHTLWVRFISDGSGSGTGFQATFMKIFGNDNIVGTHGKVASPFWPENYPHNSNYQWTVNVNASHVVHGRILEMDIEEIQNCYYDKLRIYDGPSIHARLIGAYCGTQTESFSSTGNSLTFHFYSDSSISGKGFLLEWFAVDAPDGVLPTIAPGACGGFLR,0
149,AIRFKTDLSINGRGFNASWQAVTGGCGGIFQAPSGEIHSPNYPSPYRSNTDCSWVIRVDRNHRVLLNFTDFDLEPQDSCIMAYDGLSSTMSRLARTCGREQLANPIVSSGNSLFLRFQSGPSRQNRGFRAQFRQACGGHILTSSFDTVSSPRFPANYPNN,0
150,SNEIKSSGNTMKVIFFTDGSRPYGGFTASYTSSEDAVCGGSLPNTPEGNFTSPGYDGVRNYSRNLNCEWTLSNPNQGNSSISIHFEDFYLESHQDCQFDVLEFRVGDADGPLMWRLCGPSKPTLPLVIPYSQVWIHFVTNERVEHIGFHAKYSFTDCGGI,0
151,IQAPDSTVELNILSLDIESHRTCAYDSLVIRDGDNNLAQQLAVLCGREIPGPIRSTGEYMFIRFTSDSSVTRAGFNASFHKSCGGYLHADRGIITSPKYPETYPSNLNCSWHVLVQSGLTIAVHFEQPFQIPNGDSSCNQGDYLVLRNGPDICSPPLGPP,0
152,ESIGYPNPYSENQHCNWTIRATTGNTVNYTFLAFDLEHHINCSTDYLELYDGPRQMGRYCGVDLPPPGSTTSSKLQVLLLTDGVGRREKGFQMQWFVYGCGGELSGATGSFSSPGFPNRYPPNKECIWYIRTDPGSSIQLTIHDFDVEYHSRCNFDVLEI,0
153,SENQHCNWTIRATTGNTVNYTFLAFDLEHHINCSTDYLELYDGPRQMGRYCGVDLPPPGSTTSSKLQVLLLTDGVGRREKGFQMQWFVYGCGGELSGATGSFSSPGFPNRYPPNKECIWYIRTDPGSSIQLTIHDFDVEYHSRCNFDVLEIYGGPDFHSP,0
154,NNMNCTYVIEANPLSVVLLTFVSFHLEARSAVTGSCVNDGVHIIRGYSVMSTPFATVCGDEMPAPLTIAGPVLLNFYSNEQITDFGFKFSYRIISCGGVFNFSSGIITSPAYSYADYPNDMHCLYTITVSDDKVIELKFSDFDVVPSTSCSHDYLAIYDG,0
155,YTITVSDDKVIELKFSDFDVVPSTSCSHDYLAIYDGANTSDPLLGKFCGSKRPPNVKSSNNSMLLVFKTDSFQTAKGWKMSFRQTLGPQQGCGGYLTGSNNTFASPDSDSNGMYDKNLNCVWIIIAPVNKVIHLTFNTFALEAASTRQRCLYDYVKLYDG,0
156,PFWPENYPHNSNYQWTVNVNASHVVHGRILEMDIEEIQNCYYDKLRIYDGPSIHARLIGAYCGTQTESFSSTGNSLTFHFYSDSSISGKGFLLEWFAVDAPDGVLPTIAPGACGGFLRTGDAPVFLFSPGWPDSYSNRVDCTWLIQAPDSTVELNILSLD,0
157,RQDLCGVSTCDTLGMADVGTVCDPARSCAIVEDDGLQSAFTAAHELGHVFNMLHDNSKPCISLNGPLSTSRHVMAPVMAHVDPEEPWSPCSARFITDFLDNGYGHCLLDKPEAPLHLPVTFPGKDYDADRQCQLTFGPDSRHCPQLPPPCAALWCSGHLN,0
158,FCAWQRGLNTPEDSDPDHFDTAILFTRQDLCGVSTCDTLGMADVGTVCDPARSCAIVEDDGLQSAFTAAHELGHVFNMLHDNSKPCISLNGPLSTSRHVMAPVMAHVDPEEPWSPCSARFITDFLDNGYGHCLLDKPEAPLHLPVTFPGKDYDADRQCQL,0
159,TAILFTRQDLCGVSTCDTLGMADVGTVCDPARSCAIVEDDGLQSAFTAAHELGHVFNMLHDNSKPCISLNGPLSTSRHVMAPVMAHVDPEEPWSPCSARFITDFLDNGYGHCLLDKPEAPLHLPVTFPGKDYDADRQCQLTFGPDSRHCPQLPPPCAALW,0
160,VMAAAAKAFKHPSIRNPVSLVVTRLVILGSGEEGPQVGPSAAQTLRSFCAWQRGLNTPEDSDPDHFDTAILFTRQDLCGVSTCDTLGMADVGTVCDPARSCAIVEDDGLQSAFTAAHELGHVFNMLHDNSKPCISLNGPLSTSRHVMAPVMAHVDPEEPW,0
161,MAAAAKAFKHPSIRNPVSLVVTRLVILGSGEEGPQVGPSAAQTLRSFCAWQRGLNTPEDSDPDHFDTAILFTRQDLCGVSTCDTLGMADVGTVCDPARSCAIVEDDGLQSAFTAAHELGHVFNMLHDNSKPCISLNGPLSTSRHVMAPVMAHVDPEEPWS,0
162,LTTGLLLSLLLLLVLVLLGASYWHRARLHQRLCQLKGSSCQYRAPQSCPPERPGPPQRAQQMTGTKQASVVSFPVPPSRPLPPNPVPKKLQAALADRSNPPTRPLPADPVVRRPKSQGPTKPPPPRKPLPANPQGQHPPGDLPGPGDGSLPLVVPSRPAP,0
163,ALEKALLEGMGSCLFERQPSLAPMSSLCGNMFVDPGEQCDCGFPDECTDPCCDHFTCQLRPGAQCASDGPCCQNCKLHPAGWLCRPPTDDCDLPEFCPGDSSQCPSDIRLGDGEPCASGEAVCMHGRCASYARQCQSLWGPGAQPAAPLCLQTANTRGNA,0
164,RVSLTYKYMIHEDSLNVDDNNVLEEDSVVYEWALKKWSPCSKPCGGGSQFTKYGCRRRLDHKMVHRGFCAALSKPKAIRRACNPQECSQPVWVTGEWEPCSQTCGRTGMQVRSVRCIQPLHDNTTRSVHAKHCNDARPESRRACSRELCPGRWRAGPWSQ,0
165,VCRWAYLQQKPDTGHDEYHDHAIFLTRQDFGPSGMQGYAPVTGMCHPVRSCTLNHEDGFSSAFVVAHETGHVLGMEHDGQGNRCGDEVRLGSIMAPLVQAAFHRFHWSRCSQQELSRYLHSYDCLLDDPFAHDWPALPQLPGLHYSMNEQCRFDFGLGYM,0
166,VQFHGKEHVQKYLLTLMNIVNEIYHDESLGAHINVVLVRIILLSYGKSMSLIEIGNPSQSLENVCRWAYLQQKPDTGHDEYHDHAIFLTRQDFGPSGMQGYAPVTGMCHPVRSCTLNHEDGFSSAFVVAHETGHVLGMEHDGQGNRCGDEVRLGSIMAPL,0
167,WLPHEHRDAKERCHLYCESRETGEVVSMKRMVHDGTRCSYKDAFSLCVRGDCRKVGCDGVIGSSKQEDKCGVCGGDNSHCKVVKGTFTRSPKKHGYIKMFEIPAGARHLLIQEVDATSHHLAVKNLETGKFILNEENDVDASSKTFIAMGVEWEYRDEDG,0
168,KKWSPCSKPCGGGSQFTKYGCRRRLDHKMVHRGFCAALSKPKAIRRACNPQECSQPVWVTGEWEPCSQTCGRTGMQVRSVRCIQPLHDNTTRSVHAKHCNDARPESRRACSRELCPGRWRAGPWSQCSVTCGNGTQERPVLCRTADDSFGICQEERPETA,0
169,GVKFRTRQCDNPHPANGGRTCSGLAYDFQLCSRQDCPDSLADFREEQCRQWDLYFEHGDAQHHWLPHEHRDAKERCHLYCESRETGEVVSMKRMVHDGTRCSYKDAFSLCVRGDCRKVGCDGVIGSSKQEDKCGVCGGDNSHCKVVKGTFTRSPKKHGYI,0
170,KERCHLYCESRETGEVVSMKRMVHDGTRCSYKDAFSLCVRGDCRKVGCDGVIGSSKQEDKCGVCGGDNSHCKVVKGTFTRSPKKHGYIKMFEIPAGARHLLIQEVDATSHHLAVKNLETGKFILNEENDVDASSKTFIAMGVEWEYRDEDGRETLQTMGP,0
171,LIRMEEEEFFIEPLEKGLAAQEAEQGRVHVVYRRPPTSPPLGGPQALDTGASLDSLDSLSRALGVLEEHANSSRRRARRHAADDDYNIEVLLGVDDSVVQFHGKEHVQKYLLTLMNIVNEIYHDESLGAHINVVLVRIILLSYGKSMSLIEIGNPSQSLE,0
172,NRCGDEVRLGSIMAPLVQAAFHRFHWSRCSQQELSRYLHSYDCLLDDPFAHDWPALPQLPGLHYSMNEQCRFDFGLGYMMCTAFRTFDPCKQLWCSHPDNPYFCKTKKGPPLDGTMCAPGKHCFKGHCIWLTPDILKRDGSWGAWSPFGSCSRTCGTGVK,0
173,YLQQKPDTGHDEYHDHAIFLTRQDFGPSGMQGYAPVTGMCHPVRSCTLNHEDGFSSAFVVAHETGHVLGMEHDGQGNRCGDEVRLGSIMAPLVQAAFHRFHWSRCSQQELSRYLHSYDCLLDDPFAHDWPALPQLPGLHYSMNEQCRFDFGLGYMMCTAF,0
174,CSCTEGYRLAENQKSCEPAVPFPCGRVSVSQTSKLTRAETVFPDVDYVNSTEAETILDNITQSTQSFNDFTRVVGGEDAKPGQFPWQVVLNGKVDAFCGGSIVNEKWIVTAAHCVETGVKITVVAGEHNIEETEHTEQKRNVIRIIPHHNYNAAINKYNH,0
175,EKAVLVSFQSGYLFIQTDKTIYTPGSTVFYRIFTVDNNLLPVGKTVVIVIETPDGVPIKRDILSSHNQYGILPLSWNIPELVNMGQWKIRAFYEHAPKQTFSAEFEVKEYVLPSFEVLVEPTEKFYYIHGPKGLEVSITARFLYGKNVDGTAFVIFGVQD,0
176,SPYQIHFTKTPKFFKPAMPFDLMVFVTNPDGSPARRVPVVTQGSDAQALTQDDGVAKLSVNTPNNRQPLTITVSTKKEGIPDARQATRTMQAQPYSTMHNSNNYLHLSVSRVELKPGDNLNVNFHLRTDAGQEAKIRYYTYLVMNKGKLLKAGRQVREPG,0
177,QVPDTDSETRILLQGTPVAQMAEDAVDGERLKHLIVTPSGCGEQNMIGMTPTVIAVHYLDQTEQWEKFGLEKRQEALELIKKGYTQQLAFKQPISAYAAFNNRPPSTWLTAMWSRSFSLAANLIAIDSQVLCGAVKWLILEKQKPDGVFQEDGPVIHQEM,0
178,AVRTLDPEHLNQGGVQREDVNAADLSDQVPDTDSETRILLQGTPVAQMAEDAVDGERLKHLIVTPSGCGEQNMIGMTPTVIAVHYLDQTEQWEKFGLEKRQEALELIKKGYTQQLAFKQPISAYAAFNNRPPSTWLTAMWSRSFSLAANLIAIDSQVLCG,0
179,DEDIIPEEDIISRSHFPESWLWTIEELKEPEKNGISTKVMNIFLKDSITTWEILAVSLSDKKGICVADPYEITVMQDFFIDLRLPYSVVRNEQVEIRAVLFNYREQEKLKVRVELLHNPAFCSMATAKKRYYQTIEIPPKSSVAVPYVIVPLKIGLQEVE,0
180,NSLPGSINKAGEYLEASYLNLQRPYTVAIAGYALALMNKLEEPYLTKFLNTAKDRNRWEEPGQQLYNVEATSYALLALLLLKDFDSVPPVVRWLNDERYYGGGYGSTQATFMVFQALAQYRADVPDHKDLNMDVSLHLPSRSSPTVFRLLWESGSLLRSE,0
181,STCKTIDMELVKRKRIEAIRGQILSKLRLASPPSQGEVPPGPLPEAVLALYNSTRDRVAGESAEPEPEPEADYYAKEVTRVLMVETHNEIYDKFKQSTHSIYMFFNTSELREAVPEPVLLSRAELRLLRLKLKVEQHVELYQKYSNNSWRYLSNRLLAPS,0
182,PRSCCSRSGALLLALLLQASMEVRGWCLESSQCQDLTTESNLLECIRACKPDLSAETPMFPGNGDEQPLTENPRKYVMGHFRWDRFGRRNSSSSGSSGAGQKREDVSAGEDCGPLPEGGPEPRSDGAKPGPREGKRSYSMEHFRWGKPVGKKRRPVKVYP,0
183,LLQLSKPELPQDGTSTLRENSKPEESHLLAKRYGGFMKRYGGFMKKMDELYPMEPEEEANGSEILAKRYGGFMKKDAEEDDSLANSSDLLKELLETGDNRERSHHQDGSDNEEEVSKRYGGFMRGLKRSPQLEDEAKELQKRYGGFMRRVGRPEWWMDYQ,0
184,KYICENQDSISSKLKECCEKPLLEKSHCIAEVENDEMPADLPSLAADFVESKDVCKNYAEAKDVFLGMFLYEYARRHPDYSVVLLLRLAKTYETTLEKCCAAADPHECYAKVFDEFKPLVEEPQNLIKQNCELFEQLGEYKFQNALLVRYTKKVPQVSTP,0
185,NALLVRYTKKVPQVSTPTLVEVSRNLGKVGSKCCKHPEAKRMPCAEDYLSVVLNQLCVLHEKTPVSDRVTKCCTESLVNRRPCFSALEVDETYVPKEFNAETFTFHADICTLSEKERQIKKQTALVELVKHKPKATKEQLKAVMDDFAAFVEKCCKADDK,0
186,CLLPKLDELRDEGKASSAKQRLKCASLQKFGERAFKAWAVARLSQRFPKAEFAEVSKLVTDLTKVHTECCHGDLLECADDRADLAKYICENQDSISSKLKECCEKPLLEKSHCIAEVENDEMPADLPSLAADFVESKDVCKNYAEAKDVFLGMFLYEYAR,0
187,GEYGFQNAVLVRYTQKAPQVSTPTLVEAARNLGRVGTKCCTLPEAQRLPCVEDYLSAILNRLCVLHEKTPVSEKVTKCCSGSLVERRPCFSALTVDETYVPKEFKAETFTFHSDICTLPDKEKQIKKQTALAELVKHKPKATEDQLKTVMGDFAQFVDKC,0
188,PQVSTPTLVEAARNLGRVGTKCCTLPEAQRLPCVEDYLSAILNRLCVLHEKTPVSEKVTKCCSGSLVERRPCFSALTVDETYVPKEFKAETFTFHSDICTLPDKEKQIKKQTALAELVKHKPKATEDQLKTVMGDFAQFVDKCCKAADKDNCFATEGPNL,0
189,VTTHNNPTFTDPSVLQPPTPAETGGHFTLSSSTISTHNYEEIPMDTFIVSTNPNTVTSSTPIPGSRPVARLGLYSRTTQQVKVVDPAFVTTPTKLITYDNPAYEGIDVDNTLYFSSNDNSINIAPDPDFLDIVALHRPALTSRRTGIRYSRIGNKQTLRT,0
190,ILIYNGWYADSVTNRHEEKFSVDSYETDQMDTIYQCYNAVKMTKDGLTRVYVDRDGVNITVNLKPTGGLANGVRRYASQTELYDAPGWLIWTYRTRTTVNCLITDMMAKSNSPFDFFVTTTGQTVEMSPFYDGKNKETFHERADSFHVRTNYKIVDYDNR,0
191,RVYVDRDGVNITVNLKPTGGLANGVRRYASQTELYDAPGWLIWTYRTRTTVNCLITDMMAKSNSPFDFFVTTTGQTVEMSPFYDGKNKETFHERADSFHVRTNYKIVDYDNRGTNPQGERRAFLDKGTYTLSWKLENRTAYCPLQHWQTFDSTIATETGK,0
192,SLIENIDFASLELYSRDEQRASNVFDLEGIFREYNFQAQNIAGLRKDLDNAVSNGRNQFVDGLGELMDSLGSVGQSITNLVSTVGGLFSSLVSGFISFFKNPFGGMLILVLVAGVVILVISLTRRTRQMSQQPVQMLYPGIDELAQQHASGEGPGINPIS,0
193,VAVLCACKARRECLTPYALAPNAVIPTSLALLCCVRSANAETFTETMSYLWSNSQPFFWVQLCIPLAAFIVLMRCCSCCLPFLVVAGAYLAKVDAYEHATTVPNVPQIPYKALVERAGYAPLNLEITVMSSEVLPSTNQEYITCKFTTVVPSPKIKCCGS,0
194,VSIVSSNSATSCTLARKIKPKFVGREKYDLPPVHGKKIPCTVYDRLKETTAGYITMHRPRPHAYTSYLEESSGKVYAKPPSGKNITYECKCGDYKTGTVSTRTEITGCTAIKQCVAYKSDQTKWVFNSPDLIRHDDHTAQGKLHLPFKLIPSTCMVPVAH,0
195,ETAPFGCKIAVNPLRAVDCSYGNIPISIDIPNAAFIRTSDAPLVSTVKCEVSECTYSADFGGMATLQYVSDREGQCPVHSHSSTATLQESTVHVLEKGAVTVHFSTASPQANFIVSLCGKKTTCNAECKPPADHIVSTPHKNDQEFQAAISKTSWSWLFA,0
196,QEYITCKFTTVVPSPKIKCCGSLECQPAAHADYTCKVFGGVYPFMWGGAQCFCDSENSQMSEAYVELSADCASDHAQAIKVHTAAMKVGLRIVYGNTTSFLDVYVNGVTPGTSKDLKVIAGPISASFTPFDHKVVIHRGLVYNYDFPEYGAMKPGAFGDI,0
197,IERREGNDVCYPGKFVNEEALRQILRGSGGIDKETMGFTYSGIRTNGTTSACRRSGSSFYAEMEWLLSNTDNASFPQMTKSYKNTRRESALIVWGIHHSGSTTEQTKLYGSGNKLITVGSSKYHQSFVPSPGTRPQINGQSGRIDFHWLILDPNDTVTFS,0
198,RMEKKRSHLKRDTEDQEDQVDPRLIDGKMTRRGDSPWQVVLLDSKKKLACGAVLIHPSWVLTAAHCMDESKKLLVRLGEYDLRRWEKWELDLDIKEVFVHPNYSKSTTDNDIALLHLAQPATLSQTIVPICLPDSGLAERELNQAGQETLVTGWGYHSSR,0
199,PNYSKSTTDNDIALLHLAQPATLSQTIVPICLPDSGLAERELNQAGQETLVTGWGYHSSREKEAKRNRTFVLNFIKIPVVPHNECSEVMSNMVSENMLCAGILGDRQDACEGDSGGPMVASFHGTWFLVGLVSWGEGCGLLHNYGVYTKVSRYLDWIHGH,0
200,FPCGRPWKRMEKKRSHLKRDTEDQEDQVDPRLIDGKMTRRGDSPWQVVLLDSKKKLACGAVLIHPSWVLTAAHCMDESKKLLVRLGEYDLRRWEKWELDLDIKEVFVHPNYSKSTTDNDIALLHLAQPATLSQTIVPICLPDSGLAERELNQAGQETLVT,0
201,FMTQEGTLTSDPYDFANSWALSSGEQWCERASPPSSSCNISSGEMQKGLWEQCQLLKSTSVFARCHPLVDPEPFVALCEKTLCECAGGLECACPALLEYARTCAQEGMVLYGWTDHSACSPVCPAGMEYRQCVSPCARTCQSLHINEMCQERCVDGCSCP,0
202,FQNGKRVSLSVYLGEFFDIHLFVNGTVTQGDQRVSMPYASKGLYLETEAGYYKLSGEAYGFVARIDGSGNFQVLLSDRYFNKTCGLCGNFNIFAEDDFMTQEGTLTSDPYDFANSWALSSGEQWCERASPPSSSCNISSGEMQKGLWEQCQLLKSTSVFA,0
203,YLETEAGYYKLSGEAYGFVARIDGSGNFQVLLSDRYFNKTCGLCGNFNIFAEDDFMTQEGTLTSDPYDFANSWALSSGEQWCERASPPSSSCNISSGEMQKGLWEQCQLLKSTSVFARCHPLVDPEPFVALCEKTLCECAGGLECACPALLEYARTCAQE,0
204,FKSFDNRYFTFSGICQYLLARDCQDHSFSIVIETVQCADDRDAVCTRSVTVRLPGLHNSLVKLKHGAGVAMDGQDVQLPLLKGDLRIQHTVTASVRLSYGEDLQMDWDGRGRLLVKLSPVYAGKTCGLCGNYNGNQGDDFLTPSGLAEPRVEDFGNAWKL,0
205,LVGNKGCSHPSVKCKKRVTILVEGGEIELFDGEVNVKRPMKDETHFEVVESGRYIILLLGKALSVVWDRHLSISVVLKQTYQEKVCGLCGNFDGIQNNDLTSSNLQVEEDPVDFGNSWKVSSQCADTRKVPLDSSPATCHNNIMKQTMVDSSCRILTSDV,0
206,EAEFEVLKAFVVDMMERLRISQKWVRVAVVEYHDGSHAYIGLKDRKRPSELRRIASQVKYAGSQVASTSEVLKYTLFQIFSKIDRPEASRITLLLMASQEPQRMSRNFVRYVQGLKKKKVIVIPVGIGPHANLKQIRLIEKQAPENKAFVLSSVDELEQQ,0
207,MEDAVMGLRVAQCSQKPCEDSCRSGFTYVLHEGECCGRCLPSACEVVTGSPRGDSQSSWKSVGSQWASPENPCLINECVRVKEEVFIQQRNVSCPQLEVPVCPSGFQLSCKTSACCPSCRCERMEACMLNGTVIGPGKTVMIDVCTTCRCMVQVGVISGF,0
208,TLTNPGECRPNFTCACRKEECKRVSPPSCPPHRLPTLRKTQCCDEYECACNCVNSTVSCPLGYLASTATNDCGCTTTTCLPDKVCVHRSTIYPVGQFWEEGCDVCTCTDMEDAVMGLRVAQCSQKPCEDSCRSGFTYVLHEGECCGRCLPSACEVVTGSP,0
209,CPLGYLASTATNDCGCTTTTCLPDKVCVHRSTIYPVGQFWEEGCDVCTCTDMEDAVMGLRVAQCSQKPCEDSCRSGFTYVLHEGECCGRCLPSACEVVTGSPRGDSQSSWKSVGSQWASPENPCLINECVRVKEEVFIQQRNVSCPQLEVPVCPSGFQLS,0
210,NVKRPMKDETHFEVVESGRYIILLLGKALSVVWDRHLSISVVLKQTYQEKVCGLCGNFDGIQNNDLTSSNLQVEEDPVDFGNSWKVSSQCADTRKVPLDSSPATCHNNIMKQTMVDSSCRILTSDVFQDCNKLVDPEPYLDVCIYDTCSCESIGDCACFC,0
211,TQCIGEDGVQHQFLEAWVPDHQPCQICTCLSGRKVNCTTQPCPTAKAPTCGLCEVARLRQNADQCCPEYECVCDPVSCDLPPVPHCERGLQPTLTNPGECRPNFTCACRKEECKRVSPPSCPPHRLPTLRKTQCCDEYECACNCVNSTVSCPLGYLASTA,0
212,LFPGECQYVLVQDYCGSNPGTFRILVGNKGCSHPSVKCKKRVTILVEGGEIELFDGEVNVKRPMKDETHFEVVESGRYIILLLGKALSVVWDRHLSISVVLKQTYQEKVCGLCGNFDGIQNNDLTSSNLQVEEDPVDFGNSWKVSSQCADTRKVPLDSSP,0
213,LSPKTFASKTYGLCGICDENGANDFMLRDGTVTTDWKTLVQEWTVQRPGQTCQPILEEQCLVPDSSHCQVLLLPLFAECHKVLAPATFYAICQQDSCHQEQVCEVIASYAHLCRTNGVCVDWRTPDFCAMSCPPSLVYNHCEHGCPRHCDGNVSSCGDHP,0
214,EDIISLWDQSLKPCVKLTPLCVSLKCTDLKNDTNTNSSSGRMIMEKGEIKNCSFNISTSIRGKVQKEYAFFYKLDIIPIDNDTTSYKLTSCNTSVITQACPKVSFEPIPIHYCAPAGFAILKCNNKTFNGTGPCTNVSTVQCTHGIRPVVSTQLLLNGSL,0
215,ELDKWASLWNWFNITNWLWYIKLFIMIVGGLVGLRIVFAVLSIVNRVRQGYSPLSFQTHLPTPRGPDRPEGIEEEGGERDRDRSIRLVNGSLALIWDDLRSLCLFSYHRLRDLLLIVTRIVELLGRRGWEALKYWWNLLQYWSQELKNSAVSLLNATAIA,0
216,ILLMFKTRPEDFRDLSFPKLIMITDYLLLFRVYGLESLKDLFPNLTVIRGSRLFFNYALVIFEMVHLKELGLYNLMNITRGSVRIEKNNELCYLATIDWSRILDSVEDNYIVLNKDDNEECGDICPGTAKGKTNCPATVINGQFVERCWTHSHCQKVCPT,0
217,EVSGTKGRQERNDIALKTNGDQASCENELLKFSYIRTSFDKILLRWEPYWPPDFRDLLGFMLFYKEAPYQNVTEFDGQDACGSNSWTVVDIDPPLRSNDPKSQNHPGWLMRGLKPWTQYAIFVKTLVTFSDERRTYGAKSDIIYVQTDATNPSVPLDPIS,0
218,KLCLSEIHKMEEVSGTKGRQERNDIALKTNGDQASCENELLKFSYIRTSFDKILLRWEPYWPPDFRDLLGFMLFYKEAPYQNVTEFDGQDACGSNSWTVVDIDPPLRSNDPKSQNHPGWLMRGLKPWTQYAIFVKTLVTFSDERRTYGAKSDIIYVQTDA,0
219,HLKELGLYNLMNITRGSVRIEKNNELCYLATIDWSRILDSVEDNYIVLNKDDNEECGDICPGTAKGKTNCPATVINGQFVERCWTHSHCQKVCPTICKSHGCTAEGLCCHSECLGNCSQPDDPTKCVACRNFYLDGRCVETCPPPYYHFQDWRCVNFSFC,0
220,HEIFENNVVHLMWQEPKEPNGLIVLYEVSYRRYGDEELHLCVSRKHFALERGCRLRGLSPGNYSVRIRATSLAGNGSWTEPTYFYVTDYLDVPSNIAKIIIGPLIFVFLFSVVIGSIYLFLRKRQPDGPLGPLYASSNPEYLSASDVFPCSVYVPDEWEV,0
221,IVGPVTHEIFENNVVHLMWQEPKEPNGLIVLYEVSYRRYGDEELHLCVSRKHFALERGCRLRGLSPGNYSVRIRATSLAGNGSWTEPTYFYVTDYLDVPSNIAKIIIGPLIFVFLFSVVIGSIYLFLRKRQPDGPLGPLYASSNPEYLSASDVFPCSVYV,0
222,PANISRQAHILLDCGEDNVCKPKLEVSVDSDQKKIYIGDDNPLTLIVKAQNQGEGAYEAELIVSIPLQADFIGVVRNNEALARLSCAFKTENQTRQVVCDLGNPMKAGTQLLAGLRFSVHQQSEMDTSVKFDLQIQSSNLFDKVSPVVSHKVDLAVLAAV,0
223,WQGQLISDQVAEIVSKYDPNVYSIKYNNQLATRTAQAIFDDSYLGYSVAVGDFNGDGIDDFVSGVPRAARTLGMVYIYDGKNMSSLYNFTGEQMAAYFGFSVAATDINGDDYADVFIGAPLFMDRGSDGKLQEVGQVSVSLQRASGDFQTTKLNGFEVFA,0
224,DDFVSGVPRAARTLGMVYIYDGKNMSSLYNFTGEQMAAYFGFSVAATDINGDDYADVFIGAPLFMDRGSDGKLQEVGQVSVSLQRASGDFQTTKLNGFEVFARFGSAIAPLGDLDQDGFNDIAIAAPYGGEDKKGIVYIFNGRSTGLNAVPSQILEGQWA,0
225,SFGYSMKGATDIDKNGYPDLIVGAFGVDRAILYRARPVITVNAGLEVYPSILNQDNKTCSLPGTALKVSCFNVRFCLKADGKGVLPRKLNFQVELLLDKLKQKGAIRRALFLYSRSPSHSKNMTISRGGLMQCEELIAYLRDESEFRDKLTPITIFMEYR,0
226,PLLTRLLNTQIYRVDSISYNIQNREWYIPLPSHIMTKGAFLGGADVKECIEAFSSYICPSDPGFVLNHEMESCLSGNISQCPRTVVKSDIVPRYAFVNGGVVANCITTTCTCNGIGNRINQPPDQGVKIITHKECNTIGINGMLFNTNKEGTLAFYTPND,0
227,ELTNIFGDNIGSLQEKGIKLQGIASLYRTNITEIFTTSTVDKYDIYDLLFTESIKVRVIDVDLNDYSITLQVRLPLLTRLLNTQIYRVDSISYNIQNREWYIPLPSHIMTKGAFLGGADVKECIEAFSSYICPSDPGFVLNHEMESCLSGNISQCPRTVV,0
228,SQDPGALMAPIYTYTKNFRLSQDDIKGIQELYGASPDIDLGTGPTPTLGPVTPEICKQDIVFDGIAQIRGEIFFFKDRFIWRTVTPRDKPMGPLLVATFWPELPEKIDAVYEAPQEEKAVFFAGNEYWIYSASTLERGYPKPLTSLGLPPDVQRVDAAFN,0
229,PLNGLGCRHFQSCSQCLSAPPFVQCGWCHDKCVRSEECLSGTWTQQICLPAIYKVFPNSAPLEGGTRLTICGWDFGFRRNNKFDLKKTRVLLGNESCTLTLSESTMNTLKCTVGPAMNKHFNMSIIISNGHGTTQYSTFSYVDPVITSISPKYGPMAGGT,0
230,DFGLARDMYDKEYYSVHNKTGAKLPVKWMALESLQTQKFTTKSDVWSFGVLLWELMTRGAPPYPDVNTFDITVYLLQGRRLLQPEYCPDPLYEVMLKCWHPKAEMRPSFSELVSRISAIFSTFIGEHYVHVNATYVNVKCVAPYPSLLSSEDNADDEVDT,0
231,VSNSILECYTPAQTISTEFAVKLKIDLANRETSIFSYREDPIVYEIHPTKSFISGGSTITGVGKNLNSVSVPRMVINVHEAGRNFTVACQHRSNSEIICCTTPSLQQLNLQLPLKTKAFFMLDGILSKYFDLIYVHNPVFKPFEKPVMISMGNENVLEIK,0
232,SLNRITDIGEVSQFLTEGIIMKDFSHPNVLSLLGICLRSEGSPLVVLPYMKHGDLRNFIRNETHNPTVKDLIGFGLQVAKGMKYLASKKFVHRDLAARNCMLDEKFTVKVADFGLARDMYDKEYYSVHNKTGAKLPVKWMALESLQTQKFTTKSDVWSFG,0
233,SAEFTKTGRVVLGGPGSYFWQGQILSATQEQIAESYYPEYLINLVQGQLQTRQASSIYDDSYLGYSVAVGEFSGDDTEDFVAGVPKGNLTYGYVTILNGSDIRSLYNFSGEQMASYFGYAVAATDVNGDGLDDLLVGAPLLMDRTPDGRPQEVGRVYVYL,0
234,TGHDEFGRFGSSLTPLGDLDQDGYNDVAIGAPFGGETQQGVVFVFPGGPGGLGSKPSQVLQPLWAASHTPDFFGSALRGGRDLDGNGYPDLIVGSFGVDKAVVYRGRPIVSASASLTIFPAMFNPEERSCSLEGNPVACINLSFCLNASGKHVADSIGFT,0
235,NPVACINLSFCLNASGKHVADSIGFTVELQLDWQKQKGGVRRALFLASRQATLTQTLLIQNGAREDCREMKIYLRNESEFRDKLSPIHIALNFSLDPQAPVDSHGLRPALHYQSKSRIEDKAQILLDCGEDNICVPDLQLEVFGEQNHVYLGDKNALNLT,0
236,IVGMMGQWQISGLANGWVIMGPGYNGEIKPGTASNTWCYPTNPVTGEIPTLSALDIPDGDEVDVQWRLVHDSANFIKPTSYLAHYLGYAWVGGNHSQYVGEDMDVTRDGDGWVIRGNNDGGCDGYRCGDKTAIKVSNFAYNLDPDSFKHGDVTQSDRQLV,0
237,LGLNPNHIHIYSASWGPEDDGKTVDGPARLAEEAFFRGVSQGRGGLGSIFVWASGNGGREHDSCNCDGYTNSIYTLSISSATQFGNVPWYSEACSSTLATTYSSGNQNEKQIVTTDLRQKCTESHTGTSASAPLAAGIIALTLEANKNLTWRDMQHLVVQ,0
238,REPQVQWLEQQVAKRRTKRDVYQEPTDPKFPQQWYLSGVTQRDLNVKAAWAQGYTGHGIVVSILDDGIEKNHPDLAGNYDPGASFDVNDQDPDPQPRYTQMNDNRHGTRCAGEVAAVANNGVCGVGVAYNARIGGVRMLDGEVTDAVEARSLGLNPNHIH,0
239,FGNVPWYSEACSSTLATTYSSGNQNEKQIVTTDLRQKCTESHTGTSASAPLAAGIIALTLEANKNLTWRDMQHLVVQTSKPAHLNANDWATNGVGRKVSHSYGYGLLDAGAMVALAQNWTTVAPQRKCIIDILTEPKDIGKRLEVRKTVTACLGEPNHIT,0
240,AYAVVNISSEFNNAGSSSGCTVGIIHGGRVVNASSIAMTAPSSGMAWSSSQFCTAHCNFSDTTVFVTHCYKHGGCPLTGMLQQNLIRVSAMKNGQLFYNLTVSVAKYPTFRSFQCVNNLTSVYLNGDLVYTSNETIDVTSAGVYFKAGGPITYKVMREVK,0
241,TKPAGFNTPVLSNVSTGEFNISLLLTNPSSRRKRSLIEDLLFTSVESVGLPTNDAYKNCTAGPLGFFKDLACAREYNGLLVLPPIITAEMQALYTSSLVASMAFGGITAAGAIPFATQLQARINHLGITQSLLLKNQEKIAASFNKAIGHMQEGFRSTSL,0
242,LTNPSSRRKRSLIEDLLFTSVESVGLPTNDAYKNCTAGPLGFFKDLACAREYNGLLVLPPIITAEMQALYTSSLVASMAFGGITAAGAIPFATQLQARINHLGITQSLLLKNQEKIAASFNKAIGHMQEGFRSTSLALQQIQDVVSKQSAILTETMASLN,0
243,HWIPLVASLGLLAGGSFASAAEEAFDLWNECAKACVLDLKDGVRSSRMSVDPAIADTNGQGVLHYSMVLEGGNDALKLAIDNALSITSDGLTIRLEGGVEPNKPVRYSYTRQARGSWSLNWLVPIGHEKPSNIKVFIHELNAGNQLSHMSPIYTIEMGDE,0
244,RGTQNWTVERLLQAHRQLEERGYVFVGYHGTFLEAAQSIVFGGVRARSQDLDAIWRGFYIAGDPALAYGYAQDQEPDARGRIRNGALLRVYVPRSSLPGFYRTGLTLAAPEAAGEVERLIGHPLPLRLDAITGPEEEGGRLETILGWPLAERTVVIPSAI,0
245,ASLIPETGKKKVAEIQGHAGGRRSGQSHELLRDFEATLLQMFGLRRRPQPSKSAVIPDYMRDLYRLQSGEEEEEQIHSTGLEYPERPASRANTVRSFHHEEHLENIPGTSENSAFRFLFNLSSIPENEVISSAELRLFREQVDQGPDWERGFHRINIYEV,0
246,IRFERNIVCTSMKPINEDLDEGIMVVYKRNIVAHTFKVRVYQKVLTFRRSYAYIHTTYLLGSNTEYVAPPMWEIHHINSHSQCYSSYSRVIAGTVFVAYHRDSYENKTMQLMPDDYSNTHSTRYVTVKDQWHSRGSTWLYRETCNLNCMVTITTARSKYP,0
247,RTEECQLPSLKIFIAGNSAYEYVDYLFKRMIDLSSISTVDSMIALDIDPLENTDFRVLELYSQKELRSSNVFDLEEIMREFNSYKQRVKYVEDKVVDPLPPYLKGLDDLMSGLGAAGKAVGVAIGAVGGAVASVVEGVATFLKNPFGAFTIILVAIAVVI,0
248,RPVVIFNFANSSYVQYGQLGEDNEILLGNHRTEECQLPSLKIFIAGNSAYEYVDYLFKRMIDLSSISTVDSMIALDIDPLENTDFRVLELYSQKELRSSNVFDLEEIMREFNSYKQRVKYVEDKVVDPLPPYLKGLDDLMSGLGAAGKAVGVAIGAVGGA,0
249,FLELEKTKQLRLDTDQVYGNIATYNFENGRVRVDTGSNWSEVLPQIQETTARIIFNGKDLNLVERRIAAVNPSDPLETTKPDMTLKEALKIAFGFNEPNGNLQYQGKDITEFDFNFDQQTSQNIKNQLAELNATNIYTVLDKIKLNAKMNILIRDKRFHY,0
250,DMENIILSKNEDQSTQNTDSQTRTISKNTSTSRTHTSEVHGNAEVHASFFDIGGSVSAGFSNSNSSTVAIDHSLSLAGERTWAETMGLNTADTARLNANIRYVNTGTAPIYNVLPTTSLVLGKNQTLATIKAKENQLSQILAPNNYYPSKNLAPIALNAQ,0
251,INKAGFAVNFFKEVDECSRPNRGGCEQRCLNTLGSYKCSCDPGYELAPDKRRCEAACGGFLTKLNGSITSPGWPKEYPPNKNCIWQLVAPTQYRISLQFDFFETEGNDVCKYDFVEVRSGLTADSKLHGKFCGSEKPEVITSQYNNMRVEFKSDNTVSKK,0
252,DKDECSKDNGGCQQDCVNTFGSYECQCRSGFVLHDNKHDCKEAGCDHKVTSTSGTITSPNWPDKYPSKKECTWAISSTPGHRVKLTFMEMDIESQPECAYDHLEVFDGRDAKAPVLGRFCGSKKPEPVLATGSRMFLRFYSDNSVQRKGFQASHATECGG,0
253,PDRDRHVSIVRENIQPGQEYNFLKMEPQEVESLGETYDFDSIMHYARNTFSRGIFLDTIVPKYEVNGVKPPIGQRTRLSKGDIAQARKLYKCPACGETLQDSTGNFSSPEYPNGYSAHMHCVWRISVTPGEKIILNFTSLDLYRSRLCWYDYVEVRDGFW,0
254,YSAHMHCVWRISVTPGEKIILNFTSLDLYRSRLCWYDYVEVRDGFWRKAPLRGRFCGSKLPEPIVSTDSRLWVEFRSSSNWVGKGFFAVYEAICGGDVKKDYGHIQSPNYPDDYRPSKVCIWRIQVSEGFHVGLTFQSFEIERHDSCAYDYLEVRDGHSE,0
255,PTGGCYGVPPDLRTELSKRIAPCYQDYVKKFGENFASCQAGISSFYTKDLIVMGAPGSSYWTGSLFVYNITTNKYKAFLDKQNQVKFGSYLGYSVGAGHFRSQHTTEVVGGAPQHEQIGKAYIFSIDEKELNILHEMKGKKLGSYFGASVCAVDLNADGF,0
256,PQHEQIGKAYIFSIDEKELNILHEMKGKKLGSYFGASVCAVDLNADGFSDLLVGAPMQSTIREEGRVFVYINSGSGAVMNAMETNLVGSDKYAARFGESIVNLGDIDNDGFEDVAIGAPQEDDLQGAIYIYNGRADGISSTFSQRIEGLQISKSLSMFGQ,0
257,LTLEANKNLTWRDMQHLVVQTSKPAHLNADDWATNGVGRKVSHSYGYGLLDAGAMVALAQNWTTVAPQRKCIVEILVEPKDIGKRLEVRKAVTACLGEPNHITRLEHVQARLTLSYNRRGDLAIHLISPMGTRSTLLAARPHDYSADGFNDWAFMTTHSW,0
258,SSGCKTLTSSQACVVCEEGYSLHQKSCVQHCPPGFIPQVLDTHYSTENDVEIIRASVCTPCHASCATCQGPAPTDCLSCPSHASLDPVEQTCSRQSQSSRESRPQQQPPALRPEVEMEPRLQAGLASHLPEVLAGLSCLIIVLIFGIVFLFLHRCSGFSF,0
259,SASWGPEDDGKTVDGPARLAEEAFFRGVSQGRGGLGSIFVWASGNGGREHDSCNCDGYTNSIYTLSISSATQFGNVPWYSEACSSTLATTYSSGNQNEKQIVTTDLRQKCTESHTGTSASAPLAAGIIALTLEANKNLTWRDMQHLVVQTSKPAHLNADD,0
260,IEKNHPDLAGNYDPGASFDVNDQDPDPQPRYTQMNDNRHGTRCAGEVAAVANNGVCGVGVAYNARIGGVRMLDGEVTDAVEARSLGLNPNHIHIYSASWGPEDDGKTVDGPARLAEEAFFRGVSQGRGGLGSIFVWASGNGGREHDSCNCDGYTNSIYTL,0
261,DDGIEKNHPDLAGNYDPGASFDVNDQDPDPQPRYTQMNDNRHGTRCAGEVAAVANNGVCGVGVAYNARIGGVRMLDGEVTDAVEARSLGLNPNHIHIYSASWGPEDDGKTVDGPARLAEEAFFRGVSQGRGGLGSIFVWASGNGGREHDSCNCDGYTNSI,0
262,LVLYGTAPEGLSTPPESSGCKTLTSSQACVVCEEGYSLHQKSCVQHCPPGFIPQVLDTHYSTENDVEIIRASVCTPCHASCATCQGPAPTDCLSCPSHASLDPVEQTCSRQSQSSRESRPQQQPPALRPEVEMEPRLQAGLASHLPEVLAGLSCLIIVLI,0
263,NDVEIIRASVCTPCHASCATCQGPAPTDCLSCPSHASLDPVEQTCSRQSQSSRESRPQQQPPALRPEVEMEPRLQAGLASHLPEVLAGLSCLIIVLIFGIVFLFLHRCSGFSFRGVKVYTMDRGLISYKGLPPEAWQEECPSDSEEDEGRGERTAFIKDQ,0
264,DGYTNSIYTLSISSATQFGNVPWYSEACSSTLATTYSSGNQNEKQIVTTDLRQKCTESHTGTSASAPLAAGIIALTLEANKNLTWRDMQHLVVQTSKPAHLNANDWATNGVGRKVSHSYGYGLLDAGAMVALAQNWTTVAPQRKCIIEILAEPKDIGKRL,0
265,GVAYNARIGGVRMLDGEVTDAVEARSLGLNPNHIHIYSASWGPEDDGKTVDGPARLAEEAFFRGVSQGRGGLGSIFVWASGNGGREHDSCNCDGYTNSIYTLSISSATQFGNVPWYSEACSSTLATTYSSGNQNEKQIVTTDLRQKCTESHTGTSASAPL,0
266,EANKNLTWRDMQHLVVQTSKPAHLNANDWATNGVGRKVSHSYGYGLLDAGAMVALAQNWTTVAPQRKCIIEILAEPKDIGKRLEVRKTVTACLGEPNHISRLEHVQARLTLSYNRRGDLAIHLISPMGTRSTLLAARPHDYSADGFNDWAFMTTHSWDED,0
267,IIEILAEPKDIGKRLEVRKTVTACLGEPNHISRLEHVQARLTLSYNRRGDLAIHLISPMGTRSTLLAARPHDYSADGFNDWAFMTTHSWDEDPSGEWVLEIENTSEANNYGTLTKFTLVLYGTASEGLSAPPESSGCKTLTSSQACVVCEEGFSLHQKSC,0
268,EHDSCNCDGYTNSIYTLSISSATQFGNVPWYSEACSSTLATTYSSGNQNEKQIVTTDLRQKCTESHTGTSASAPLAAGIIALTLEANKNLTWRDMQHLVVQTSKPAHLNANDWATNGVGRKVSHSYGYGLLDAGAMVALAQNWTTVAPQRKCIIEILAEP,0
269,ANKNLTWRDMQHLVVQTSKPAHLNANDWATNGVGRKVSHSYGYGLLDAGAMVALAQNWTTVAPQRKCIIEILAEPKDIGKRLEVRKTVTACLGEPNHISRLEHVQARLTLSYNRRGDLAIHLISPMGTRSTLLAARPHDYSADGFNDWAFMTTHSWDEDP,0
270,VADSVARKHGFHNLGQIFGDYYHFWHRAVTKRSLSPHRPRHSRLQRVPQVKWLEQQVAKQRAKRDVYQEPTDPKFPQQWYLSGVTQRDLNVKEAWAQGFTGRGIVVSILDDGIEKNHPDLAGNYDPGASFDVNDQDPDPQPRYTQMNDNRHGTRCAGEVA,0
271,MNITVKNDPGHHIIEDMWLGVTVASQGPAGRVLVCAHRYTQVLWSGSEDQRRMVGKCYVRGNDLELDSSDDWQTYHNEMCNSNTDYLETGMCQLGTSGGFTQNTVYFGAPGAYNWKGNSYMIQRKEWDLSEYSYKDPEDQGNLYIGYTMQVGSFILHPKN,0
272,AGRVLVCAHRYTQVLWSGSEDQRRMVGKCYVRGNDLELDSSDDWQTYHNEMCNSNTDYLETGMCQLGTSGGFTQNTVYFGAPGAYNWKGNSYMIQRKEWDLSEYSYKDPEDQGNLYIGYTMQVGSFILHPKNITIVTGAPRHRHMGAVFLLSQEAGGDLR,0
273,SSGNQNEKQIVTTDLRQKCTDSHTGTSASAPLAAGIIALALEANKNLTWRDMQHLVVQTSNPAGLNANDWITNGVGRKVSHSYGYGLLDAGAMVAMAKTWVTVGPQRKYVIDILSEPKDIGKALEVRRKVEPCAGMSNYISTLEHVQARLSLSYNCRGDL,0
274,ISTLWEGNPGRFWNTTIAVSMANIFRGSYLAGAGLLFSIMKNTTNARRGTGNIGETLGEKWKSRLNALGKSEFQIYKKSGIQEVDRTLAKEGIKRGETDHHAVSRGSAKLRWFVERNMVTPEGKVVDLGCGRGGWSYYCGGLKNVREVKGLTKGGPGHEE,0
275,IQKAHEEGICGIRSVTRLENLMWKQITPELNHILSENEVKLTIMTGDIKGIMQAGKRSLRPQPTELKYSWKTWGKAKMLSTESHNQTFLIDGPETAECPNTNRAWNSLEVEDYGFGVFTTNIWLKLKEKQDVFCDSKLMSAAIKDNRAVHADMGYWIESA,0
276,LKEKEENLVNSLVTAGHGQVDNFSLGVLGMALFLEEMLRTRVGTKHAILLVAVSFVTLIIGNMSFRDLGRVMVMVGATMTDDIGMGVTYLALLAAFKVRPTFAAGLLLRKLTSKALMMTTIGIVLSSQSTTPETILELTDALALGMMVLKMVRNMEKYQL,0
277,FKSIQHLTITEEIAVQNWLARVGRERLSRMAISGDDCVVKPLDDRLPSALTALNDTGKIRKDIQQWEPSRGWNDWTQVPFCSHHFHELIMKDGRVLVVPCRNQDELIGRARISQGAGWSLRETACLGKSYDQMWSLMYFHRRDLRLAANAICSAVPSHWV,0
278,GTRNIGIESEIPNLDIIGKRIEKIKQEHETSWHYDQDHPYKTWAYHGSYETKQTGSASSMVNGVFRLLTKPWDVVPMVTQMAMTDTTPFGQQRVFKEKVDTRTQEPKEGTKKLMKITAEWLWKELGKKKTPRMCTREEFTRKVRSNAALGAIFTDENKWK,0
279,GLNPTAIFLTTLSRTSKKRSWPLNEAIMAVGMVSILASSLLKNDIPMTGPLVAGGPLTVCYVLTGRSADLELERAADVKWEDQAEISGSSPILSITISEDGSMSIKNEEEEQTLTILIRTGLLVISGLFPVSIPITAAAWYLWEVKKQRAGVLWDVPSPP,0
280,EGIKRGETDHHAVSRGSAKLRWFVERNMVTPEGKVVDLGCGRGGWSYYCGGLKNVREVKGLTKGGPGHEEPIPMSTYGWNLVRLQSGVDVFFIPPEKCDTLLCDIGESSPNPTVEAGRTLRVLNLVENWLNNNTQFCIKVLNPYMPSVIEKMEALQRKYG,0
281,QKAHEEGICGIRSVTRLENLMWKQITPELNHILSENEVKLTIMTGDIKGIMQAGKRSLRPQPTELKYSWKTWGKAKMLSTESHNQTFLIDGPETAECPNTNRAWNSLEVEDYGFGVFTTNIWLKLKEKQDVFCDSKLMSAAIKDNRAVHADMGYWIESAL,0
282,RGWNDWTQVPFCSHHFHELIMKDGRVLVVPCRNQDELIGRARISQGAGWSLRETACLGKSYDQMWSLMYFHRRDLRLAANAICSAVPSHWVPTSRTTWSIHAKHEWMTTEDMLTVWNRVWIQENPWMEDKTPVESWEEIPYLGKREDQWCGSLIGLTSRA,0
283,ECPNTNRAWNSLEVEDYGFGVFTTNIWLKLKEKQDVFCDSKLMSAAIKDNRAVHADMGYWIESALNDTWKIEKASFIEVKNCHWPKSHTLWSNGVLESEMIIPKNLAGPVSQHNYRPGYHTQITGPWHLGKLEMDFDFCDGTTVVVTEDCGNRGPSLRTT,0
284,YGGGWKLEGEWKEGEEVQVLALEPGKNPRAVQTKPGLFKTNAGTIGAVSLDFSPGTSGSPIIDKKGKVVGLYGNGVVTRSGAYVSAIAQTEKSIEDNPEIEDDIFRKRRLTIMDLHPGAGKTKRYLPAIVREAIKRGLRTLILAPTRVVAAEMEEALRGL,0
285,TVLMGLGKGWPLSKMDIGVPLLAIGCYSQVNPTTLTAALFLLVAHYAIIGPALQAKASREAQKRAAAGIMKNPTVDGITVIDLDPIPYDPKFEKQLGQVMLLVLCVTQVLMMRTTWALCEVLTLATGPISTLWEGNPGRFWNTTIAVSMANIFRGSYLAG,0
286,AFSGVSWTMKILIGVIITWIGMNSRSTSLSVTLVLVGIVTLYLGVMVQADSGCVVSWKNKELKCGSGIFITDNVHTWTEQYKFQPESPSKLASAIQKAHEEGICGIRSVTRLENLMWKQITPELNHILSENEVKLTIMTGDIKGIMQAGKRSLRPQPTEL,0
287,NELLRDFEVTLLQMFGLRKRPQPSKDVVVPAYMRDLYRLQSAEEEDELHDISMEYPETPTSRANTVRSFHHEEHLENLPGTEENGNFRFVFNLSSIPENEVISSAELRLYREQIDHGPAWDEGFHRINIYEVMKPITANGHMINRLLDTRVIHHNVTQWE,0
288,RRGRLLEIALGFTVLLASYTSHGADANLEAGNVKETRASRAKRRGGGGHDALKGPNVCGSRYNAYCCPGWKTLPGGNQCIVPICRHSCGDGFCSRPNMCTCPSGQIAPSCGSRSIQHCNIRCMNGGSCSDDHCLCQKGYIGTHCGQPVCESGCLNGGRCV,0
289,GKCRNTIGSFKCRCDSGFALDSEERNCTDIDECRISPDLCGRGQCVNTPGDFECKCDEGYESGFMMMKNCMDIDECQRDPLLCRGGVCHNTEGSYRCECPPGHQLSPNISACIDINECELSAHLCPNGRCVNLIGKYQCACNPGYHSTPDRLFCVDIDEC,0
290,DTRSGNCYLDIRPRGDNGDTACSNEIGVGVSKASCCCSLGKAWGTPCEMCPAVNTSEYKILCPGGEGFRPNPITVILEDIDECQELPGLCQGGKCINTFGSFQCRCPTGYYLNEDTRVCDDVNECETPGICGPGTCYNTVGNYTCICPPDYMQVNGGNNC,0
291,EKQMECKNLIGTYMCICGPGYQRRPDGEGCVDENECQTKPGICENGRCLNTRGSYTCECNDGFTASPNQDECLDNREGYCFTEVLQNMCQIGSSNRNPVTKSECCCDGGRGWGPHCEICPFQGTVAFKKLCPHGRGFMTNGADIDECKVIHDVCRNGECV,0
292,FGAVTKSECCCASTEYAFGEPCQPCPAQNSAEYQALCSSGPGMTSAGSDINECALDPDICPNGICENLRGTYKCICNSGYEVDSTGKNCVDINECVLNSLLCDNGQCRNTPGSFVCTCPKGFIYKPDLKTCEDIDECESSPCINGVCKNSPGSFICECSS,0
293,YHSTPDRLFCVDIDECSIMNGGCETFCTNSEGSYECSCQPGFALMPDQRSCTDIDECEDNPNICDGGQCTNIPGEYRCLCYDGFMASEDMKTCVDVNECDLNPNICLSGTCENTKGSFICHCDMGYSGKKGKTGCTDINECEIGAHNCGKHAVCTNTAGS,0
294,IGRAWNKPCEQCPIPSTDEFATLCGSQRPGFVIDIYTGLPVDIDECREIPGVCENGVCINMVGSFRCECPVGFFYNDKLLVCEDIDECQNGPVCQRNAECINTAGSYRCDCKPGYRFTSTGQCNDRNECQEIPNICSHGQCIDTVGSFYCLCHTGFKTND,0
295,GPCFTVISNQMCQGQLSGIVCTKTLCCATVGRAWGHPCEMCPAQPHPCRRGFIPNIRTGACQDVDECQAIPGLCQGGNCINTVGSFECKCPAGHKLNEVSQKCEDIDECSTIPGICEGGECTNTVSSYFCKCPPGFYTSPDGTRCIDVRPGYCYTALTNG,0
296,NCYLDIRPRGDNGDTACSNEIGVGVSKASCCCSLGKAWGTPCEMCPAVNTSEYKILCPGGEGFRPNPITVILEDIDECQELPGLCQGGKCINTFGSFQCRCPTGYYLNEDTRVCDDVNECETPGICGPGTCYNTVGNYTCICPPDYMQVNGGNNCMDMRR,0
297,YRCECPFGYILAGNECVDTDECSVGNPCGNGTCKNVIGGFECTCEEGFEPGPMMTCEDINECAQNPLLCAFRCVNTYGSYECKCPVGYVLREDRRMCKDEDECEEGKHDCTEKQMECKNLIGTYMCICGPGYQRRPDGEGCVDENECQTKPGICENGRCL,0
298,SREPPRVLPVNVTDYCQLVRYLCQNGRCIPTPGSYRCECNKGFQLDLRGECIDVDECEKNPCAGGECINNQGSYTCQCRAGYQSTLTRTECRDIDECLQNGRICNNGRCINTDGSFHCVCNAGFHVTRDGKNCEDMDECSIRNMCLNGMCINEDGSFKCI,0
299,STPDRLFCVDIDECSIMNGGCETFCTNSEGSYECSCQPGFALMPDQRSCTDIDECEDNPNICDGGQCTNIPGEYRCLCYDGFMASEDMKTCVDVNECDLNPNICLSGTCENTKGSFICHCDMGYSGKKGKTGCTDINECEIGAHNCGKHAVCTNTAGSFK,0
300,VTKSECCCDGGRGWGPHCEICPFQGTVAFKKLCPHGRGFMTNGADIDECKVIHDVCRNGECVNDRGSYHCICKTGYTPDITGTSCVDLNECNQAPKPCNFICKNTEGSYQCSCPKGYILQEDGRSCKDLDECATKQHNCQFLCVNTIGGFTCKCPPGFTQ,0
301,CLCPEGFSLSSSGRRCQDLRMSYCYAKFEGGKCSSPKSRNHSKQECCCALKGEGWGDPCELCPTEPDEAFRQICPYGSGIIVGPDDSAVDMDECKEPDVCKHGQCINTDGSYRCECPFGYILAGNECVDTDECSVGNPCGNGTCKNVIGGFECTCEEGFE,0
302,GCLNGGRCVAPNRCACTYGFTGPQCERDYRTGPCFTVISNQMCQGQLSGIVCTKTLCCATVGRAWGHPCEMCPAQPHPCRRGFIPNIRTGACQDVDECQAIPGLCQGGNCINTVGSFECKCPAGHKLNEVSQKCEDIDECSTIPGICEGGECTNTVSSYF,0
303,NANSIIGDGPIILKEVEYRMTSGSWTETHAVNAPTYKLWHLDPDTEYEIRVLLTRPGEGGTGLPGPPLITRTKCAEPMRTPKTLKIAEIQARRIAVDWESLGYNITRCHTFNVTICYHYFRGHNESRADCLDMDPKAPQHVVNHLPPYTNVSLKMILTNP,0
304,RPGEGGTGLPGPPLITRTKCAEPMRTPKTLKIAEIQARRIAVDWESLGYNITRCHTFNVTICYHYFRGHNESRADCLDMDPKAPQHVVNHLPPYTNVSLKMILTNPEGRKESEETIIQTDEDVPGPVPVKSLQGTSFENKIFLNWKEPLEPNGIITQYEV,0
305,DYINANYIDIWLYRDGYQRPSHYIATQGPVHETVYDFWRMVWQEQSACIVMVTNLVEVGRVKCYKYWPDDTEVYGDFKVTCVEMEPLAEYVVRTFTLERRGYNEIREVKQFHFTGWPDHGVPYHATGLLSFIRRVKLSNPPSAGPIVVHCSAGAGRTGCY,0
306,LNSVTPRLQAEDCSIACLPRNHDKNRFMDMLPPDRCLPFLITIDGESSNYINAALMDSYRQPAAFIVTQYPLPNTVKDFWRLVYDYGCTSIVMLNEVDLSQGCPQYWPEEGMLRYGPIQVECMSCSMDCDVINRIFRICNLTRPQEGYLMVQQFQYLGWA,0
307,ASWDVAKKDQNRAKNRYGNIIAYDHSRVILQPVEDDPSSDYINANYIDIWLYRDGYQRPSHYIATQGPVHETVYDFWRMVWQEQSACIVMVTNLVEVGRVKCYKYWPDDTEVYGDFKVTCVEMEPLAEYVVRTFTLERRGYNEIREVKQFHFTGWPDHGV,0
308,PLAEYVVRTFTLERRGYNEIREVKQFHFTGWPDHGVPYHATGLLSFIRRVKLSNPPSAGPIVVHCSAGAGRTGCYIVIDIMLDMAEREGVVDIYNCVKALRSRRINMVQTEEQYIFIHDAILEACLCGETAIPVCEFKAAYFDMIRIDSQTNSSHLKDEF,0
309,GKAPPKAGSVPSSFLLKKAREPGPPREPKEPFRPPPITPHEYMLSLYRTLSDADRKGGNSSVKLEAGLANTITSFIDKGQDDRGPVVRKQRYVFDISALEKDGLLGAELRILRKKPSDTAKPAAPGGGRAAQLKLSSCPSGRQPAALLDVRSVPGLDGSG,0
310,GPPREPKEPFRPPPITPHEYMLSLYRTLSDADRKGGNSSVKLEAGLANTITSFIDKGQDDRGPVVRKQRYVFDISALEKDGLLGAELRILRKKPSDTAKPAAPGGGRAAQLKLSSCPSGRQPAALLDVRSVPGLDGSGWEVFDIWKLFRNFKNSAQLCLE,0
311,LLTFLLWYLAWLDLEFICTVLGAPDLGQRPQGTRPGLAKAEAKERPPLARNVFRPGGHSYGGGATNANARAKGGTGQTGGLTQPKKDEPKKLPPRPGGPEPKPGHPPQTRQATARTVTPKGQLPGGKAPPKAGSVPSSFLLKKAREPGPPREPKEPFRPP,0
312,RGLPTDKIDAALFWMPNGKTYFFRGNKYYRFNEELRAVDSEYPKNIKVWEGIPESPRGSFMGSDEVFTYFYKGNKYWKFNNQKLKVEPGYPKSALRDWMGCPSGGRPDEGTEEETEVIIIEVDEEGGGAVSAAAVVLPVLLLLLVLAVGLAVFFFRRHGT,0
313,GESGFPTKMPPQPRTTSRPSVPDKPKNPTYGPNICDGNFDTVAMLRGEMFVFKERWFWRVRNNQVMDGYPMPIGQFWRGLPASINTAYERKDGKFVFFKGDKHWVFDEASLEPGYPKHIKELGRGLPTDKIDAALFWMPNGKTYFFRGNKYYRFNEELRA,0
314,LPNDDLQGIQKIYGPPDKIPPPTRPLPTVPPHRSIPPADPRKNDRPKPPRPPTGRPSYPGAKPNICDGNFNTLAILRREMFVFKDQWFWRVRNNRVMDGYPMQITYFWRGLPPSIDAVYENSDGNFVFFKGNKYWVFKDTTLQPGYPHDLITLGSGIPPH,0
315,AVYENSDGNFVFFKGNKYWVFKDTTLQPGYPHDLITLGSGIPPHGIDSAIWWEDVGKTYFFKGDRYWRYSEEMKTMDPGYPKPITVWKGIPESPQGAFVHKENGFTYFYKGKEYWKFNNQILKVEPGYPRSILKDFMGCDGPTDRVKEGHSPPDDVDIVI,0
316,WNIFPVISLYLMGEVTNQSFRITILPQQYLRPVEDVATSQDDCYKFAISQSSTGTVMGAVIMEGFYVVFDRARKRIGFAVSACHVHDEFRTAAVEGPFVTLDMEDCGYNIPQTDESTLMTIAYVMAAICALFMLPLCLMVCQWRCLRCLRQQHDDFADDI,0
317,SIKAASSTEKFPDGFWLGEQLVCWQAGTTPWNIFPVISLYLMGEVTNQSFRITILPQQYLRPVEDVATSQDDCYKFAISQSSTGTVMGAVIMEGFYVVFDRARKRIGFAVSACHVHDEFRTAAVEGPFVTLDMEDCGYNIPQTDESTLMTIAYVMAAICA,0
318,TNLRLPKKVFEAAVKSIKAASSTEKFPDGFWLGEQLVCWQAGTTPWNIFPVISLYLMGEVTNQSFRITILPQQYLRPVEDVATSQDDCYKFAVSQSSTGTVMGAVIMEGFYVVFDRARKRIGFAVSACHVHDEFRTAAVEGPFVTADMEDCGYNIPQTDE,0
319,QAGTTPWNIFPVISLYLMGEVTNQSFRITILPQQYLRPVEDVATSQDDCYKFAVSQSSTGTVMGAVIMEGFYVVFDRARKRIGFAVSACHVHDEFRTAAVEGPFVTADMEDCGYNIPQTDESTLMTIAYVMAAICALFMLPLCLMVCQWRCLRCLRHQHD,0
320,PSEENVSSSDTGPTSEGGLVATTTSGSGLSSSRNPITWPVTPFYNTLTKGPEMEIHSGSGEEREQPEDKDESNPVIWTKIRVPGNDAPVESTEMPLAPPLTPDLSRESWWPPFSTVMEGLLPSQRPTTSETGTPRVEGMVTEKPANTLLPLGGDHQPEPS,0
321,HDVAVLLTRKDICAGFNRPCETLGLSHLSGMCQPHRSCNINEDSGLPLAFTIAHELGHSFGIQHDGKENDCEPVGRHPYIMSRQLQYDPTPLTWSKCSEEYITRFLDRGWGFCLDDIPKKKGLKSKVIAPGVIYDVHHQCQLQYGPNATFCQEVENVCQT,0
322,RFLDRGWGFCLDDIPKKKGLKSKVIAPGVIYDVHHQCQLQYGPNATFCQEVENVCQTLWCSVKGFCRSKLDAAADGTQCGEKKWCMAGKCITVGKKPESIPGGWGRWSPWSHCSRTCGAGVQSAERLCNNPEPKFGGKYCTGERKRYRLCNVHPCRSEAP,0
323,KSDLNPVHHDVAVLLTRKDICAGFNRPCETLGLSHLSGMCQPHRSCNINEDSGLPLAFTIAHELGHSFGIQHDGKENDCEPVGRHPYIMSRQLQYDPTPLTWSKCSEEYITRFLDRGWGFCLDDIPKKKGLKSKVIAPGVIYDVHHQCQLQYGPNATFCQ,0
324,GCDYEIDSNATEDRCGVCLGDGSSCQTVRKMFKQKEGSGYVDIGLIPKGARDIRVMEIEGAGNFLAIRSEDPEKYYLNGGFIIQWNGNYKLAGTVFQYDRKGDLEKLMATGPTNESVWIQLLFQVTNPGIKYEYTIQKDGLDNDVEQQMYFWQYGHWTEC,0
325,GTVFQYDRKGDLEKLMATGPTNESVWIQLLFQVTNPGIKYEYTIQKDGLDNDVEQQMYFWQYGHWTECSVTCGTGIRRQTAHCIKKGRGMVKATFCDPETQPNGRQKKCHEKACPPRWWAGEWEACSATCGPHGEKKRTVLCIQTMVSDEQALPPTDCQH,0
326,PSEENVSSSDTGPTSEGGLVATTTSGSGLSSSRNPITWPVTPFYNTLTKGPEMEIHSGSGEEREQPEDKDESNPVIWTKIRVPGNDAPVESTEMPLAPPLTPDLSRESWWPPFSTVMEGLLPSQRPTTSETGTPRVEGMVTEKPANTLLPLGGDHQPEPS,0
327,PKGARDIRVMEIEGAGNFLAIRSEDPEKYYLNGGFIIQWNGNYKLAGTVFQYDRKGDLEKLMATGPTNESVWIQLLFQVTNPGIKYEYTIQKDGLDNDVEQQMYFWQYGHWTECSVTCGTGIRRQTAHCIKKGRGMVKATFCDPETQPNGRQKKCHEKAC,0
328,GPTNESVWIQLLFQVTNPGIKYEYTIQKDGLDNDVEQQMYFWQYGHWTECSVTCGTGIRRQTAHCIKKGRGMVKATFCDPETQPNGRQKKCHEKACPPRWWAGEWEACSATCGPHGEKKRTVLCIQTMVSDEQALPPTDCQHLLKPKTLLSCNRDILCPS,0
329,VSGECKHVGCDRVLGSDLREDKCRVCGGDGSACETIEGVFSPALPGTGYEDVVWIPKGSVHIFIQDLNLSLSHLALKGDQESLLLEGLPGTPQPHRLPLAGTTFHLRQGPDQAQSLEALGPINASLIIMVLAQAELPALHYRFNAPIARDALPPYSWHYA,0
330,CGGDGSACETIEGVFSPALPGTGYEDVVWIPKGSVHIFIQDLNLSLSHLALKGDQESLLLEGLPGTPQPHRLPLAGTTFHLRQGPDQAQSLEALGPINASLIIMVLAQAELPALHYRFNAPIARDALPPYSWHYAPWTKCSAQCAGGSQVQVVECRNQLD,0
331,LYAGHLQGQAGSSHVAVSTCGGLHGLIVADDEEYLIEPLQGGPKGHRGPEESGPHVVYKRSSLRHPHLDTACGVRDEKPWKGRPWWLRTLKPPPARPLGNESERGQLGLKRSVSRERYVETLVVADKMMVAYHGRRDVEQYVLAIMNIVAKLFQDSSLGN,0
332,LRHPHLDTACGVRDEKPWKGRPWWLRTLKPPPARPLGNESERGQLGLKRSVSRERYVETLVVADKMMVAYHGRRDVEQYVLAIMNIVAKLFQDSSLGNIVNILVTRLILLTEDQPTLEITHHAGKSLDSFCKWQKSIVSHSGHGNAIPENGVANHDTAVL,0
333,GWCYKRVCVPFGSRPEGVDGAWGPWTPWGDCSRSCGGGVSSSSRHCDSPRPTIGGKYCLGERRRHRSCNTNDCPPGSQDFREMQCSEFDSVPFRGKFYTWKTYRGGGVKACSLTCLAEGFNFYTERAAAVVDGTPCRPDTVDICVSGECKHVGCDRVLGS,0
334,RRQRRGAGATTESRLFYKVAAPSTHFLLNLTRSPRLLAGHVSVEYWTREGLAWQRAARAHCLYAGHLQGQAGSSHVAVSTCGGLHGLIVADDEEYLIEPLQGGPKGHRGPEESGPHVVYKRSSLRHPHLDTACGVRDEKPWKGRPWWLRTLKPPPARPLG,0
335,EVHAASGSLPVFVVVVLVLLAVVLVTLAGIIVYRKARSRILSRNVAPKTTMGRSNPLFHQAASRVPAKGGAPAPSRGPQELVPTTHPGQPARHPASSVALKRPPPAPPVTVSSPPFPVPVYTRQAPKQVIKPTFAPPVPPVKPGAGAANPGPAEGAVGPK,0
336,KVPLGSRKQKPCSDMGDVQRAARSRGSLSAHMLLLLLASITMLLCARGAHGRPTEEDEELVLPSLERAPGHDSTTTRLRLDAFGQQLHLKLQPDSGFLAPGFTLQTVGRSPGSEAQHLDPTGDLAHCFYSGTVNGDPGSAAALSLCEGVRGAFYLQGEEF,0
337,TLYDANRQCQFTFGEESKHCPDAASTCTTLWCTGTSGGLLVCQTKHFPWADGTSCGEGKWCVSGKCVNKTDMKHFATPVHGSWGPWGPWGDCSRTCGGGVQYTMRECDNPVPKNGGKYCEGKRVRYRSCNIEDCPDNNGKTFREEQCEAHNEFSKASFGN,0
338,GEGKWCVSGKCVNKTDMKHFATPVHGSWGPWGPWGDCSRTCGGGVQYTMRECDNPVPKNGGKYCEGKRVRYRSCNIEDCPDNNGKTFREEQCEAHNEFSKASFGNEPTVEWTPKYAGVSPKDRCKLTCEAKGIGYFFVLQPKVVDGTPCSPDSTSVCVQG,0
339,NEPTVEWTPKYAGVSPKDRCKLTCEAKGIGYFFVLQPKVVDGTPCSPDSTSVCVQGQCVKAGCDRIIDSKKKFDKCGVCGGNGSTCKKMSGIVTSTRPGYHDIVTIPAGATNIEVKHRNQRGSRNNGSFLAIRAADGTYILNGNFTLSTLEQDLTYKGTV,0
340,MPNACQNGGTCHNTHGGYNCVCVNGWTGEDCSENIDDCASAACFQGATCHDRVASFYCECPHGRTGLLCHLNDACISNPCNEGSNCDTNPVNGKAICTCPSGYTGPACSQDVDECALGANPCEHAGKCLNTLGSFECQCLQGYTGPRCEIDVNECISNPC,0
341,PTCLSEVNECNSNPCIHGACRDGLNGYKCDCAPGWSGTNCDINNNECESNPCVNGGTCKDMTSGYVCTCREGFSGPNCQTNINECASNPCLNQGTCIDDVAGYKCNCPLPYTGATCEVVLAPCATSPCKNSGVCKESEDYESFSCVCPTGWQGQTCEVDI,0
342,LPYVPCSPSPCQNGGTCRPTGDTTHECACLPGFAGQNCEENVDDCPGNNCKNGGACVDGVNTYNCRCPPEWTGQYCTEDVDECQLMPNACQNGGTCHNTHGGYNCVCVNGWTGEDCSENIDDCASAACFQGATCHDRVASFYCECPHGRTGLLCHLNDAC,0
343,YCHCQAGYTGSYCEDEVDECSPNPCQNGATCTDYLGGFSCKCVAGYHGSNCSEEINECLSQPCQNGGTCIDLTNSYKCSCPRGTQGVHCEINVDDCHPPLDPASRSPKCFNNGTCVDQVGGYTCTCPPGFVGERCEGDVNECLSNPCDPRGTQNCVQRVN,0
344,ACRDGLNGYKCDCAPGWSGTNCDINNNECESNPCVNGGTCKDMTSGYVCTCREGFSGPNCQTNINECASNPCLNQGTCIDDVAGYKCNCPLPYTGATCEVVLAPCATSPCKNSGVCKESEDYESFSCVCPTGWQGQTCEVDINECVKSPCRHGASCQNTN,0
345,DCVDSYTCTCPVGFNGIHCENNTPDCTESSCFNGGTCVDGINSFTCLCPPGFTGSYCQYDVNECDSRPCLHGGTCQDSYGTYKCTCPQGYTGLNCQNLVRWCDSAPCKNGGRCWQTNTQYHCECRSGWTGVNCDVLSVSCEVAAQKRGIDVTLLCQHGGL,0
346,GATCEVVLAPCATSPCKNSGVCKESEDYESFSCVCPTGWQGQTCEVDINECVKSPCRHGASCQNTNGSYRCLCQAGYTGRNCESDIDDCRPNPCHNGGSCTDGINTAFCDCLPGFQGAFCEEDINECASNPCQNGANCTDCVDSYTCTCPVGFNGIHCEN,0
347,NTLGSFECQCLQGYTGPRCEIDVNECISNPCQNDATCLDQIGEFQCICMPGYEGVYCEINTDECASSPCLHNGHCMDKINEFQCQCPKGFNGHLCQYDVDECASTPCKNGAKCLDGPNTYTCVCTEGYTGTHCEVDIDECDPDPCHYGSCKDGVATFTCL,0
348,HLGISHLNVAAKPEMAALAGGSRLAFEPPPPRLSHLPVASSASTVLSTNGTGAMNFTVGAPASLNGQCEWLPRLQNGMVPSQYNPLRPGVTPGTLSTQAAGLQHSMMGPLHSSLSTNTLSPIIYQGLPNTRLATQPHLVQTQQVQPQNLQLQPQNLQPPS,0
349,CSPNGYLGNLKSATQGKKARKPSTKGLACGSKEAKDLKARRKKSQDGKGCLLDSSSMLSPVDSLESPHGYLSDVASPPLLPSPFQQSPSMPLSHLPGMPDTHLGISHLNVAAKPEMAALAGGSRLAFEPPPPRLSHLPVASSASTVLSTNGTGAMNFTVG,0
350,EDLETKKFRFEEPVVLPDLSDQTDHRQWTQQHLDAADLRMSAMAPTPPQGEVDADCMDVNVRGPDGFTPLMIASCSGGGLETGNSEEEEDAPAVISDFIYQGASLHNQTDRTGETALHLAARYSRSDAAKRLLEASADANIQDNMGRTPLHAAVSADAQG,0
351,RDGSNVIVTERVIAPSSSLPTSLTIHHPRESSNVVVTERVIQPTSGMIGSLSMHPELANAHNVIVTERVVSGAGVTGISGTTGISGGIGSSGLVGTSMGAGSGALSGAGISGGGIGLSSLGGTASIGHMRSSSDHHFNQTIGSASPSTARSRITKYSTVQ,0
352,MSAECECNIKILDVNDNIPYMEQSSYTIEIQENTLNSNLLEIRVIDLDEEFSANWMAVIFFISGNEGNWFEIEMNERTNVGILKVVKPLDYEAMQSLQLSIGVRNKAEFHHSIMSQYKLKASAISVTVLNVIEGPVFRPGSKTYVVTGNMGSNDKVGDFV,0
353,TERVVGPISGADLHGMLEMPDLRDGSNVIVTERVIAPSSSLPTSLTIHHPRESSNVVVTERVIQPTSGMIGSLSMHPELANAHNVIVTERVVSGAGVTGISGTTGISGGIGSSGLVGTSMGAGSGALSGAGISGGGIGLSSLGGTASIGHMRSSSDHHFN,0
354,SGHPPISPHFGTTTVISESTYPSGPGVLHPKPILDPLGYGNVTVTESYTTSDTLKPSVHVHDNRPASNVVVTERVVGPISGADLHGMLEMPDLRDGSNVIVTERVIAPSSSLPTSLTIHHPRESSNVVVTERVIQPTSGMIGSLSMHPELANAHNVIVTE,0
355,YEAGEWAENCYNLEIKKPDGSECLPAAPDGIRGFPRCRYVHKVSGTGPCAGDFAFHKEGAFFLYDRLASTVIYRGTTFAEGVVAFLILPQAKKDFFSSHPLREPVNATEDPSSGYYSTTIRYQATGFGTNETEYLFEVDNLTYVQLESRFTPQFLLQLNE,0
356,KVSGTGPCAGDFAFHKEGAFFLYDRLASTVIYRGTTFAEGVVAFLILPQAKKDFFSSHPLREPVNATEDPSSGYYSTTIRYQATGFGTNETEYLFEVDNLTYVQLESRFTPQFLLQLNETIYTSGKRSNTTGKLIWKVNPEIDTTIGEWAFWETKKNLTR,0
357,PDGSDEAPEICPQSKAQRCQPNEHNCLGTELCVPMSRLCNGVQDCMDGSDEGPHCRELQGNCSRLGCQHHCVPTLDGPTCYCNSSFQLQADGKTCKDFDECSVYGTCSQLCTNTDGSFICGCVEGYLLQPDNRSCKAKNEPVDRPPVLLIANSQNILATY,0
358,WVDMGLSTISRAKRDQTWREDVVTNGIGRVEGIAVDWIAGNIYWTDQGFDVIEVARLNGSFRYVVISQGLDKPRAITVHPEKGYLFWTEWGQYPRIERSRLDGTERVVLVNVSISWPNGISVDYQDGKLYWCDARTDKIERIDLETGENREVVLSSNNMD,0
359,EGKTCGPSSFSCPGTHVCVPERWLCDGDKDCADGADESIAAGCLYNSTCDDREFMCQNRQCIPKHFVCDHDRDCADGSDESPECEYPTCGPSEFRCANGRCLSSRQWECDGENDCHDQSDEAPKNPHCTSQEHKCNASSQFLCSSGRCVAEALLCNGQDD,0
360,SVAPGEGIVCSCPLGMELGPDNHTCQIQSYCAKHLKCSQKCDQNKFSVKCSCYEGWVLEPDGESCRSLDPFKPFIIFSNRHEIRRIDLHKGDYSVLVPGLRNTIALDFHLSQSALYWTDVVEDKIYRGKLLDNGALTSFEVVIQYGLATPEGLAVDWIAG,0
361,PNDKSDALVPVSGTSLAVGIDFHAENDTIYWVDMGLSTISRAKRDQTWREDVVTNGIGRVEGIAVDWIAGNIYWTDQGFDVIEVARLNGSFRYVVISQGLDKPRAITVHPEKGYLFWTEWGQYPRIERSRLDGTERVVLVNVSISWPNGISVDYQDGKLY,0
362,HKCACPTNFYLGSDGRTCVSNCTASQFVCKNDKCIPFWWKCDTEDDCGDHSDEPPDCPEFKCRPGQFQCSTGICTNPAFICDGDNDCQDNSDEANCDIHVCLPSQFKCTNTNRCIPGIFRCNGQDNCGDGEDERDCPEVTCAPNQFQCSITKRCIPRVWV,0
363,SINRAHKTTGTNKTLLISTLHRPMDLHVFHALRQPDVPNHPCKVNNGGCSNLCLLSPGGGHKCACPTNFYLGSDGRTCVSNCTASQFVCKNDKCIPFWWKCDTEDDCGDHSDEPPDCPEFKCRPGQFQCSTGICTNPAFICDGDNDCQDNSDEANCDIHV,0
364,YLSGAQVSTITPTSTRQTTAMDFSYANETVCWVHVGDSAAQTQLKCARMPGLKGFVDEHTINISLSLHHVEQMAIDWLTGNFYFVDDIDDRIFVCNRNGDTCVTLLDLELYNPKGIALDPAMGKVFFTDYGQIPKVERCDMDGQNRTKLVDSKIVFPHGI,0
365,VQVLHRTGLSNPDGLAVDWVGGNLYWCDKGRDTIEVSKLNGAYRTVLVSSGLREPRALVVDVQNGYLYWTDWGDHSLIGRIGMDGSSRSVIVDTKITWPNGLTLDYVTERIYWADAREDYIEFASLDGSNRHVVLSQDIPHIFALTLFEDYVYWTDWETK,0
366,PPQCQPGEFACANSRCIQERWKCDGDNDCLDNSDEAPALCHQHTCPSDRFKCENNRCIPNRWLCDGDNDCGNSEDESNATCSARTCPPNQFSCASGRCIPISWTCDLDDDCGDRSDESASCAYPTCFPLTQFTCNNGRCININWRCDNDNDCGDNSDEAG,0
367,MEIRGVDLDAPYYNYIISFTVPDIDNVTVLDYDAREQRVYWSDVRTQAIKRAFINGTGVETVVSADLPNAHGLAVDWVSRNLFWTSYDTNKKQINVARLDGSFKNAVVQGLEQPHGLVVHPLRGKLYWTDGDNISMANMDGSNRTLLFSGQKGPVGLAID,0
368,LFWTSYDTNKKQINVARLDGSFKNAVVQGLEQPHGLVVHPLRGKLYWTDGDNISMANMDGSNRTLLFSGQKGPVGLAIDFPESKLYWISSGNHTINRCNLDGSGLEVIDAMRSQLGKATALAIMGDKLWWADQVSEKMGTCSKADGSGSVVLRNSTTLVM,0
369,LSHPFAVTLYGGEVYWTDWRTNTLAKANKWTGHNVTVVQRTNTQPFDLQVYHPSRQPMAPNPCEANGGQGPCSHLCLINYNRTVSCACPHLMKLHKDNTTCYEFKKFLLYARQMEIRGVDLDAPYYNYIISFTVPDIDNVTVLDYDAREQRVYWSDVRTQ,0
370,MNCSATDCSSYFRLGVKGVLFQPCERTSLCYAPSWVCDGANDCGDYSDERDCPGVKRPRCPLNYFACPSGRCIPMSWTCDKEDDCEHGEDETHCNKFCSEAQFECQNHRCISKQWLCDGSDDCGDGSDEAAHCEGKTCGPSSFSCPGTHVCVPERWLCDG,0
371,NGGCSHNCSVAPGEGIVCSCPLGMELGPDNHTCQIQSYCAKHLKCSQKCDQNKFSVKCSCYEGWVLEPDGESCRSLDPFKPFIIFSNRHEIRRIDLHKGDYSVLVPGLRNTIALDFHLSQSALYWTDVVEDKIYRGKLLDNGALTSFEVVIQYGLATPEG,0
372,RWQCDYDNDCGDNSDEESCTPRPCSESEFSCANGRCIAGRWKCDGDHDCADGSDEKDCTPRCDMDQFQCKSGHCIPLRWRCDADADCMDGSDEEACGTGVRTCPLDEFQCNNTLCKPLAWKCDGEDDCGDNSDENPEECARFVCPPNRPFRCKNDRVCLW,0
373,SKDNATDSVPLRTGIGVQLKDIKVFNRDRQKGTNVCAVANGGCQQLCLYRGRGQRACACAHGMLAEDGASCREYAGYLLYSERTILKSIHLSDERNLNAPVQPFEDPEHMKNVIALAFDYRAGTSPGTPNRIFFSDIHFGNIQQINDDGSRRITIVENVG,0
374,CANNSTCTVNQGNQPQCRCLPGFLGDRCQYRQCSGYCENFGTCQMAADGSRQCRCTAYFEGSRCEVNKCSRCLEGACVVNKQSGDVTCNCTDGRVAPSCLTCVGHCSNGGSCTMNSKMMPECQCPPHMTGPRCEEHVFSQQQPGHIASILIPLLLLLLLV,0
375,VAPSCLTCVGHCSNGGSCTMNSKMMPECQCPPHMTGPRCEEHVFSQQQPGHIASILIPLLLLLLLVLVAGVVFWYKRRVQGAKGFQHQRMTNGAMNVEIGNPTYKMYEGGEPDDVGGLLDADFALDPDKPTNFTNPVYATLYMGGHGSRHSLASTDEKRE,0
376,TGAYNPMCTYVNRGRRAQATPWTQTQAVRGRGSRATDGALRPMPTAPRQDYIFYLEPERLESGKGKCPYDPKLDTASALINEELYAGVYIDFMGTDAAIFRTLGKQTAMRTDQYNSRWLNDPSFIHAELIPDSAERNDDKLYFFFRERSAEAPQSPAVYA,0
377,KDVNGECGNFVRLIQPWNRTHLYVCGTGAYNPMCTYVNRGRRAQATPWTQTQAVRGRGSRATDGALRPMPTAPRQDYIFYLEPERLESGKGKCPYDPKLDTASALINEELYAGVYIDFMGTDAAIFRTLGKQTAMRTDQYNSRWLNDPSFIHAELIPDSA,0
378,RSAEAPQSPAVYARIGRICLNDDGGHCCLVNKWSTFLKARLVCSVPGEDGIETHFDELQDVFVQQTQDVRNPVIYAVFTSSGSVFRGSAVCVYSMADIRMVFNGPFAHKEGPNYQWMPFSGKMPYPRPGTCPGGTFTPSMKSTKDYPDEVINFMRSHPLM,0
379,RLPSLPPMAAFCGNMFVEPGEQCDCGFLDDCVDPCCDSLTCQLRPGAQCASDGPCCQNCQLRPSGWQCRPTRGDCDLPEFCPGDSSQCPPDVSLGDGEPCAGGQAVCMHGRCASYAQQCQSLWGPGAQPAAPLCLQTANTRGNAFGSCGRNPSGSYVSCT,0
380,SIRDLLWETIDVNGTELNCSWVHLDLGSDVAQPLLTLPGTACGPGLVCIDHRCQRVDLLGAQECRSKCHGHGVCDSNRHCYCEEGWAPPDCTTQLKATSSLTTGLLLSLLVLLVLVMLGASYWYRARLHQRLCQLKGPTCQYRAAQSGPSERPGPPQRAL,0
381,HLDDGPYEAGGEKEQDPRLIPVPANSYFGLLFVTNIDSSDPDQLVYKTLDPADRLPGPAGDLALNSYLGFSIDSGKGLVRAEELSFVAGAPRANHKGAVVILRKDSASRLVPEVMLSGERLTSGFGYSLAVADLNSDGWPDLIVGAPYFFERQEELGGAV,0
382,NIDSSDPDQLVYKTLDPADRLPGPAGDLALNSYLGFSIDSGKGLVRAEELSFVAGAPRANHKGAVVILRKDSASRLVPEVMLSGERLTSGFGYSLAVADLNSDGWPDLIVGAPYFFERQEELGGAVYVYLNQGGHWAGISPLRLCGSPDSMFGISLAVLG,0
383,STQRAEIHFLKQGCGEDKICQSNLQLVRARFCTRVSDTEFQPLPMDVDGTTALFALSGQPVIGLELMVTNLPSDPAQPQADGDDAHEAQLLVMLPDSLHYSGVRALDPAEKPLCLSNENASHVECELGNPMKRGAQVTFYLILSTSGISIETTELEVELL,0
384,SFNKNASVPTITAKIPEFNSIIGQRLDFSAIDLERLNRMYNCTTTHTLLDHCTFEKANICGMIQGTRDDTDWAHQDSAQAGEVDHTLLGQCTGAGYFMQFSTSSGSAEEAALLESRILYPKRKQQCLQFFYKMTGSPSDRLVVWVRRDDSTGNVRKLVKV,0
385,YGLMDATEMVKLAKVWRQVPEKHECLITSDVQNVPLASGNKFSSQVLTNGCVGTSTEVNYLEHVQARISLTHSQRGSVVIYLTSPSGTRSKVLPARSNDVAPGGFDNWPLLSVHFWGENPRGTWTLEIEEANMYNRRSSGGKLASWSLVLHGTRVKPVRL,0
386,SGDMCMPCDASCATCSGPALTECQSCHEGRHYHQLKDKHSVCNIECVDGFFYSTNSCLPCDVGCKHCESSALHCTACRKGYSLKDDKCVSQAAVVSVMFEHITLSIVLISVIVLLVVFIFMGLLYMYRNQLFFWSDRKMYGPVPREDEEAVVRLTYSDDF,0
387,RGVSQGRGGLGSIFVWASGNGGREHDSCNCDGYTNSIYTLSISSATQFGNVPWYSEACSSTLATTYSSGNQNEKQIVTTDLRQKCTESHTGTSAFAPLAAGIIALTLEANKNLTWRDMQHLVVRTSKPAHLNANDWATNGVGRKVSHSYGYGLLDAGAMV,0
388,SLHQKNCVQHCPPGFAPQVLDTHYSTENDVEIIRASVCTPCHASCATCQGPAPTDCLSCPSHASLDPVEQTCSRQSQSSRESHQQQPPPPPRPPPAEVATEPRLRADLLPSHLPEVVAGLSCAFIVLVFVTVFLVLQLRSGFSFRGVKVYTMDRGLISYK,0
389,GTAPEGLPTPPESIGCKTLTSSQACVVCEEGFSLHQKNCVQHCPPGFAPQVLDTHYSTENDVEIIRASVCTPCHASCATCQGPAPTDCLSCPSHASLDPVEQTCSRQSQSSRESHQQQPPPPPRPPPAEVATEPRLRADLLPSHLPEVVAGLSCAFIVLV,0
390,LAGNYDPGASFDVNDQDPDPQPRYTQMNDNRHGTRCAGEVAAVANNGVCGVGVAYNARIGGVRMLDGEVTDAVEARSLGLNPNHIHIYSASWGPEDDGKTVDGPAHLAEEAFFRGVSQGRGGLGSIFVWASGNGGREHDSCNCDGYTNSIYTLSISSATQ,0
391,SPHRLGHNRLQREPQVKWLEQQVAKRRAKRDIYQEPTDPKFPQQWYLSGVTQRDLNVKEAWAQGYTGRGIVVSILDDGIEKNHPDLAGNYDPGASFDVNDQDPDPQPRYTQMNDNRHGTRCAGEVAAVANNGVCGVGVAYNARIGGVRMLDGEVTDAVEA,0
392,IGCKTLTSSQACVVCEEGFSLHQKNCVQHCPPGFAPQVLDTHYSTENDVEIIRASVCTPCHASCATCQGPAPTDCLSCPSHASLDPVEQTCSRQSQSSRESHQQQPPPPPRPPPAEVATEPRLRADLLPSHLPEVVAGLSCAFIVLVFVTVFLVLQLRSG,0
393,PKVKVFIFNLKLPDCPSTMKNPASLLFSLFEAINKDQVLTIGFDINEFLSCSSSSKKSMSCSLTGSLALQPDQQQDHETTDSSPASAYQRIWEAFANQSRAERDAFLQDTFPEGFLWGASTGAFNVEGGWAEGGRGVSIWDPRRPLNTTEGQATLEVASD,0
394,RASQLQTLSDAHRKAYEIYHESYAFQGGKLSVVLRAEDIPELLLEPPISALAQDTVDFLSLDLSYECQNEASLRQKLSKLQTIEPKVKVFIFNLKLPDCPSTMKNPASLLFSLFEAINKDQVLTIGFDINEFLSCSSSSKKSMSCSLTGSLALQPDQQQD,0
395,WENETIVQRFKEYADVLFQRLGDKVKFWITLNEPFVIAYQGYGYGTAAPGVSNRPGTAPYIVGHNLIKAHAEAWHLYNDVYRASQGGVISITISSDWAEPRDPSNQEDVEAARRYVQFMGGWFAHPIFKNGDYNEVMKTRIRDRSLAAGLNKSRLPEFTE,0
396,QIEGAWRADGKGLSIWDTFSHTPLRVENDAIGDVACDSYHKIAEDLVTLQNLGVSHYRFSISWSRILPDGTTRYINEAGLNYYVRLIDTLLAASIQPQVTIYHWDLPQTLQDVGGWENETIVQRFKEYADVLFQRLGDKVKFWITLNEPFVIAYQGYGYG,0
397,IFPMVTLFHWDLPQALQDIGGWENPALIDLFDSYADFCFQTFGDRVKFWMTFNEPMYLAWLGYGSGEFPPGVKDPGWAPYRIAHAVIKAHARVYHTYDEKYRQEQKGVISLSLSTHWAEPKSPGVPRDVEAADRMLQFSLGWFAHPIFRNGDYPDTMKWK,0
398,ASIADRSWPDSGSFWLKMTPFGFRRILNWLKEEYNDPPIYVTENGVSQREETDLNDTARIYYLRTYINEALKAVQDKVDLRGYTVWSAMDNFEWATGFSERFGLHFVNYSDPSLPRIPKASAKFYASVVRCNGFPDPATGPHACLHQPDAGPTISPVRQE,0
399,TFNEPMYLAWLGYGSGEFPPGVKDPGWAPYRIAHAVIKAHARVYHTYDEKYRQEQKGVISLSLSTHWAEPKSPGVPRDVEAADRMLQFSLGWFAHPIFRNGDYPDTMKWKVGNRSELQHLATSRLPSFTEEEKRFIRATADVFCLNTYYSRIVQHKTPRL,0
400,SHPCCSPTCTLKEGAQCSEGLCCYNCTFKKKGSLCRPAEDVCDLPEYCDGSTQECPANSYMQDGTQCDRIYYCLGGWCKNPDKQCSRIYGYPARSAPEECYISVNTKANRFGNCGHPTSANFRYETCSDEDVFCGKLVCTDVRYLPKVKPLHSLLQVPYG,0
401,ECYISVNTKANRFGNCGHPTSANFRYETCSDEDVFCGKLVCTDVRYLPKVKPLHSLLQVPYGEDWCWSMDAYNITDVPDDGDVQSGTFCAPNKVCMEYICTGRGVLQYNCEPQEMCHGNGVCNNFKHCHCDAGFAPPDCSSPGNGGSVDSGPVGKPADRH,0
402,VCDLPEYCDGSTQECPANSYMQDGTQCDRIYYCLGGWCKNPDKQCSRIYGYPARSAPEECYISVNTKANRFGNCGHPTSANFRYETCSDEDVFCGKLVCTDVRYLPKVKPLHSLLQVPYGEDWCWSMDAYNITDVPDDGDVQSGTFCAPNKVCMEYICTG,0
403,NSNLWMSSMPGVNNGLSLTLRTEQNDFIPLLSTVTGARVMVHGQDEPAFMDDGGFNVRPGVETSISMRKEALDSLGGNYGDCTENGSDVPVKNLYPSKYTQQVCIHSCFQENMIKKCGCAYIFYPKPKGVEFCDYLKQSSWGYCYYKLQAAFSLDSLGCF,0
404,YKLSAGYSRWPSVKSQDWIFEMLSLQNNYTINNKRNGVAKLNIFFKELNYKTNSESPSVTMVSLLSNLGSQWSLWFGSSVLSVVEMAELIFDLLVITLIMLLHRFRSRYWSPGRGARGAREVASTPASSFPSRFCPHPTSPPPSLPQQGTTPPLALTAPP,0
405,DHTRAPELNLDLDLDVSNSPKGSMKGNNFKEQDLCPPLPMQGLGKGDKREEQALGPEPSEPRQPTEEEEALIEFHRSYRELFQFFCNNTTIHGAIRLVCSKHNRMKTAFWAVLWLCTFGMMYWQFALLFEEYFSYPVSLNINLNSDKLVFPAVTVCTLNP,0
406,SLGGNYGDCTENGSDVPVKNLYPSKYTQQVCIHSCFQENMIKKCGCAYIFYPKPKGVEFCDYLKQSSWGYCYYKLQAAFSLDSLGCFSKCRKPCSVTNYKLSAGYSRWPSVKSQDWIFEMLSLQNNYTINNKRNGVAKLNIFFKELNYKTNSESPSVTMV,0
407,PPDRPSFRHTQCSQFDGMLYKGKLHKWVPVPNDDNPCELHCRPSNSSNTEKLRDAVVDGTPCYQSRISRDICLNGICKNVGCDFVIDSGAEEDRCGVCRGDGSTCQTVSRTFKETEGQGYVDIGLIPAGAREILIEEVAEAANFLALRSEDPDKYFLNGG,0
408,QYPMYIVDTGASGSGSSSPELFNEVDFIPNQLAPRPSPASSPKPVSISNAIDEEELDPPGPVFVDDFYYDYNFINFHEDLSYGSFEEPHPDLVDNGGWTAPPHIRPTESPSDTPVPTAGALGAEAEDIQGSWSPSPLLSEASYSPPGLEQTSINPLANFL,0
409,CTLASRPQPARHCHLRPCAAWRTGNWSKCSRNCGGGSSTRDVQCVDTRDLRPLRPFHCQPGPTKPPNRQLCGTQPCLPWYTSSWRECSEACGGGEQQRLVTCPEPGLCEESLRPNNSRPCNTHPCTQWVVGPWGQCSAPCGGGVQRRLVRCVNTQTGLAE,0
410,SQARGLLFSPAPQPRRLLPGPQENSVQSSACGRQHLEPTGTIDMRGPGQADCAVAIGRPLGEVVTLRVLESSLNCSAGDMLLLWGRLTWRKMCRKLLDMTFSSKTNTLVVRQRCGRPGGGVLLRYGSQLAPETFYRECDMQLFGPWGEIVSPSLSPATSN,0
411,SANEQCRVAFGPKAVACTFAREHLDMCQALSCHTDPLDQSSCSRLLVPLLDGTECGVEKWCSKGRCRSLVELTPIAAVHGRWSSWGPRSPCSRSCGGGVVTRRRQCNNPRPAFGGRACVGADLQAEMCNTQACEKTQLEFMSQQCARTDGQPLRSSPGGA,0
412,LLDTQCQGLPRPEPQEACSLEPCPPRWKVMSLGPCSASCGLGTARRSVACVQLDQGQDVEVDEAACAALVRPEASVPCLIADCTYRWHVGTWMECSVSCGDGIQRRRDTCLGPQAQAPVPADFCQHLPKPVTVRGCWAGPCVGQGTPSLVPHEEAAAPGR,0
413,AGRAREYVTFLTVTPNLTSVYIANHRPLFTHLAVRIGGRYVVAGKMSISPNTTYPSLLEDGRVEYRVALTEDRLPRLEEIRIWGPLQEDADIQVYRRYGEEYGNLTRPDITFTYFQPKPRQAWVWAAVRGPCSVSCGAGLRWVNYSCLDQARKELVETVQ,0
414,LEHDGAPGSGCGPSGHVMASDGAAPRAGLAWSPCSRRQLLSLLSAGRARCVWDPPRPQPGSAGHPPDAQPGLYYSANEQCRVAFGPKAVACTFAREHLDMCQALSCHTDPLDQSSCSRLLVPLLDGTECGVEKWCSKGRCRSLVELTPIAAVHGRWSSWG,0
415,GKLSGQKPGENIVFSPFSIQTCAAMARLGAENETATQLDQGLGLASSDPEQIAHSFHQVLAAYQDSQILRIANKIFVMDGYQLRQEFDQLLSKQFLSAAQSVDFSKNVQAAATINNWVEQRTNHLIKDLVPADVLNSESRLVLVNAIHFKGTWQHQFAKH,0
416,SISYNIQNREWYIPLPSHIMTKGAFLGGADVKECIEAFSSYICPSDPGFVLNHEMESCLSGNISQCPRTLVKSDIVPRYAFVNGGVVANCITTTCTCNGIGNRINQPPDQGVKIITHKECNTIGINGMLFNTNKEGTLAFYTPNDITLNNSVALDPIDIS,0
417,SMITSIGNPAQVLKVRETFGTWMRESANKSDDRIWVTEHFSGIMVKEFKDLPALLNSSFTLLHLPHYFHGCGHAVYNNSLYYHKGGSNTIVRFEFGKETPQTLKLENALYFDRKYLFANSKTYFNIAVDEKGIWIIYASSVDGSSILVAQLDERTFSVTQ,0
418,PKGEPGIPGKKGDDGMANQPGLPGPPGPKGEPGDVGPRGENGVDGIPGLKGEPGHPGVDGATGPRGAPGLKGEQGDTVVIDYDGRILDALKGPPGPQGAPGPPGIPGAKGELGLPGAPGIDGEKGPKGPKGDPGEPGPAGPKGETGEMGLSGLPGADGPK,0
419,GLSGLPGADGPKGEKGESASDHLQESLAQIIVEPGPPGPPGPPGPMGLQGIQGPKGLDGAKGEKGTSGERGPHGLPGPVGPPGLIGLPGTKGEKGRPGEPGLDGFPGPRGEKGDRSERGEKGERGVPGRKGVKGQKGEPGPPGLDQPCPVGPDGLPVPGC,0
420,QRVLTPNLVAALPPSTHGAGWQLFCRTVWSAHSGPTRMATAVARCAPDEELLSCSSFSRSGKRRGERMEAQGGKLVCRAHNAFGGEGVYAIARCCLLPQANCSVHTAPPAEASMGTRVHCHQQGHVLTGCSSHWEVEDLGTHKPPVLRPRGQPNQCVGHR,0
421,CLSGNTSACMYSKTEGALTTPYMALKGSVIANCKITTCRCTDPPGIISQNYGEAVSLIDRHSCNVLSLDGITLRLSGEFDATYQKNISILDSQVIVTGNLDISTELGNVNNSISNALDKLAESNSKLEKVNVRLTSTSALITYIVLTVISLVFGALSLGL,0
422,LRALLSYLLPLHCALCAAAGSRTPELHLSGKLSDYGVTVPCSTDFRGRFLSHVVSGPAAASAGSMVVDTPPTLPRHSSHLRVARSPLHPGGTLWPGRVGRHSLYFNVTVFGKELHLRLRPNRRLVVPGSSVEWQEDFRELFRQPLRQECVYTGGVTGMPG,0
423,ETSLGSVMAPLVQAAFHRFHWSRCSKLELSRYLPSYDCLLDDPFDPAWPQPPELPGINYSMDEQCRFDFGSGYQTCLAFRTFEPCKQLWCSHPDNPYFCKTKKGPPLDGTECAPGKWCFKGHCIWKSPEQTYGQDGGWSSWTKFGSCSRSCGGGVRSRSR,0
424,GIQCLLPLSNGTHKVMPAKACAGDRPEARRPCLRVPCPAQWRLGAWSQCSATCGEGIQQRQVVCRTNANSLGHCEGDRPDTVQVCSLPACGGNHQNSTVRADVWELGTPEGQWVPQSEPLHPINKISSTEPCTGDRSVFCQMEVLDRYCSIPGYHRLCCV,0
425,EDLLPLIGSNNVLLEEMDTYEWALKSWAPCSKACGGGIQFTKYGCRRRRDHHMVQRHLCDHKKRPKPIRRRCNQHPCSQPVWVTEEWGACSRSCGKLGVQTRGIQCLLPLSNGTHKVMPAKACAGDRPEARRPCLRVPCPAQWRLGAWSQCSATCGEGIQ,0
426,LNPKGKEATSRTFTAMGLEWEDAVEDAKESLKTSGPLPEAIAILALPPTEGGPRSSLAYKYVIHEDLLPLIGSNNVLLEEMDTYEWALKSWAPCSKACGGGIQFTKYGCRRRRDHHMVQRHLCDHKKRPKPIRRRCNQHPCSQPVWVTEEWGACSRSCGK,0
427,SWGPEDDGKTVDGPARLAEEAFFRGVSQGRGGLGSIFVWASGNGGREHDSCNCDGYTNSIYTLSISSTTQYGNVPWYSEACSSTLATTYSSGNQNEKQIVTTDLRQKCTESHTGTSASAPLAAGIIALALEANKNLTWRDMQHLVVQTSKPAHLNANDWV,0
428,LPPRHLHVVHTGKTSVVIKWESPYDSPDQDLLYAVAVKDLIRKTDRSYKVKSRNSTVEYTLNKLEPGGKYHIIVQLGNMSKDSSIKITTVSLSAPDALKIITENDHVLLFWKSLALKEKHFNESRGYEIHMFDSAMNITAYLGNTTDNFFKISNLKMGHN,0
429,CVPRPCSLLCLPKANNSRSCRCPEDVSSSVLPSGDLMCDCPQGYQLKNNTCVKQENTCLRNQYRCSNGNCINSIWWCDFDNDCGDMSDERNCPTTICDLDTQFRCQESGTCIPLSYKCDLEDDCGDNSDESHCEMHQCRSDEYNCSSGMCIRSSWVCDGD,0
430,QYRCSNGNCINSIWWCDFDNDCGDMSDERNCPTTICDLDTQFRCQESGTCIPLSYKCDLEDDCGDNSDESHCEMHQCRSDEYNCSSGMCIRSSWVCDGDNDCRDWSDEANCTAIYHTCEASNFQCRNGHCIPQRWACDGDTDCQDGSDEDPVNCEKKCNG,0
431,VAAVTSRGIGNWSDSKSITTIKGKVIPPPDIHIDSYGENYLSFTLTMESDIKVNGYVVNLFWAFDTHKQERRTLNFRGSILSHKVGNLTAHTSYEISAWAKTDLGDSPLAFEHVMTRGVRPPAPSLKAKAINQTAVECTWTGPRNVVYGIFYATSFLDLY,0
432,ENVHSWLILQVNATDALGVPCTENDYKLWSPSDERGNECLLGHKTVFKRRTPHATCFNGEDFDRPVVVSNCSCTREDYECDFGFKMSEDLSLEVCVPDPEFSGKSYSPPVPCPVGSTYRRTRGYRKISGDTCSGGDVEARLEGELVPCPLAEENEFILYA,0
433,KISGDTCSGGDVEARLEGELVPCPLAEENEFILYAVRKSIYRYDLASGATEQLPLTGLRAAVALDFDYEHNCLYWSDLALDVIQRLCLNGSTGQEVIINSGLETVEALAFEPLSQLLYWVDAGFKKIEVANPDGDFRLTIVNSSVLDRPRALVLVPQEGV,0
434,FHRVEGLQGVYIATLINGSMNEENMRSVITFDKGGTWEFLQAPAFTGYGEKINCELSQGCSLHLAQRLSQLLNLQLRRMPILSKESAPGLIIATGSVGKNLASKTNVYISSSAGARWREALPGPHYYTWGDHGGIITAIAQGMETNELKYSTNEGETWKT,0
435,YAIAVFKNEIYWDDWSQLSIFRASKYSGSQMEILANQLTGLMDMKIFYKGKNTGSNACVPRPCSLLCLPKANNSRSCRCPEDVSSSVLPSGDLMCDCPQGYQLKNNTCVKQENTCLRNQYRCSNGNCINSIWWCDFDNDCGDMSDERNCPTTICDLDTQF,0
436,LTFFFVIFSVNVVAKEFTLDFSTAKTYVDSLNVIRSAIGTPLQTISSGGTSLLMIDSGTGDNLFAVDVRGIDPEEGRFNNLRLIVERNNLYVTGFVNRTNNVFYRFADFSHVTFPGTTAVTLSGDSSYTTLQRVAGISRTGMQINRHSLTTSYLDLMSHS,0
437,HGTTIGLAPLMAMCSVYQSGGVNMDHSENAIGVAATMAHEMGHNFGMTHDSADCCSASAADGGCIMAAATGHPFPKVFNGCNRRELDRYLQSGGGMCLSNMPDTRMLYGGRRCGNGYLEDGEECDCGEEEECNNPCCNASNCTLRPGAECAHGSCCHQCK,0
438,DTFGNCGKDMNGEHRKCNMRDAKCGKIQCQSSEARPLESNAVPIDTTIIMNGRQIQCRGTHVYRGPEEEGDMLDPGLVMTGTKCGYNHICFEGQCRNTSFFETEGCGKKCNGHGVCNNNQNCHCLPGWAPPFCNTPGHGGSIDSGPMPPESVGPVVAGVL,0
439,VRDEKPWKGRPWWLRTLKPPPARPLGNETERGQPGLKRSVSRERYVETLVVADKMMVAYHGRRDVEQYVLAIMNIVAKLFQDSSLGSTVNILVTRLILLTEDQPTLEITHHAGKSLDSFCKWQKSIVNHSGHGNAIPENGVANHDTAVLITRYDICIYKN,0
440,SGHGNAIPENGVANHDTAVLITRYDICIYKNKPCGTLGLAPVGGMCERERSCSVNEDIGLATAFTIAHEIGHTFGMNHDGVGNSCGARGQDPAKLMAAHITMKTNPFVWSSCSRDYITSFLDSGLGLCLNNRPPRQDFVYPTVAPGQAYDADEQCRFQHG,0
441,DADEQCRFQHGVKSRQCKYGEVCSELWCLSKSNRCITNSIPAAEGTLCQTHTIDKGWCYKRVCVPFGSRPEGVDGAWGPWTPWGDCSRTCGGGVSSSSRHCDSPRPTIGGKYCLGERRRHRSCNTDDCPPGSQDFREVQCSEFDSIPFRGKFYKWKTYRG,0
442,VADEEEYLIEPLHGGPKGSRSPEESGPHVVYKRSSLRHPHLDTACGVRDEKPWKGRPWWLRTLKPPPARPLGNETERGQPGLKRSVSRERYVETLVVADKMMVAYHGRRDVEQYVLAIMNIVAKLFQDSSLGSTVNILVTRLILLTEDQPTLEITHHAGK,0
443,GYEDVVWIPKGSVHIFIQDLNLSLSHLALKGDQESLLLEGLPGTPQPHRLPLAGTTFQLRQGPDQVQSLEALGPINASLIVMVLARTELPALRYRFNAPIARDSLPPYSWHYAPWTKCSAQCAGGSQVQAVECRNQLDSSAVAPHYCSAHSKLPKRQRAC,0
444,VVADKMMVAYHGRRDVEQYVLAIMNIVAKLFQDSSLGSTVNILVTRLILLTEDQPTLEITHHAGKSLDSFCKWQKSIVNHSGHGNAIPENGVANHDTAVLITRYDICIYKNKPCGTLGLAPVGGMCERERSCSVNEDIGLATAFTIAHEIGHTFGMNHDG,0
445,SLSHLALKGDQESLLLEGLPGTPQPHRLPLAGTTFQLRQGPDQVQSLEALGPINASLIVMVLARTELPALRYRFNAPIARDSLPPYSWHYAPWTKCSAQCAGGSQVQAVECRNQLDSSAVAPHYCSAHSKLPKRQRACNTEPCPPDWVVGNWSLCSRSCD,0
446,WATLLTLLVRDLAEMGSPDAAAAVRKDRLHPRQVKLLETLSEYEIVSPIRVNALGEPFPTNVHFKRTRRSINSATDPWPAFASSSSSSTSSQAHYRLSAFGQQFLFNLTANAGFIAPLFTVTLLGTPGVNQTKFYSEEEAELKHCFYKGYVNTNSEHTAV,0
447,GTQRRRAICVNTRNDVLDDSKCTHQEKVTIQRCSEFPCPQWKSGDWSECLVTCGKGHKHRQVWCQFGEDRLNDRMCDPETKPTSMQTCQQPECASWQAGPWGQCSVTCGQGYQLRAVKCIIGTYMSVVDDNDCNAATRPTDTQDCELPSCHPPPAAPETR,0
448,DRLNDRMCDPETKPTSMQTCQQPECASWQAGPWGQCSVTCGQGYQLRAVKCIIGTYMSVVDDNDCNAATRPTDTQDCELPSCHPPPAAPETRRSTYSAPRTQWRFGSWTPCSATCGKGTRMRYVSCRDENGSVADESACATLPRPVAKEECSVTPCGQWK,0
449,LPQNCKEVKRLKGASEDGEYFLMIRGKLLKIFCAGMHSDHPKEYVTLVHGDSENFSEVYGHRLHNPTECPYNGSRRDDCQCRKDYTAAGFSSFQKIRIDLTSMQIITTDLQFARTSEGHPVPFATAGDCYSAAKCPQGRFSINLYGTGLSLTESARWISQ,0
450,LNSKARRDKCGVCGGDNSSCKTVAGTFNTVHYGYNTVVRIPAGATNIDVRQHSFSGETDDDNYLALSSSKGEFLLNGNFVVTMAKREIRIGNAVVEYSGSETAVERINSTDRIEQELLLQVLSVGKLYNPDVRYSFNIPIEDKPQQFYWNSHGPWQACSK,0
451,VEGTPCGKGRVCLQGKCVDKTKKKYYSTSSHGNWGSWGPWGQCSRSCGGGVQFAYRHCNNPAPRNSGRYCTGKRAIYRSCSVTPCPPNGKSFRHEQCEAKNGYQSDAKGVKTFVEWVPKYAGVLPADVCKLTCRAKGTGYYVVFSPKVTDGTECRPYSNS,0
452,DGLHAAFTVAHEIGHLLGLSHDDSKFCEENFGTTEDKRLMSSILTSIDASKPWSKCTSATITEFLDDGHGNCLLDLPRKQILGPEELPGQTYDATQQCNLTFGPEYSVCPGMDVCARLWCAVVRQGQMVCLTKKLPAVEGTPCGKGRVCLQGKCVDKTKK,0
453,ENFGTTEDKRLMSSILTSIDASKPWSKCTSATITEFLDDGHGNCLLDLPRKQILGPEELPGQTYDATQQCNLTFGPEYSVCPGMDVCARLWCAVVRQGQMVCLTKKLPAVEGTPCGKGRVCLQGKCVDKTKKKYYSTSSHGNWGSWGPWGQCSRSCGGGV,0
454,CLLDLPRKQILGPEELPGQTYDATQQCNLTFGPEYSVCPGMDVCARLWCAVVRQGQMVCLTKKLPAVEGTPCGKGRVCLQGKCVDKTKKKYYSTSSHGNWGSWGPWGQCSRSCGGGVQFAYRHCNNPAPRNSGRYCTGKRAIYRSCSVTPCPPNGKSFRH,0
455,KRLMSSILTSIDASKPWSKCTSATITEFLDDGHGNCLLDLPRKQILGPEELPGQTYDATQQCNLTFGPEYSVCPGMDVCARLWCAVVRQGQMVCLTKKLPAVEGTPCGKGRVCLQGKCVDKTKKKYYSTSSHGNWGSWGPWGQCSRSCGGGVQFAYRHCN,0
456,GKVGYLVYAGGRRFLLDLERDDTVGAAGSIVTAGGGLSASSGHRGHCFYRGTVDGSPRSLAVFDLCGGLDGFFAVKHARYTLKPLLRGSWAEYERIYGDGSSRILHVYNREGFSFEALPPRASCETPASPSGPQESPSVHSRSRRRSALAPQLLDHSAFS,0
457,VHSRSRRRSALAPQLLDHSAFSPSGNAGPQTWWRRRRRSISRARQVELLLVADSSMARMYGRGLQHYLLTLASIANRLYSHASIENHIRLAVVKVVVLTDKDTSLEVSKNAATTLKNFCKWQHQHNQLGDDHEEHYDAAILFTREDLCGHHSCDTLGMAD,0
458,EGFGRRKLGSDMGNAERAPGSRSFGPVPTLLLLAAALLAVSDALGRPSEEDEELVVPELERAPGHGTTRLRLHAFDQQLDLELRPDSSFLAPGFTLQNVGRKSGSETPLPETDLAHCFYSGTVNGDPSSAAALSLCEGVRGAFYLLGEAYFIQPLPAASE,0
459,GECLMDKPQNPIQLPGDLPGTSYDANRQCQFTFGEDSKHCPDAASTCSTLWCTGTSGGVLVCQTKHFPWADGTSCGEGKWCINGKCVNKTDRKHFDTPFHGSWGMWGPWGDCSRTCGGGVQYTMRECDNPVPKNGGKYCEGKRVRYRSCNLEDCPDNNGK,0
460,ISGSVTSAKPGYHDIITIPTGATNIEVKQRNQRGSRNNGSFLAIKAADGTYILNGDYTLSTLEQDIMYKGVVLRYSGSSAALERIRSFSPLKEPLTIQVLTVGNALRPKIKYTYFVKKKKESFNAIPTFSAWVIEEWGECSKSCELGWQRRLVECRDING,0
461,SWGMWGPWGDCSRTCGGGVQYTMRECDNPVPKNGGKYCEGKRVRYRSCNLEDCPDNNGKTFREEQCEAHNEFSKASFGSGPAVEWIPKYAGVSPKDRCKLICQAKGIGYFFVLQPKVVDGTPCSPDSTSVCVQGQCVKAGCDRIIDSKKKFDKCGVCGGN,0
462,IEEEAPELDLPGPVFVDDFYYDYNFINFHEDLSYGPSEEPDLDLAGTGDRTPPPHSHPAAPSTGSPVPATEPPAAKEEGVLGPWSPSPWPSQAGRSPPPPSEQTPGNPLINFLPEEDTPIGAPDLGLPSLSWPRVSTDGLQTPATPESQNDFPVGKDSQS,0
463,DTGVPCDEAQQPASEVTCSLPLCRWPLGTLGPEGSGSGSSSHELFNEADFIPHHLAPRPSPASSPKPGTMGNAIEEEAPELDLPGPVFVDDFYYDYNFINFHEDLSYGPSEEPDLDLAGTGDRTPPPHSHPAAPSTGSPVPATEPPAAKEEGVLGPWSPS,0
464,PWTKCTVTCGRGVQRQNVYCLERQAGPVDEEHCDPLGRPDDQQRKCSEQPCPARWWAGEWQLCSSSCGPGGLSRRAVLCIRSVGLDEQSALEPPACEHLPRPPTETPCNRHVPCPATWAVGNWSQCSVTCGEGTQRRNVLCTNDTGVPCDEAQQPASEVT,0
465,DYNFINFHEDLSYGPSEEPDLDLAGTGDRTPPPHSHPAAPSTGSPVPATEPPAAKEEGVLGPWSPSPWPSQAGRSPPPPSEQTPGNPLINFLPEEDTPIGAPDLGLPSLSWPRVSTDGLQTPATPESQNDFPVGKDSQSQLPPPWRDRTNEVFKDDEEPK,0
466,AFTVAHELGHSFGIQHDGSGNDCEPVGKRPFIMSPQLLYDAAPLTWSRCSRQYITRFLDRGWGLCLDDPPAKDIIDFPSVPPGVLYDVSHQCRLQYGAYSAFCEDMDNVCHTLWCSVGTTCHSKLDAAVDGTRCGENKWCLSGECVPVGFRPEAVDGGWS,0
467,SGWSAWSICSRSCGMGVQSAERQCTQPTPKYKGRYCVGERKRFRLCNLQACPAGRPSFRHVQCSHFDAMLYKGQLHTWVPVVNDVNPCELHCRPANEYFAEKLRDAVVDGTPCYQVRASRDLCINGICKNVGCDFEIDSGAMEDRCGVCHGNGSTCHTVS,0
468,TGDRTPPPHSHPAAPSTGSPVPATEPPAAKEEGVLGPWSPSPWPSQAGRSPPPPSEQTPGNPLINFLPEEDTPIGAPDLGLPSLSWPRVSTDGLQTPATPESQNDFPVGKDSQSQLPPPWRDRTNEVFKDDEEPKGRGAPHLPPRPSSTLPPLSPVGSTH,0
469,ASLLPPPIAPLPEMKVRDSSLEPGTPSFPTPGPGSWDLQTVAVWGTFLPTTLTGLGHMPEPALNPGPKGQPESLSPEVPLSSRLLSTPAWDSPANSHRVPETQPLAPSLAEAGPPADPLVVRNAGWQAGNWSECSTTCGLGAVWRPVRCSSGRDEDCAPA,0
470,PPAAKEEGVLGPWSPSPWPSQAGRSPPPPSEQTPGNPLINFLPEEDTPIGAPDLGLPSLSWPRVSTDGLQTPATPESQNDFPVGKDSQSQLPPPWRDRTNEVFKDDEEPKGRGAPHLPPRPSSTLPPLSPVGSTHSSPSPDVAELWTGGTVAWEPALEGG,0
471,EPDLDLAGTGDRTPPPHSHPAAPSTGSPVPATEPPAAKEEGVLGPWSPSPWPSQAGRSPPPPSEQTPGNPLINFLPEEDTPIGAPDLGLPSLSWPRVSTDGLQTPATPESQNDFPVGKDSQSQLPPPWRDRTNEVFKDDEEPKGRGAPHLPPRPSSTLPP,0
472,GWSGWSAWSICSRSCGMGVQSAERQCTQPTPKYKGRYCVGERKRFRLCNLQACPAGRPSFRHVQCSHFDAMLYKGQLHTWVPVVNDVNPCELHCRPANEYFAEKLRDAVVDGTPCYQVRASRDLCINGICKNVGCDFEIDSGAMEDRCGVCHGNGSTCHT,0
473,SGAMEDRCGVCHGNGSTCHTVSGTFEEAEGLGYVDVGLIPAGAREIRIQEVAEAANFLALRSEDPEKYFLNGGWTIQWNGDYQVAGTTFTYARRGNWENLTSPGPTKEPVWIQLLFQESNPGVHYEYTIHREAGGHDEVPPPVFSWHYGPWTKCTVTCGR,0
474,THGIKPVVSTQLLLNGSLAEEEIIIRSENITDNTKNIIVQLNETVQINCTRPNNNTRKSIHMGPGKAFYTTGDIIGDIRQAHCNISGEKWNMTLSRVKEKLKEHFKNGTITFKPPNPGGDPEILTHMFNCAGEFFYCNTTKLFNETGENGTITLPCRIKQ,0
475,LIEESQTQQEKNEQDLLALDKWASLWNWFDITKWLWYIKIFIMIIGGLIGLRIAFAVLSVVNRVRQGYSPLSFQTLIPTSRGADRPEGIEEEGGEQDKNRSVRLVSGFLALAWDDLRNLCLFSYRQLRNLILIVTRILERGLRGGWEALKYLWNLVQYWS,0
476,QTKMVEKCGCAQYSQPLPPAANYCNYQQHPNWMYCYYQLYQAFVREELGCQSVCKQSCSFKEWTLTTSLAQWPSEASEKWLLNVLTWDQSQQINKKLNKTDLAKLLIFYKDLNQRSIMESPANSIEMLLSNFGGQLGLWMSCSVVCVIEIIEVFFIDFFS,0
477,SFHKDYEMESEEDYDQETTPITTSTTTRTTPATPYHGGQHQYYPWSGHQNRQQATPITSNSPRKNLNSFYFWETYYPAYASQPNHAHSSDSQHRHNHPEHTCVYETLAKKSNISAIQYMRKKRPELTPAELKEWTLVMMGTSGHHMKRNGSQASSHGGEQ,0
478,QHIHIYSASWGPDDDGRTVDGPATLARKAFYDGITKGRGGLGSIFVWASGNGGRDSDNCNCDGYTNSIYTLSISSATENGNIPWYSEACSSTLATTYSSGSGGEKQIVTTDLRKGCTETHTGTSASAPLAAGLIALALEANPSLTWRDMQHIVVETAKPH,0
479,GIQKIYGPPAEPLEPTRPLPTLPVRRIHSPSERKHERQPRPPRPPLGDRPSTPGTKPNICDGNFNTVALFRGEMFVFKDRWFWRLRNNRVQEGYPMQIEQFWKGLPARIDAAYERADGRFVFFKGDKYWVFKEVTVEPGYPHSLGELGSCLPREGIDTAL,0
