,temp_negative_data,uniprot_id
0,"(316, 1205)",Q9Y5X9
1,"(157, 365)",Q9Y5X9
2,"(0, 474)",Q9Y5X9
3,"(293, 747)",Q9Y5X9
4,"(0, 168)",Q9Y5X9
5,"(329, 1204)",Q9Y5X9
6,"(287, 908)",Q9Y5X9
7,"(168, 353)",Q9Y5X9
8,"(0, 353)",Q9Y5X9
9,"(0, 265)",Q9Y5X9
10,"(207, 981)",Q9Y5X9
11,"(115, 3622)",Q9Y5X9
12,"(289, 836)",Q9Y5X9
13,"(0, 836)",Q9Y5X9
14,"(287, 863)",Q9Y5X9
15,"(168, 1210)",Q9Y5X9
16,"(0, 1210)",Q9Y5X9
17,"(305, 566)",Q9Y5X9
18,"(126, 460)",Q9Y5X9
19,"(0, 589)",Q9Y5X9
20,"(750, 1662)",Q9Y5X9
21,"(0, 197)",Q9Y5X9
22,"(0, 266)",Q9Y5X9
23,"(0, 266)",Q9Y5X9
24,"(104, 608)",Q9Y5X9
25,"(104, 607)",Q9Y5X9
26,"(92, 472)",Q9Y5X9
27,"(0, 351)",Q9Y5X9
28,"(512, 856)",Q9Y5X9
29,"(0, 247)",Q9Y5X9
30,"(408, 1244)",Q9Y5X9
31,"(0, 261)",Q9Y5X9
32,"(122, 460)",Q9Y5X9
33,"(0, 460)",Q9Y5X9
34,"(0, 682)",Q9Y5X9
35,"(843, 2812)",Q9Y5X9
36,"(0, 430)",Q9Y5X9
37,"(591, 855)",Q9Y5X9
38,"(0, 211)",Q9Y5X9
39,"(0, 681)",Q9Y5X9
40,"(842, 1381)",Q9Y5X9
41,"(0, 809)",Q9Y5X9
42,"(189, 538)",Q9Y5X9
43,"(181, 659)",Q9Y5X9
44,"(0, 226)",Q9Y5X9
45,"(387, 1389)",Q9Y5X9
46,"(0, 813)",Q9Y5X9
47,"(0, 374)",Q9Y5X9
48,"(150, 793)",Q9Y5X9
49,"(0, 793)",Q9Y5X9
50,"(0, 263)",Q9Y5X9
51,"(0, 456)",Q9Y5X9
52,"(617, 1161)",Q9Y5X9
53,"(0, 223)",Q9Y5X9
54,"(384, 637)",Q9Y5X9
55,"(0, 211)",Q9Y5X9
56,"(0, 379)",Q9Y5X9
57,"(540, 906)",Q9Y5X9
58,"(276, 763)",Q9Y5X9
59,"(200, 985)",Q9Y5X9
60,"(0, 510)",Q9Y5X9
61,"(671, 1031)",Q9Y5X9
62,"(0, 271)",Q9Y5X9
63,"(150, 792)",Q9Y5X9
64,"(0, 792)",Q9Y5X9
65,"(150, 792)",Q9Y5X9
66,"(0, 792)",Q9Y5X9
67,"(177, 487)",Q9Y5X9
68,"(0, 794)",Q9Y5X9
69,"(185, 782)",Q9Y5X9
70,"(0, 318)",Q9Y5X9
71,"(285, 3390)",Q9Y5X9
72,"(0, 171)",Q9Y5X9
73,"(0, 400)",Q9Y5X9
74,"(0, 2650)",Q9Y5X9
75,"(0, 562)",Q9Y5X9
76,"(723, 1456)",Q9Y5X9
77,"(0, 299)",Q9Y5X9
78,"(0, 500)",Q9Y5X9
79,"(191, 581)",Q9Y5X9
80,"(196, 606)",Q9Y5X9
81,"(125, 500)",Q9Y5X9
82,"(125, 500)",Q9Y5X9
83,"(162, 1593)",Q9Y5X9
84,"(0, 1593)",Q9Y5X9
85,"(0, 1103)",Q9Y5X9
86,"(280, 823)",Q9Y5X9
87,"(0, 170)",Q9Y5X9
88,"(331, 967)",Q9Y5X9
89,"(0, 1573)",Q9Y5X9
90,"(1734, 2530)",Q9Y5X9
91,"(129, 1048)",Q9Y5X9
92,"(0, 420)",Q9Y5X9
93,"(0, 3862)",Q9Y5X9
94,"(4023, 4543)",Q9Y5X9
95,"(0, 698)",Q9Y5X9
96,"(286, 862)",Q9Y5X9
97,"(0, 877)",Q9Y5X9
98,"(0, 474)",Q9Y5X9
99,"(0, 572)",Q9Y5X9
100,"(175, 823)",Q9Y5X9
101,"(150, 796)",Q9Y5X9
102,"(0, 796)",Q9Y5X9
103,"(0, 751)",Q9Y5X9
104,"(912, 1926)",Q9Y5X9
105,"(0, 175)",Q9Y5X9
106,"(300, 790)",Q9Y5X9
107,"(285, 698)",Q9Y5X9
108,"(0, 698)",Q9Y5X9
109,"(0, 1656)",Q9Y5X9
110,"(154, 1426)",Q9Y5X9
111,"(0, 261)",Q9Y5X9
112,"(0, 817)",Q9Y5X9
113,"(189, 538)",Q9Y5X9
114,"(174, 548)",Q9Y5X9
115,"(0, 317)",Q9Y5X9
116,"(179, 531)",Q9Y5X9
117,"(224, 568)",Q9Y5X9
118,"(298, 691)",Q9Y5X9
119,"(196, 550)",Q9Y5X9
120,"(0, 168)",Q9Y5X9
121,"(329, 1222)",Q9Y5X9
122,"(188, 788)",Q9Y5X9
123,"(161, 2213)",Q9Y5X9
124,"(0, 192)",Q9Y5X9
125,"(0, 176)",Q9Y5X9
126,"(283, 954)",Q9Y5X9
127,"(146, 1102)",Q9Y5X9
128,"(0, 1102)",Q9Y5X9
129,"(187, 561)",Q9Y5X9
130,"(0, 206)",Q9Y5X9
131,"(367, 1934)",Q9Y5X9
132,"(310, 929)",Q9Y5X9
133,"(0, 929)",Q9Y5X9
134,"(0, 171)",Q9Y5X9
135,"(332, 966)",Q9Y5X9
136,"(148, 1685)",Q9Y5X9
137,"(0, 1685)",Q9Y5X9
138,"(0, 385)",Q9Y5X9
139,"(546, 800)",Q9Y5X9
140,"(223, 654)",Q9Y5X9
141,"(184, 966)",Q9Y5X9
142,"(0, 162)",Q9Y5X9
143,"(235, 644)",Q9Y5X9
144,"(0, 249)",Q9Y5X9
