,x_train,y_train
0,NCDGLAGLIRTDNSDYFIEPLERGQQEKEAGGRTHVVYRREAVQREWKEPHGDLHNEAFGLGDLPNVLDLVGDRLGDAERKRRHAKPGSYSIEVLLAVDDSVVRFHGREHTQNYVLTLMNIVDEIYHDESLGAHVNIALVRLIMVGYRQSLSLIERGNPA,1
1,LLEEMTVFREPTTISAMELSTKQQQLYIGSTAGVAQLPLHRCDIYGKACAECCLARDPYCAWDGSSCSRYFPTAKRRTRRQDIRNGDPLTHCSDLQHHDNHHGPSLEERIIYGVENSSTFLECSPKSQRALVYWQFQRRNEDRKEEIRMGDHIIRTEQGL,1
2,GMIKSDNEEYFIEPLERGKQMEEEKGRIHVVYKRSAVEQAPIDMSKDFHYRESDLEGLDDLGTVYGNIHQQLNETMRRRRHAGENDYNIEVLLGVDDSVVRFHGKEHVQNYLLTLMNIVNEIYHDESLGVHINVVLVRMIMLGYAKSISLIERGNPSRSL,1
3,RAIAAHYEVHPRPGQDGAQAGVDGTVSGWEEARINSSSPLRYNRQIGEFIVTRAGLYYLYCQVHFDEGKAVYLKLDLLVDGVLALRCLEEFSATAASSLGPQLRLCQVSGLLALRPGSSLRIRTLPWAHLKAAPFLTYFGLFQVH---------------,1
4,KSTNTFFKPPCVNVFRCGGCCNEESLICMNTSTSYISKQLFEISVPLTSVPELVPVKVANHTGCKCLPTAPRHPYSIIRRSIQIPEEDRCSHSKKLCPIDMLWDSNKCKCVLQEENPLAGTEDHSHLQEPALCGPHMMFDEDRCECVCKTPCPKDLIQHP,1
5,AAENWLRLYGYLPQPSRHMSTMRSAQILASALAEMQSFYGIPVTGVLDEETKTWMKRPRCGVPDQFGVHVKANLRRRRKRYTLTGKAWNNYHLTFSIQNYTEKLGWYNSMEAVRRAFQVWEQVTPLVFQEVSYDDIRLRRRAEADIMVLFASGFHGDSSP,1
6,EYAYKIVKKGDSTIMKSELEYGNCNTKCQTPMGAINSSMPFHNIHPLTIGECPKYVKSNRLVLATGLRNTPQRERRRKKRGLFGAIAGFIEGGWQGMVDGWYGYHHSNEQGSGYAADKESTQKAIDGVTNKVNSIINKMNTQFEAVGREFNNLERRIENL,1
7,LKMRMRYRCYTLCATSTRIMFWILFFLLCFSIVTLSTIISILRYQWKEAITHPGPVLSWQVTNSHVTMGGNTSSSSRRRRDIQYHKLPVEVNISGIPQGLFFAPQPKPIFHKERTLGLSQVILIDSDTITQGHIKQQKAYLVSTINEEMEQLQKTVLPFD,1
8,#NAME?,1
9,NGDPESVASLHWDGGALLGVLQYRGAELHLQPLEGGTPNSAGGPGAHILRRKSPASGQGPMCNVKAPLGSPSPRPRRAKRFASLSRFVETLVVADDKMAAFHGAGLKRYLLTVMAAAAKAFKHPSIRNPVSLVVTRLVILGSGEEGPQVGPSAAQTLRSF,1
10,AQVKARIPEVGAVTKQSISSKLEGKIMPVKYEENSLIWVAVDQPVKDNSFLSSKVLELCGDLPIFWLKPTYPKEIQRERREVVRKIVPTTTKRPHSGPRSNPGAGRLNNETRPSVQEDSQAFNPDNPYHQQEGESMTFDPRLDHEGICCIECRRSYTHCQ,1
11,PSSWVSLCACSGIRGLIVLSPERGYTLELGPGDLQRPVISRIQDHLLLGHTCAPSWHASVPTRAGPDLLLEQHHAHRLKRDVVTETKIVELVIVADNSEVRKYPDFQQLLNRTLEAALLLDTFFQPLNVRVALVGLEAWTQHNLIEMSSNPAVLLDNFLR,1
12,RRLLCPALLLLLLLLPPPLLPPPPPPANARLAAAADPPGGPLGHGAERILAVPVRTDAQGRLVSHVVSAATSRAGVRARRAAPVRTPSFPGGNEEEPGSHLFYNVTVFGRDLHLRLRPNARLVAPGATMEWQGEKGTTRVEPLLGSCLYVGDVAGLAEAS,1
13,DGLAGLIRMEEEEFFIEPLEKGLAAQEAEQGRVHVVYRRPPTSPPLGGPQALDTGASLDSLDSLSRALGVLEEHANSSRRRARRHAADDDYNIEVLLGVDDSVVQFHGKEHVQKYLLTLMNIVNEIYHDESLGAHINVVLVRIILLSYGKSMSLIEIGNP,1
14,LMEQVGTEEFIKRFGDGASRVVLSLPFAEGSSSVEYINNWEQAKALSVELEINFETRGKRGQDAMYEYMAQACAGNRVRRSVGSSLSCINLDWDVIRDKTKTKIESLKEHGPIKNKMSESPNKTVSEEKAKQYLEEFHQTALEHPELSELKTVTGTNPVF,1
15,RVGLVAVDKGVFVLNKKNKLTQSKIWDVVEKADIGCTPGSGKNYAGVFMDAGLTFKTNQGLQTDQREDPECAKPAARRRRSVQLMERRMDKAGQYTDKGLRKCCEDGMRDIPMPYSCQRRARLITQGESCLKAFMDCCNYITKLREQHRRDHVLGLARSD,1
16,HSLDTALRRARSAPAAAIAARVAGQTRNITVDPRLFKKRRLRSPRVLFSTQPPREAADTQDLDFEVGGAAPFNRTHRSKRSSSHPIFHRGEFSVCDSVSVWVGDKTTATDIKGKEVMVLGEVNINNSVFKQYFFETKCRDPNPVDSGCRGIDSKHWNSYC,1
17,HSLDTALRRARSAPTAPIAARVTGQTRNITVDPRLFKKRRLHSPRVLFSTQPPPTSSDTLDLDFQAHGTIPFNRTHRSKRSSTHPVFHMGEFSVCDSVSVWVGDKTTATDIKGKEVTVLAEVNINNSVFRQYFFETKCRASNPVESGCRGIDSKHWNSYC,1
18,KYVMGHFRWDRFGRRNSSSSGSSGAGQKREDVSAGEDCGPLPEGGPEPRSDGAKPGPREGKRSYSMEHFRWGKPVGKKRRPVKVYPNGAEDESAEAFPLEFKRELTGQRLREGDGPDGPADDGAGAQADLEHSLLVAAEKKDEGPYRMEHFRWGSPPKDK,1
19,VKVYPNGAEDESAEAFPLEFKRELTGQRLREGDGPDGPADDGAGAQADLEHSLLVAAEKKDEGPYRMEHFRWGSPPKDKRYGGFMTSEKSQTPLVTLFKNAIIKNAYKKGE-------------------------------------------------,1
20,ETCKELLQLSKPELPQDGTSTLRENSKPEESHLLAKRYGGFMKRYGGFMKKMDELYPMEPEEEANGSEILAKRYGGFMKKDAEEDDSLANSSDLLKELLETGDNRERSHHQDGSDNEEEVSKRYGGFMRGLKRSPQLEDEAKELQKRYGGFMRRVGRPEW,1
21,ELYPMEPEEEANGSEILAKRYGGFMKKDAEEDDSLANSSDLLKELLETGDNRERSHHQDGSDNEEEVSKRYGGFMRGLKRSPQLEDEAKELQKRYGGFMRRVGRPEWWMDYQKRYGGFLKRFAEALPSDEEGESYSKEVPEMEKRYGGFMRF--------,1
22,LKELLETGDNRERSHHQDGSDNEEEVSKRYGGFMRGLKRSPQLEDEAKELQKRYGGFMRRVGRPEWWMDYQKRYGGFLKRFAEALPSDEEGESYSKEVPEMEKRYGGFMRF-------------------------------------------------,1
23,LTFLAFASCCIAAYRPSETLCGGELVDTLQFVCGDRGFYFSRPASRVSRRSRGIVEECCFRSCDLALLETYCATPAKSERDVSTPPTVLPDNFPRYPVGKFFQYDTWKQSTQRLRRGLPALLRARRGHVLAKELEAFREAKRHRPLIALPTQDPAHGGAP,1
24,#NAME?,1
25,#NAME?,1
26,EKYEAVQDRYTKGQEAITYFITSGGLLLAWLPLTPRSLATVKNLTELTTPTSSPPSSPSPPAPSAARGSTPAAVLRRRRRDAGNATTPVPPTAPGKSLGTLNNPATVQIQFAYDSLRRQINRMLGDLARAWCLEQKRQNMVLRELTKINPTTVMSSIYGK,1
27,PNRASFLRGKSMGIQSDVQVDANCEGECYHSGGTITSRLPFQNINSRAVGKCPRYVKQESLLLATGMKNVPEPSKKREKRGLFGAIAGFIENGWEGLVDGWYGFRHQNAQGEGTAADYKSTQSAIDQITGKLNRLIEKTNQQFELIDNEFTEVEKQIGNL,1
28,#NAME?,1
29,CDCRSGWEGRFCQREVSFLNCSLDNGGCTHYCLEEVGWRRCSCAPGYKLGDDLLQCHPAVKFPCGRPWKRMEKKRSHLKRDTEDQEDQVDPRLIDGKMTRRGDSPWQVVLLDSKKKLACGAVLIHPSWVLTAAHCMDESKKLLVRLGEYDLRRWEKWELD,1
30,LLLLGCGYLAHVLAEEAEIPREVIERLARSQIHSIRDLQRLLEIDSVGSEDSLDTSLRAHGVHATKHVPEKRPLPIRRKRSIEEAVPAVCKTRTVIYEIPRSQVDPTSANFLIWPPCVEVKRCTGCCNTSSVKCQPSRVHHRSVKVAKVEYVRKKPKLKE,1
31,LEGCFCPPGLYMDERGDCVPKAQCPCYYDGEIFQPEDIFSDHHTMCYCEDGFMHCTMSGVPGSLLPDAVLSSPLSHRSKRSLSCRPPMVKLVCPADNLRAEGLECTKTCQNYDLECMSMGCVSGCLCPPGMVRHENRCVALERCPCFHQGKEYAPGETVK,1
32,KAMYAPPISGQIRCSSNITGLLLTRDGGNSNNESEIFRPGGGDMRDNWRSELYKYKVVKIEPLGVAPTKAKRRVVQREKRAVGIGALFLGFLGAAGSTMGAASMTLTVQARQLLSGIVQQQNNLLRAIEAQQHLLQLTVWGIKQLQARILAVERYLKDQQ,1
33,LTFTSSATAGPETLCGAELVDALQFVCGDRGFYFNKPTGYGSSSRRAPQTGIVDECCFRSCDLRRLEMYCAPLKPAKSARSVRAQRHTDMPKTQKYQPPSTNKNTKSQRRKGWPKTHPGGEQKEGTEASLQIRGKKKEQRREIGSRNAECRGKKGK----,1
34,#NAME?,1
35,SAVGENGGEKPTPSPPWRLRRSKRCSCSSLMDKECVYFCHLDIIWVNTPEHVVPYGLGSPRSKRALENLLPTKATDRENRCQCASQKDKKCWNFCQAGKELRAEDIMEKDWNNHKKGKDCSKLGKKCIYQQLVRGRKIRRSSEEHLRQTRSETMRNSVKS,1
36,RSKRALENLLPTKATDRENRCQCASQKDKKCWNFCQAGKELRAEDIMEKDWNNHKKGKDCSKLGKKCIYQQLVRGRKIRRSSEEHLRQTRSETMRNSVKSSFHDPKLKGKPSRERYVTHNRAHW------------------------------------,1
37,NIPKDFSEDQGYPDPPNPCPVGKTADDGCLENTPDTAEFSREFQLHQHLFDPEHDYPGLGKWNKKLLYEKMKGGERRKRRSVNPYLQGQRLDNVVAKKSVPHFSDEDKDPE-------------------------------------------------,1
38,RTWSPPFESEDSQKHNQSEYEDSAGECCSCPKTDSQILKELEESSFRKTFEDYLHNVVFVPRKTSSGTGAEDPRPSRKRRSLGDVGNVTVAVPTVAAFPNTSSTSVPTSPEEHRPFEKVVNKESLVISGLRHFTGYRIELQACNQDTPEERCSVAAYVSA,1
39,ELRNNGPSSFSKAMLHLQWPYKYNNNTLLYILHYDIDGPMNCTSDMEINPLRIKISSLQTTEKNDTVAGQGERDHLITKRDLALSEGDIHTLGCGVAQCLKIVCQVGRLDRGKSAILYVKSLLWTETFMNKENQNHSYSLKSSASFNVIEFPYKNLPIED,1
40,VLVNSPKGMKISQNFETRYLILSLIPKIEDSNSCGDQQIKQYKRLLDRLIIPLYDGLRLQKDVIVSNQESNENTDPRTKRFFGGVIGTIALGVATSAQITAAVALVEAKQARSDIEKLKEAIRDTNKAVQSVQSSIGNLIVAIKSVQDYVNKEIVPSIAR,1
41,CLLSHAAAAPSPIIKFPGDVAPKTDKELAVQYLNTFYGCPKESCNLFVLKDTLKKMQKFFGLPQTGDLDQNTIETMRKPRCGNPDVANYNFFPRKPKWDKNQITYRIIGYTPDLDPETVDDAFARAFQVWSDVTPLRFSRIHDGEADIMINFGRWEHGDG,1
42,FLTDQSYIDVLPEFRDSYPIKYVHAFESNNFIYFLTVQRETLDAQTFHTRIIRFCSINSGLHSYMEMPLECILTEKRKKRSTKKEVFNILQAAYVSKPGAQLARQIGASLNDDILFGVFAQSKPDSAEPMDRSAMCAFPIKYVNDFFNKIVNKNNVRCLQ,1
43,QPQKEEDLGPAVHHVYELINQGPSSISQGVLELSCPQALEGQQLLYVTRVTGLNCTTNHPINPKGLELDPEGSLHHQQKREAPSRSSASSGPQILKCPEAECFRLRCELGPLHQQESQSLQLHFRVWAKTFLQREHQPFSLQCEAVYKALKMPYRILPRQ,1
44,SSIRYQWDKRYIPGEVKWWDWNWTIQQNGLSTMQNNLARVLRPVRAGITGDFSAESQFAGNIEIGAPVPLAADSKVRRARSVDGAGQGLRLEIPLDAQELSGLGFNNVSLSVTPAANQ------------------------------------------,1
45,KPEGRPPQGGNQSQGPPPHPGKPERPPPQGGNQSHRPPPPPGKPERPPPQGGNQSQGPPPHPGKPEGPPPQEGNKSRSARSPPGKPQGPPQQEGNKPQGPPPPGKPQGPPPAGGNPQQPQAPPAGKPQGPPPPPQGGRPPRPAQGQQPPQ----------,1
46,APEYAYKIVKKGDSAIMKSGLEYGNCNTKCQTPIGAINSSMPFHNIHPLTIGECPKYVKSDRLVLATGLRNTPQRKRKKRGLFGAIAGFIEGGWQGMVDGWYGYHHSNEQGSGYAADKESTQKAIDGITNKVNSIIDKMNTQFEAVGKEFNNLERRIENL,1
47,#NAME?,1
48,ETFDVSPAVLRWTREKQPNYGLAIEVTHLHQTRTHQGQHVRISRSLPQGSGNWAQLRPLLVTFGHDGRGHALTRRRRAKRSPKHHSQRARKKNKNCRRHSLYVDFSDVGWNDWIVAPPGYQAFYCHGDCPFPLADHLNSTNHAIVQTLVNSVNSSIPKAC,1
49,NIPKDFSEDQGYPDPPNPCPLGKTADDGCLENAPDTAEFSREFQLDQHLFDPEHDYPGLGKWNKKLLYEKMKGGQRRKRRSVNPYLQGKRLDNVVAKKSVPHFSEEEKEAE-------------------------------------------------,1
50,EVNMSDSALDCVRDEAINKLQQIFNTSYNQTYEKYGNVSVFETTGGLVVFWQGIKQKSLVELERLANRSSLNLTHNRTKRSTDGNNATHLSNMESVHNLVYAQLQFTYDTLRGYINRALAQIAEAWCVDQRRTLEVFKELSKINPSAILSAIYNKPIAAR,1
51,TMWVDDQEVINKASNSNKIRLEKGRLYQIKIQYQRENPTEKGLDFKLYWTDSQNKKEVISSDNLQLPELKQKSSNSRKKRSTSAGPTVPDRDNDGIPDSLEVEGYTVDVKNKRTFLSPWISNIHEKKGLTKYKSSPEKWSTASDPYSDFEKVTGRIDKNV,1
52,LNYKDPCKAAAFLGDIALDEEDLRAFQVQQAVDLRRHTARKSSIKAAVPGNTSTPSCQSTNGQPQRGACGRWRGRSRSRRAATSRPERVWPDGVIPFVIGGNFTGSQRAVFRQAMRHWEKHTCVTFLERTDEDSYIVFTYRPCGCCSYVGRRGGGPQAIS,1
53,YIVLFYNMSLDVNRKAESPPRFYFSSNGTSDVITGSIQVSSREANCRTHQAFMRKDVRDILTPIQIEAAYHLGPHVISKRSTEEFPPLQPILQQKKEKDIMKKTINFARFCAHENCSADLQVSAKIGFLKPHENKTYLAVGSMKTLMLNVSLFNAGDDAY,1
54,YQSTLPKAEAPREPERGGPAKSAFQPVIAMDTELLRQQRRYNSPRVLLSDSTPLEPPPLYLMEDYVGSPVVANRTSRRKRYAEHKSHRGEYSVCDSESLWVTDKSSAIDIRGHQVTVLGEIKTGNSPVKQYFYETRCKEARPVKNGCRGIDDKHWNSQCK,1
55,DSRNMIYITCHLKVTLAEQDPDELNKACSFSKPSNSWFPVEGSADICQCCNKGDCGTPSHSRRQPHVMSQWSRSASRNRRHVTEEADVTVGPLIFLDRRGDHEVEQWALPSDTSVVLLGVGLAVVVSLTLTAVILVLTRRCRTASHPVSASE--------,1
56,#NAME?,1
57,KIFTNTWAVHIPGGPAVADRVAQKHGFHNLGQIFGDYYHFWHRAVTKRSLSPHRPRHSRLQREPQVKWLEQQVAKRRAKRDVYQEPTDPKFPQQWYLSGVTQRDLNVKEAWAQGFTGHGIVVSILDDGIEKNHPDLAGNYDPGASFDVNDQDPDPQPRYT,1
58,RGQKIFTNTWAVHISGGPAVADSVARKHGFHNLGQIFGDYYHFWHRAVTKRSLSPHRPRHSRLQRVPQVKWLEQQVAKQRAKRDVYQEPTDPKFPQQWYLSGVTQRDLNVKEAWAQGFTGRGIVVSILDDGIEKNHPDLAGNYDPGASFDVNDQDPDPQP,1
59,KYEFQVGPMGEGLVGLGTLVLGLEWPYEVSNGKWLLYPTEITVHGNGSWPCRPPGDLINPLNLTLSDPGDRPSSPQRRRRQLDPGGGQGPPPVTLAAAKKAKSETVLTCATGRAHCVWLECPIPDAPVVTNVTVKARVWNSTFIEDYRDFDRVRVNGWAT,1
60,FWGRSSDGAREPQFISRNWHGVPGKVDAAMAGRIYVTGSLSHSAQAKKQKSKRRSRKRYRSRRGRGHRRSQSSNSRRSSRSIWFSLFSSEESGLGTYNNYDYDMDWLVPATCEPIQSVYFFSGDKYYRVNLRTRRVDSVNPPYPRSIAQYWLGCPTSEK-,1
61,FHRINIYEVMKPITANGHMINRLLDTRVIHHNVTQWESFDVSPAIMRWTLDKQINHGLAIEVIHLNQTKTYQGKHVRISRSLLPQKDADWSQMRPLLITFSHDGRGHALTRRSKRSPKQQRPRKKNKHCRRHSLYVDFSDVGWNDWIVAPPGYQAFYCHG,1
62,WESFDVSPAIMRWTLDKQINHGLAIEVIHLNQTKTYQGKHVRISRSLLPQKDADWSQMRPLLITFSHDGRGHALTRRSKRSPKQQRPRKKNKHCRRHSLYVDFSDVGWNDWIVAPPGYQAFYCHGDCPFPLADHLNSTNHAIVQTLVNSVNSSIPKACCV,1
63,#NAME?,1
64,MLPLPSCSLPILLLFLLPSVPIESQPPPSTLPPFLAPEWDLLSPRVVLSRGAPAGPPLLFLLEAGAFRESAGAPANRSRRGVSETAPASRRGELAVCDAVSGWVTDRRTAVDLRGREVEVLGEVPAAGGSPLRQYFFETRCKADNAEEGGPGAGGGGCRG,1
65,CGSAQAPCSYGCSNTEGGYLCGCPPGYFRIGQGHCVSGMGMGRGNPEPPVSGEMDDNSLSPEACYECKINGYPKRGRKRRSTNETDASNIEDQSETEANVSLASWDVEKTAIFAFNISHVSNKVRILELLPALTTLTNHNRYLIESGNEDGFFKINQKEG,1
66,NFKNSAQLCLELEAWERGRAVDLRGLGFDRAARQVHEKALFLVFGRTKKRDLFFNEIKARSGQDDKTVYEYLFSQRRKRRAPLATRQGKRPSKNLKARCSRKALHVNFKDMGWDDWIIAPLEYEAFHCEGLCEFPLRSHLEPTNHAVIQTLMNSMDPEST,1
67,PWAAGLARRVAVELQAAASELRDLPGLPPTAPPLLSRLLALCPNDSRSAGDPLRALLLLKALQGLRAEWRGREGRGRAGRSKGTGTDGLCALRELSVDLRAERSVLIPETYQANNCQGACAWPQSDRNPRYGNHVVLLLKMQARGAALGRLPCCVPTAYT,1
68,SFSPEAWLQQYGYLPPGDLRTHTQRSPQSLSAAIAAMQKFYGLQVTGKADADTMKAMRRPRCGVPDKFGAEIKANVRRKRYAIQGLKWQHNEITFCIQNYTPKVGEYATYEAIRKAFRVWESATPLRFREVPYAYIREGHEKQADIMIFFAEGFHGDSTP,1
69,TEQYFNVEVWLQKYGYLPPTDPRMSVLRSAETMQSALAAMQQFYGINMTGKVDRNTIDWMKKPRCGVPDQTRGSSKFHIRRKRYALTGQKWQHKHITYSIKNVTPKVGDPETRKAIRRAFDVWQNVTPLTFEEVPYSELENGKRDVDITIIFASGFHGDS,1
70,#NAME?,1
71,CAQRSWLANLSVVAQLLNFGALCYGRQPQPGPVRFPDRRQEHFIKGLPEYHVVGPVRVDASGHFLSYGLHYPITSSRRKRDLDGSEDWVYYRISHEEKDLFFNLTVNQGFLSNSYIMEKRYGNLSHVKMMASSAPLCHLSGTVLQQGTRVGTAALSACHG,1
72,#NAME?,1
73,GLTFKVTHAFRSQDELLSSLESYEIAFPTRVDHNGAMLAFSPPAFRRQRRGAGATTESRLFYKVAAPSTHFLLNLTRSPRLLAGHVSVEYWTREGLAWQRAARAHCLYAGHLQGQAGSSHVAVSTCGGLHGLIVADDEEYLIEPLQGGPKGHRGPEESGP,1
74,LSTCAGLRGFFQVGSDLHLIEPLDEGGEGGRHAVYQAEHLLQTAGTCGVSDDSLGSLLGPRTAAVFRPRPGDSLPSRETRYVELYVVVDNAEFQMLGSEAAVRHRVLEVVNHVDKLYQKLNFRVVLVGLEIWNSQDRFHVSPDPSVTLENLLTWQARQRT,1
75,ATERLAPAVPEEESSARPQFHILRRRRRGSGGAKCGVMDDETLPTSDSRPESQNTRNQWPVRDPTPQDAGKPSGPGSIRKKRFVSSPRYVETMLVADQSMADFHGSGLKHYLLTLFSVAARFYKHPSIRNSISLVVVKILVIYEEQKGPEVTSNAALTLR,1
76,VLVVLLPPDQLRNNSFHFLRELSHVLHTNVVFKRDAQGQQMIFPYYGHEEELRKHPIKRSTVGWATSSLLPGTSGGRQRRELDPMDIRGSIVYLEIDNRQCVQSSSQCFQSATDVAAFLGALASLGSLNIPYKIEAVKSEPVEPPLPSQLHLMYVAAAAF,1
77,SATTAAGPPKAENTNTSKSTDFLDPATTTSPQNHSETAGNNNTHHQDTGEESASSGKLGLITNTIAGVAGLITGGRRTRREAIVNAQPKCNPNLHYWTTQDEGAAIGLAWIPYFGPAAEGIYIEGLMHNQDGLICGLRQLANETTQALQLFLRATTELRT,1
78,NYDEYAIFLTKKSSHHHGLTITAKLYGREPQLRDSLLQEFKDVALNVGISENSIIFMPDRGECVPGDREVEPTSIARARRAVLPQESEGSGTEPLITGTLKKEDSCQLNYSEGPCLGMQERYYYNGASMACETFQYGGCLGNGNNFISEKDCLQTCRTIA,1
79,GSEYQVLYIADDNEIRSLFPGHPHSAYEQAFQGDESVRIDAMDVHVKAGRVYWTNWHTGTISYRSLPPAAPPTTSNRHRRQIDRGVTHLNISGLKMPRGIAIDWVAGNVYWTDSGRDVIEVAQMKGENRKTLISGMIDEPHAIVVDPLRGTMYWSDWGNH,1
80,DAVHAALFPPLSMSAPPPPGAGPPTPPYQELAQLLAQPEVGLIHQYCQGYWRHVPPSPREAPGAPRSPEPQDQKKPRNRRHHPPDT--------------------------------------------------------------------------,1
81,DVGSKVKYEVTVSNQGQSLRTLGSAFLNIMWPHEIANGKWLLYPMQVELEGGQGPGQKGLCSPRPNILHLDVDSRDRRRRELEPPEQQEPGERQEPSMSWWPVSSAEKKKNITLDCARGTANCVVFSCPLYSFDRAAVLHVWGRLWNSTFLEEYSAVKSL,1
82,LLEEMTVFREPTAISAMELSTKQQQLYIGSTAGVAQLPLHRCDIYGKACAECCLARDPYCAWDGSACSRYFPTAKRRTRRQDIRNGDPLTHCSDLHHDNHHGHSPEERIIYGVENSSTFLECSPKSQRALVYWQFQRRNEERKEEIRVDDHIIRTDQGLL,1
83,QMLKRRSFLKNDDLIIFVDFEDITHLSQTEVPTKGKRLSPQGLILQGQEQQVSEEGSGKAMLEEALPVSLSQGQPSRQKRSVENTGPLEDHNWPQYFRDPCDPNPCQNDGICVNVKGMASCRCISGHAFFYTGERCQAVQVHGSVLGMVIGGTAGVIFLT,1
84,#NAME?,1
85,RGEKVFTNTWAVHIPGGPAVADRVARKHGFLNLGQIFGDYYHFWHRAVTKRSLSPHRLGHNRLQREPQVKWLEQQVAKRRAKRDIYQEPTDPKFPQQWYLSGVTQRDLNVKEAWAQGYTGRGIVVSILDDGIEKNHPDLAGNYDPGASFDVNDQDPDPQP,1
86,KVFTNTWAVHIPGGPAVADRVARKHGFLNLGQIFGDYYHFWHRAVTKRSLSPHRLGHNRLQREPQVKWLEQQVAKRRAKRDIYQEPTDPKFPQQWYLSGVTQRDLNVKEAWAQGYTGRGIVVSILDDGIEKNHPDLAGNYDPGASFDVNDQDPDPQPRYT,1
87,VVSMGVEWLTRYGYLPPADPVHAQMQSLEKLQDAIKVMQRFAGLPETGQMDPMTIKTMRKPRCSLPDVLGAAGLVRRRRRYSLSGSVWKKRTLTWSIRSFSQKSQLSPQIVRTLLSYALAVWATESGLTFQEVNSQYQEPDIIIHFARAYHQDSYPFDGS,1
88,DCHYEGYMEGVPGSFVSVNICSGLRGVLIKEETSYGIEPMLSSKNFEHVLYTMEHQPVVSCSVTPKDSPGDTSHPPRSRKPDDLLVLTDWWSHTKYVEMFVVVNHQRFQMWGSNINETVQAVMDIIALANSFTRGINTEVVLVGLEIWTEGDPIEVPVDL,1
89,QFALLFEEYFSYPVSLNINLNSDKLVFPAVTVCTLNPYRYTEIKEDLEELDRITEQTLFDLYKYNSSYTRQAGGRRRSTRDLRGALPHPLQRLRTPPPPNPARSARSASSSVRDNNPQVDRKDWKIGFQLCNQNKSDCFYQTYSSGVDAVREWYRFHYIN,1
90,FPAVTVCTLNPYRYTEIKEDLEELDRITEQTLFDLYKYNSSYTRQAGGRRRSTRDLRGALPHPLQRLRTPPPPNPARSARSASSSVRDNNPQVDRKDWKIGFQLCNQNKSDCFYQTYSSGVDAVREWYRFHYINILSRLPDTSPALEEEALGSFIFTCRF,1
91,#NAME?,1
92,#NAME?,1
93,EVNMSDSALDCVRDEAINKLQQIFNTSYNQTYEKYGNVSVFETTGGLVVFWQGIKQKSLVELERLANRSSLNLTHNRTKRSTDGNNATHLSNMESVHNLVYAQLQFTYDTLRGYINRALAQIAEAWCVDQRRTLEVFKELSKINPSAILSAIYNKPIAAR,1
94,#NAME?,1
95,ETKVALKLPRFKAEFQVELSEVFQKLGMSRMFSDQAEFGKMLQSPEPLKVSAIIHKAFIEVNEEGTEAAAATGMAVRRKRAIMSPEEPIEFFADHPFTYVLVHQKDLPLFWGSVVRLEENTFASSEHDEL------------------------------,1
96,PQKEEDLGPAVHHVYELINQGPSSISQGVLELSCPQALEGQQLLYVTKVTGLSNCTSSYTPNSQGLELDPETSPHHLQKREAPGRSSTASGTQVLKCPEAKCFRLRCEFGPLHRQESRSLQLHFRVWAKTFLQREYQPFSLQCEAVYEALKMPYQILPRQ,1
97,VLVNSSKGMKISQNFETRYLILSLIPKIEDSNSCGDQQIKQYKRLLDRLIIPLYDGLRLQKDVIVSNQESNENTDPRTKRFFGGVIGTIALGVATSAQITAAVALVEAKQARSDIEKLKEAIRDTNKAVQSVQSSIGNLIVAIKSVQDYVNKEIVPSIAR,1
98,GLRGALVAIALLSALNAAGTVFVLCQWRGLSAALRALEAQRGREQREDSALRAFLAELSRAPGRVPEPSQDPMSAARNKRSHNGEPASHIRAESQDMMMMMTYSMVPIRVMIDLCNSTQGICLTGPPGPPGPPGAGGLPGHNGSDGQPGLQGPKGEKGAI,1
99,HVDYIEEDSSVFAQSIPWNLERITPPRYRADEYQPPDGGSLVEVYLLDTSIQSDHREIEGRVMVTDFENVPEEDGTRFHRQASKCDSHGTHLAGVVSGRDAGVAKGASMRSLRVLNCQGKGTVSGTLIGLEFIRKSQLVQPVGPLVVLLPLAGGYSRVLN,1
100,PALSVALWLSWGAALGAVACAMALLTQQTELQSLRREVSRLQGTGGPSQNGEGYPWQSLPEQSSDALEAWENGERSRKRRAVLTQKQKKQHSVLHLVPINATSKDDSDVTEVMWQPALRRGRGLQAQGYGVRIQDAGVYLLYSQVLFQDVTFTMGQVVSR,1
101,NCDGLAGLIRTDSTDFFIEPLERGQQEKEASGRTHVVYRREAVQQEWAEPDGDLHNEAFGLGDLPNLLGLVGDQLGDTERKRRHAKPGSYSIEVLLVVDDSVVRFHGKEHVQNYVLTLMNIVDEIYHDESLGVHINIALVRLIMVGYRQSLSLIERGNPS,1
102,GSGTPGTSGTLSSLGGLDPDSPITSHLGQPSPKQQPLEPGEAALHSDSQDGHQMALLNFFFPDEKPYSEEESRRVRRNKRSKSNEGADGPVKNKKKGKKAGPPGPNGPPGPPGPPGPQGPPGIPGIPGIPGTTVMGPPGPPGPPGPQGPPGLQGPSGAAD,1
103,GNIFGSHYFDPENCRFQHQTLENGYDVYHSPQYHFLVSLGRAKRAFLPGMNPPPYSQFLSRRNEIPLIHFNTPIPRRHTRSAEDDSERDPLNVLKPRARMTPAPASCSQELPSAEDNSPMASDPLGVVRGGRVNTHAGGTGPEGCRPFAKFI--------,1
104,LSSVTLSTCRGIRGLITVSSNLSYVIEPLPDSKGQHLIYRSEHLKPPPGNCGFEHSKPTTRDWALQFTQQTKKRPRRMKREDLNSMKYVELYLVADYLEFQKNRRDQDATKHKLIEIANYVDKFYRSLNIRIALVGLEVWTHGNMCEVSENPYSTLWSFL,1
105,#NAME?,1
106,GLMFEVTHAFRSQDEFLSSLESYEIAFPTRVDHNGALLAFSPPPPRRQRRGTGATAESRLFYKVASPSTHFLLNLTRSSRLLAGHVSVEYWTREGLAWQRAARPHCLYAGHLQGQASTSHVAISTCGGLHGLIVADEEEYLIEPLHGGPKGSRSPEESGP,1
107,EEYLIEPLHGGPKGSRSPEESGPHVVYKRSSLRHPHLDTACGVRDEKPWKGRPWWLRTLKPPPARPLGNETERGQPGLKRSVSRERYVETLVVADKMMVAYHGRRDVEQYVLAIMNIVAKLFQDSSLGSTVNILVTRLILLTEDQPTLEITHHAGKSLDS,1
108,TPAATLKCGAYTIVYAPIKDQTDPAPRYISGEVTSVTFEKSDNTVKIKVNGQDFSTLSANSSSPTENGGSAGQASSRSRRSLSEETSEAAATVDLFAFTLDGGKRIEVAVPNVEDASKRDKYSLVADDKPFYTGANSGTTNGVYRLNENGDLVDKDNTVL,1
109,DVSLGVDWLTRYGYLPPPHPAQAQLQSPEKLRDAIKVMQRFAGLPETGRMDPGTVATMRKPRCSLPDVLGVAGLVRRRRRYALSGSVWKKRTLTWRVRSFPQSSQLSQETVRVLMSYALMAWGMESGLTFHEVDSPQGQEPDILIDFARAFHQDSYPFDG,1
110,GFCIHYNIVMPQFTEAVSPSVLPPSALPLDLLNNAITAFSTLEDLIRYLEPERWQLDLEDLYRPTWQLLGKAFVFGRKSRVVDLNLLTEEVRLYSCTPRNFSVSIREELKRTDTIFWPGCLLVKRCGGNCACCLHNCNECQCVPSKVTKKYHEVLQLRPK,1
111,RRSAPQREPSTGRHACDTSEHKNRHSKDKKKTRARKWGERINLAGDVAALNSGLATEAFSAYGNKTDNTREKRTHRRTKRFLSYPRFVEVLVVADNRMVSYHGENLQHYILTLMSIVASIYKDPSIGNLINIVIVNLIVIHNEQDGPSISFNAQTTLKNF,1
112,RFTNPVPAGVSQKKGTHTWEPQSLPDYQFEKTELLPKARVFSYHSGKPYVKSVQLQKKSTNKMNTFRSLFWGNHSQRKRRGFADKCCVIGCTKEEMAVACLPFVDF------------------------------------------------------,1
113,#NAME?,1
114,LLRPLLLLLCALAPGAPGPAPGRATEGRAALDIVHPVRVDAGGSFLSYELWPRALRKRDVSVRRDAPAFYELQYRGRELRFNLTANQHLLAPGFVSETRRRGGLGRAHIRAHTPACHLLGEVQDPELEGGLAAISACDGLKGVFQLSNEDYFIEPLDSAP,1
115,LEGGLAAISACDGLKGVFQLSNEDYFIEPLDSAPARPGHAQPHVVYKRQAPERLAQRGDSSAPSTCGVQVYPELESRRERWEQRQQWRRPRLRRLHQRSVSKEKWVETLVVADAKMVEYHGQPQVESYVLTIMNMVAGLFHDPSIGNPIHITIVRLVLLE,1
116,QLSNEDYFIEPLDSAPARPGHAQPHVVYKRQAPERLAQRGDSSAPSTCGVQVYPELESRRERWEQRQQWRRPRLRRLHQRSVSKEKWVETLVVADAKMVEYHGQPQVESYVLTIMNMVAGLFHDPSIGNPIHITIVRLVLLEDEEEDLKITHHADNTLKS,1
117,#NAME?,1
118,YFIEPLKNTTEDSKHFSYENGHPHVIYKKSALQQRHLYDHSHCGVSDFTRSGKPWWLNDTSTVSYSLPINNTHIHHRQKRSVSIERFVETLVVADKMMVGYHGRKDIEHYILSVMNIVAKLYRDSSLGNVVNIIVARLIVLTEDQPNLEINHHADKSLDS,1
119,KHFTDLWAVHVKGGEEVAKAVAVRHGFIYKGQIMPDYYHFQHRKVAKRSTFASIHYHQPLAEDSDVLWVEQQVAKSRQKRSVHFNDPKWPLMWYLNRGSGLDMNVRKAWDMGYTGKGVVVTILDDGIEKDHPDLYRNYDENASYDVNGHDPDPQPRYDLS,1
120,TNGPLPEAIAILVLPPAEGKPRGSLAYKYVIHEDLLPLIGSNNVLLEETDTYEWALKSWSPCSKACGGGIQFTKYGCRRRRDHHMVHRHLCDHKKRPKPIRRRCNQHSCPQPTWVTEEWGACSRSCGKLGLQTRGVQCLLPLSNGTHKAMPAKACLGNRP,0
121,MDEQCRFDFGTGYHTCLAFRTFEPCKQLWCSHPDNPYFCKTKKGPPLDGTECAPGKWCFKGHCIWKSPEQTYGQDGGWSSWTNFGSCSRSCGGGVRSRSRSCDNPPPAYGGRPCSGSMFEYQICNSEDCPGPYEDFRAQQCAKRNSYYTHQDAKHSWLPY,0
122,CVPFGCDKEVGSMKTDDKCGVCGGDNSHCRTVKGTLGKGSKQAAALKQVQIPAGARHIQIELLEKAPHRIAVKNQVTGSFIFNPKGKEASSRTFTALGLEWEHEAEDTKDSLRTNGPLPEAIAILVLPPAEGKPRGSLAYKYVIHEDLLPLIGSNNVLLE,0
123,ETDTYEWALKSWSPCSKACGGGIQFTKYGCRRRRDHHMVHRHLCDHKKRPKPIRRRCNQHSCPQPTWVTEEWGACSRSCGKLGLQTRGVQCLLPLSNGTHKAMPAKACLGNRPEAKKPCLRVPCPAQWRTGAWSQCSATCGEGIQQRQVVCRNTSSALGP,0
124,SGWKAFDVTEAVNFWQQLSRPRQPLLLQVSVQREHLGPLASGAHKLVRFASQGAPAGLGEPQLELHTLDLRDYGAQGDCDPEAPMTEGTRCCRQEMYIDLQGMKWAKNWVLEPPGFLAYECVGTCQQPPEALAFNWPFLGPRQCIASETASLPMIVSIKE,0
125,EKSKLYSDGKKKSLNTGIITVQNYGSHVPPKVSHITFAHEVGHNFGSPHDSGTECTPGESKNLGQKENGNYIMYARATSGDKLNNNKFSLCSIRNISQVLEKKRNNCFVESGQPICGNGMVEQGEECDCGYSDQCKDECCFDANQPEGRKCKLKPGKQCS,0
126,LLSLWLIAAALVEVRTSADGQAGNEEMVQIDLPIKRYREYELVTPVSTNLEGRYLSHTLSASHKKRSARDVSSNPEQLFFNITAFGKDFHLRLKPNTQLVAPGAVVEWHETSLVPGNITDPINNHQPGSATYRIRRTEPLQTNCAYVGDIVDIPGTSVAI,0
127,AIKNQATGHYILNGKGEEAKSRTFIDLGVEWDYNIEDDIESLHTDGPLHDPVIVLIIPQENDTRSSLTYKYIIHEDSVPTINSNNVIQEELDTFEWALKSWSQCSKPCGGGFQYTKYGCRRKSDNKMVHRSFCEANKKPKPIRRMCNIQECTHPLWVAEE,0
128,SSNSCDLPEFCTGASPHCPANVYLHDGHSCQDVDGYCYNGICQTHEQQCVTLWGPGAKPAPGICFERVNSAGDPYGNCGKVSKSSFAKCEMRDAKCGKIQCQGGASRPVIGTNAVSIETNIPLQQGGRILCRGTHVYLGDDMPDPGLVLAGTKCADGKIC,0
129,KVANHTGCKCLPTAPRHPYSIIRRSIQIPEEDRCSHSKKLCPIDMLWDSNKCKCVLQEENPLAGTEDHSHLQEPALCGPHMMFDEDRCECVCKTPCPKDLIQHPKNCSCFECKESLETCCQKHKLFHPDTCSCEDRCPFHTRPCASGKTACAKHCRFPKE,0
130,VNVFMMLYVQLVQGSSNEHGPVKRSSQSTLERSEQQIRAASSLEELLRITHSEDWKLWRCRLRLKSFTSMDSRSASHRSTRFAATFYDIETLKVIDEEWQRTQCSPRETCVEVASELGKSTNTFFKPPCVNVFRCGGCCNEESLICMNTSTSYISKQLFE,0
131,LGKSTNTFFKPPCVNVFRCGGCCNEESLICMNTSTSYISKQLFEISVPLTSVPELVPVKVANHTGCKCLPTAPRHPYSIIRRSIQIPEEDRCSHSKKLCPIDMLWDSNKCKCVLQEENPLAGTEDHSHLQEPALCGPHMMFDEDRCECVCKTPCPKDLIQ,0
132,EQVDTIMEKNVTVTHAQDILERTHNGKLCDLNGVKPLILRDCSVAGWLLGNPMCDEFINVPEWSYIVEKASPANDLCYPGNFNDYEELKHLLSRINHFEKIQIIPKSSWSNHDASSGVSSACPYLGRSSFFRNVVWLIKKNSAYPTIKRSYNNTNQEDLL,0
133,IYLHMEECVDQDYIICEEVMELPPCGNGTGSDCPVLTKPLTDEYLEIEPLKNGSYLVLSSTTDCGIPAYVPVVITVNDTISCFDKEFKRPLKQELKVTKYAPSVPQLELRVPRLTSLIAKIKGIQIEITSSWETIKEQVARAKAELLRLDLHEGDYPEWL,0
134,QGLSGHYLTISFEDFNLQNSSGCEKDFVEIWDNHTSGNILGRYCGNTIPDSIDTSSNTAVVRFVTDGSVTASGFRLRFESSMEECGGDLQGSIGTFTSPNYPNPNPHGRICEWRITAPEGRRITLMFNNLRLATHPSCNNEHVIVFNGIRSNSPQLEKLC,0
135,KITVWALQLTSQDCTQNYLQLQDSPQGHGNSRFQFCGRNASAVPVFYSSMSTAMVIFKSGVVNRNSRMSFTYQIADCNRDYHKAFGNLRSPGWPDNYDNDKDCTVTLTAPQNHTISLFFHSLGIENSVECRNDFLEVRNGSNSNSPLLGKYCGTLLPNPV,0
136,NANLAGTFCGSTVPAPFISSGNFLTVQFISDLTLEREGFNATYTIMDMPCGGTYNATWTPQNISSPNSSDPDVPFSICTWVIDSPPHQQVKITVWALQLTSQDCTQNYLQLQDSPQGHGNSRFQFCGRNASAVPVFYSSMSTAMVIFKSGVVNRNSRMSF,0
137,PLMWRLCGPSKPTLPLVIPYSQVWIHFVTNERVEHIGFHAKYSFTDCGGIQIGDSGVITSPNYPNAYDSLTHCSSLLEAPQGHTITLTFSDFDIEPHTTCAWDSVTVRNGGSPESPIIGQYCGNSNPRTIQSGSNQLVVTFNSDHSLQGGGFYATWNTQT,0
138,VGHTLWVRFISDGSGSGTGFQATFMKIFGNDNIVGTHGKVASPFWPENYPHNSNYQWTVNVNASHVVHGRILEMDIEEIQNCYYDKLRIYDGPSIHARLIGAYCGTQTESFSSTGNSLTFHFYSDSSISGKGFLLEWFAVDAPDGVLPTIAPGACGGFLR,0
139,VECRNDFLEVRNGSNSNSPLLGKYCGTLLPNPVFSQNNELYLRFKSDSVTSDRGYEIIWTSSPSGCGGTLYGDRGSFTSPGYPGTYPNNTYCEWVLVAPAGRLVTINFYFISIDDPGDCVQNYLTLYDGPNASSPSSGPYCGGDTSIAPFVASSNQVFIK,0
140,SNEIKSSGNTMKVIFFTDGSRPYGGFTASYTSSEDAVCGGSLPNTPEGNFTSPGYDGVRNYSRNLNCEWTLSNPNQGNSSISIHFEDFYLESHQDCQFDVLEFRVGDADGPLMWRLCGPSKPTLPLVIPYSQVWIHFVTNERVEHIGFHAKYSFTDCGGI,0
141,IQAPDSTVELNILSLDIESHRTCAYDSLVIRDGDNNLAQQLAVLCGREIPGPIRSTGEYMFIRFTSDSSVTRAGFNASFHKSCGGYLHADRGIITSPKYPETYPSNLNCSWHVLVQSGLTIAVHFEQPFQIPNGDSSCNQGDYLVLRNGPDICSPPLGPP,0
142,ESIGYPNPYSENQHCNWTIRATTGNTVNYTFLAFDLEHHINCSTDYLELYDGPRQMGRYCGVDLPPPGSTTSSKLQVLLLTDGVGRREKGFQMQWFVYGCGGELSGATGSFSSPGFPNRYPPNKECIWYIRTDPGSSIQLTIHDFDVEYHSRCNFDVLEI,0
143,SENQHCNWTIRATTGNTVNYTFLAFDLEHHINCSTDYLELYDGPRQMGRYCGVDLPPPGSTTSSKLQVLLLTDGVGRREKGFQMQWFVYGCGGELSGATGSFSSPGFPNRYPPNKECIWYIRTDPGSSIQLTIHDFDVEYHSRCNFDVLEIYGGPDFHSP,0
144,NNMNCTYVIEANPLSVVLLTFVSFHLEARSAVTGSCVNDGVHIIRGYSVMSTPFATVCGDEMPAPLTIAGPVLLNFYSNEQITDFGFKFSYRIISCGGVFNFSSGIITSPAYSYADYPNDMHCLYTITVSDDKVIELKFSDFDVVPSTSCSHDYLAIYDG,0
145,PFWPENYPHNSNYQWTVNVNASHVVHGRILEMDIEEIQNCYYDKLRIYDGPSIHARLIGAYCGTQTESFSSTGNSLTFHFYSDSSISGKGFLLEWFAVDAPDGVLPTIAPGACGGFLRTGDAPVFLFSPGWPDSYSNRVDCTWLIQAPDSTVELNILSLD,0
146,FHAKYSFTDCGGIQIGDSGVITSPNYPNAYDSLTHCSSLLEAPQGHTITLTFSDFDIEPHTTCAWDSVTVRNGGSPESPIIGQYCGNSNPRTIQSGSNQLVVTFNSDHSLQGGGFYATWNTQTLGCGGIFHSDNGTIRSPHWPQNFPENSRCSWTAITHK,0
147,RQDLCGVSTCDTLGMADVGTVCDPARSCAIVEDDGLQSAFTAAHELGHVFNMLHDNSKPCISLNGPLSTSRHVMAPVMAHVDPEEPWSPCSARFITDFLDNGYGHCLLDKPEAPLHLPVTFPGKDYDADRQCQLTFGPDSRHCPQLPPPCAALWCSGHLN,0
148,PLSTSRHVMAPVMAHVDPEEPWSPCSARFITDFLDNGYGHCLLDKPEAPLHLPVTFPGKDYDADRQCQLTFGPDSRHCPQLPPPCAALWCSGHLNGHAMCQTKHSPWADGTPCGPAQACMGGRCLHMDQLQDFNIPQAGGWGPWGPWGDCSRTCGGGVQF,0
149,FCAWQRGLNTPEDSDPDHFDTAILFTRQDLCGVSTCDTLGMADVGTVCDPARSCAIVEDDGLQSAFTAAHELGHVFNMLHDNSKPCISLNGPLSTSRHVMAPVMAHVDPEEPWSPCSARFITDFLDNGYGHCLLDKPEAPLHLPVTFPGKDYDADRQCQL,0
150,TAILFTRQDLCGVSTCDTLGMADVGTVCDPARSCAIVEDDGLQSAFTAAHELGHVFNMLHDNSKPCISLNGPLSTSRHVMAPVMAHVDPEEPWSPCSARFITDFLDNGYGHCLLDKPEAPLHLPVTFPGKDYDADRQCQLTFGPDSRHCPQLPPPCAALW,0
151,EPRVVDGTPCSPDSSSVCVQGRCIHAGCDRIIGSKKKFDKCMVCGGDGSGCSKQSGSFRKFRYGYNNVVTIPAGATHILVRQQGNPGHRSIYLALKLPDGSYALNGEYTLMPSPTDVVLPGAVSLRYSGATAASETLSGHGPLAQPLTLQVLVAGNPQDT,0
152,VMAAAAKAFKHPSIRNPVSLVVTRLVILGSGEEGPQVGPSAAQTLRSFCAWQRGLNTPEDSDPDHFDTAILFTRQDLCGVSTCDTLGMADVGTVCDPARSCAIVEDDGLQSAFTAAHELGHVFNMLHDNSKPCISLNGPLSTSRHVMAPVMAHVDPEEPW,0
153,IVFPEKLNGSVLPGSGAPARLLCRLQAFGETLLLELEQDSGVQVEGLTVQYLGQAPELLGGAEPGTYLTGTINGDPESVASLHWDGGALLGVLQYRGAELHLQPLEGGTPNSAGGPGAHILRRKSPASGQGPMCNVKAPLGSPSPRPRRAKRFASLSRFV,0
154,QPSLAPMSSLCGNMFVDPGEQCDCGFPDECTDPCCDHFTCQLRPGAQCASDGPCCQNCKLHPAGWLCRPPTDDCDLPEFCPGDSSQCPSDIRLGDGEPCASGEAVCMHGRCASYARQCQSLWGPGAQPAAPLCLQTANTRGNAFGSCGRSPGGSYMPCAP,0
155,AGARHLLIQEVDATSHHLAVKNLETGKFILNEENDVDASSKTFIAMGVEWEYRDEDGRETLQTMGPLHGTITVLVIPVGDTRVSLTYKYMIHEDSLNVDDNNVLEEDSVVYEWALKKWSPCSKPCGGGSQFTKYGCRRRLDHKMVHRGFCAALSKPKAIR,0
156,RVSLTYKYMIHEDSLNVDDNNVLEEDSVVYEWALKKWSPCSKPCGGGSQFTKYGCRRRLDHKMVHRGFCAALSKPKAIRRACNPQECSQPVWVTGEWEPCSQTCGRTGMQVRSVRCIQPLHDNTTRSVHAKHCNDARPESRRACSRELCPGRWRAGPWSQ,0
157,VCRWAYLQQKPDTGHDEYHDHAIFLTRQDFGPSGMQGYAPVTGMCHPVRSCTLNHEDGFSSAFVVAHETGHVLGMEHDGQGNRCGDEVRLGSIMAPLVQAAFHRFHWSRCSQQELSRYLHSYDCLLDDPFAHDWPALPQLPGLHYSMNEQCRFDFGLGYM,0
158,VQFHGKEHVQKYLLTLMNIVNEIYHDESLGAHINVVLVRIILLSYGKSMSLIEIGNPSQSLENVCRWAYLQQKPDTGHDEYHDHAIFLTRQDFGPSGMQGYAPVTGMCHPVRSCTLNHEDGFSSAFVVAHETGHVLGMEHDGQGNRCGDEVRLGSIMAPL,0
159,MGPLHGTITVLVIPVGDTRVSLTYKYMIHEDSLNVDDNNVLEEDSVVYEWALKKWSPCSKPCGGGSQFTKYGCRRRLDHKMVHRGFCAALSKPKAIRRACNPQECSQPVWVTGEWEPCSQTCGRTGMQVRSVRCIQPLHDNTTRSVHAKHCNDARPESRR,0
160,KERCHLYCESRETGEVVSMKRMVHDGTRCSYKDAFSLCVRGDCRKVGCDGVIGSSKQEDKCGVCGGDNSHCKVVKGTFTRSPKKHGYIKMFEIPAGARHLLIQEVDATSHHLAVKNLETGKFILNEENDVDASSKTFIAMGVEWEYRDEDGRETLQTMGP,0
161,LIRMEEEEFFIEPLEKGLAAQEAEQGRVHVVYRRPPTSPPLGGPQALDTGASLDSLDSLSRALGVLEEHANSSRRRARRHAADDDYNIEVLLGVDDSVVQFHGKEHVQKYLLTLMNIVNEIYHDESLGAHINVVLVRIILLSYGKSMSLIEIGNPSQSLE,0
162,NRCGDEVRLGSIMAPLVQAAFHRFHWSRCSQQELSRYLHSYDCLLDDPFAHDWPALPQLPGLHYSMNEQCRFDFGLGYMMCTAFRTFDPCKQLWCSHPDNPYFCKTKKGPPLDGTMCAPGKHCFKGHCIWLTPDILKRDGSWGAWSPFGSCSRTCGTGVK,0
163,CSCTEGYRLAENQKSCEPAVPFPCGRVSVSQTSKLTRAETVFPDVDYVNSTEAETILDNITQSTQSFNDFTRVVGGEDAKPGQFPWQVVLNGKVDAFCGGSIVNEKWIVTAAHCVETGVKITVVAGEHNIEETEHTEQKRNVIRIIPHHNYNAAINKYNH,0
164,GQFPWQVVLNGKVDAFCGGSIVNEKWIVTAAHCVETGVKITVVAGEHNIEETEHTEQKRNVIRIIPHHNYNAAINKYNHDIALLELDEPLVLNSYVTPICIADKEYTNIFLKFGSGYVSGWGRVFHKGRSALVLQYLRVPLVDRATCLRSTKFTIYNNMF,0
165,EKAVLVSFQSGYLFIQTDKTIYTPGSTVFYRIFTVDNNLLPVGKTVVIVIETPDGVPIKRDILSSHNQYGILPLSWNIPELVNMGQWKIRAFYEHAPKQTFSAEFEVKEYVLPSFEVLVEPTEKFYYIHGPKGLEVSITARFLYGKNVDGTAFVIFGVQD,0
166,GILPLSWNIPELVNMGQWKIRAFYEHAPKQTFSAEFEVKEYVLPSFEVLVEPTEKFYYIHGPKGLEVSITARFLYGKNVDGTAFVIFGVQDEDKKISLALSLTRVLIEDGSGEAVLSRKVLMDGVRPSSPEALVGKSLYVSVTVILHSGSDMVEAERSGI,0
167,QVPDTDSETRILLQGTPVAQMAEDAVDGERLKHLIVTPSGCGEQNMIGMTPTVIAVHYLDQTEQWEKFGLEKRQEALELIKKGYTQQLAFKQPISAYAAFNNRPPSTWLTAMWSRSFSLAANLIAIDSQVLCGAVKWLILEKQKPDGVFQEDGPVIHQEM,0
168,KQNEGFSLTAKGKGQGTLSVVTVYHAKVKGKTTCKKFDLRVTIKPAPETAKKPQDAKSSMILDICTRYLGDVDATMSILDISMMTGFIPDTNDLELLSSGVDRYISKYEMDKAFSNKNTLIIYLEKISHSEEDCLSFKVHQFFNVGLIQPGSVKVYSYYN,0
169,AVRTLDPEHLNQGGVQREDVNAADLSDQVPDTDSETRILLQGTPVAQMAEDAVDGERLKHLIVTPSGCGEQNMIGMTPTVIAVHYLDQTEQWEKFGLEKRQEALELIKKGYTQQLAFKQPISAYAAFNNRPPSTWLTAMWSRSFSLAANLIAIDSQVLCG,0
170,DEDIIPEEDIISRSHFPESWLWTIEELKEPEKNGISTKVMNIFLKDSITTWEILAVSLSDKKGICVADPYEITVMQDFFIDLRLPYSVVRNEQVEIRAVLFNYREQEKLKVRVELLHNPAFCSMATAKKRYYQTIEIPPKSSVAVPYVIVPLKIGLQEVE,0
171,NSLPGSINKAGEYLEASYLNLQRPYTVAIAGYALALMNKLEEPYLTKFLNTAKDRNRWEEPGQQLYNVEATSYALLALLLLKDFDSVPPVVRWLNDERYYGGGYGSTQATFMVFQALAQYRADVPDHKDLNMDVSLHLPSRSSPTVFRLLWESGSLLRSE,0
172,PRSCCSRSGALLLALLLQASMEVRGWCLESSQCQDLTTESNLLECIRACKPDLSAETPMFPGNGDEQPLTENPRKYVMGHFRWDRFGRRNSSSSGSSGAGQKREDVSAGEDCGPLPEGGPEPRSDGAKPGPREGKRSYSMEHFRWGKPVGKKRRPVKVYP,0
173,LLQLSKPELPQDGTSTLRENSKPEESHLLAKRYGGFMKRYGGFMKKMDELYPMEPEEEANGSEILAKRYGGFMKKDAEEDDSLANSSDLLKELLETGDNRERSHHQDGSDNEEEVSKRYGGFMRGLKRSPQLEDEAKELQKRYGGFMRRVGRPEWWMDYQ,0
174,KYICENQDSISSKLKECCEKPLLEKSHCIAEVENDEMPADLPSLAADFVESKDVCKNYAEAKDVFLGMFLYEYARRHPDYSVVLLLRLAKTYETTLEKCCAAADPHECYAKVFDEFKPLVEEPQNLIKQNCELFEQLGEYKFQNALLVRYTKKVPQVSTP,0
175,NALLVRYTKKVPQVSTPTLVEVSRNLGKVGSKCCKHPEAKRMPCAEDYLSVVLNQLCVLHEKTPVSDRVTKCCTESLVNRRPCFSALEVDETYVPKEFNAETFTFHADICTLSEKERQIKKQTALVELVKHKPKATKEQLKAVMDDFAAFVEKCCKADDK,0
176,VTTHNNPTFTDPSVLQPPTPAETGGHFTLSSSTISTHNYEEIPMDTFIVSTNPNTVTSSTPIPGSRPVARLGLYSRTTQQVKVVDPAFVTTPTKLITYDNPAYEGIDVDNTLYFSSNDNSINIAPDPDFLDIVALHRPALTSRRTGIRYSRIGNKQTLRT,0
177,PTPAETGGHFTLSSSTISTHNYEEIPMDTFIVSTNPNTVTSSTPIPGSRPVARLGLYSRTTQQVKVVDPAFVTTPTKLITYDNPAYEGIDVDNTLYFSSNDNSINIAPDPDFLDIVALHRPALTSRRTGIRYSRIGNKQTLRTRSGKSIGAKVHYYYDLS,0
178,RVYVDRDGVNITVNLKPTGGLANGVRRYASQTELYDAPGWLIWTYRTRTTVNCLITDMMAKSNSPFDFFVTTTGQTVEMSPFYDGKNKETFHERADSFHVRTNYKIVDYDNRGTNPQGERRAFLDKGTYTLSWKLENRTAYCPLQHWQTFDSTIATETGK,0
179,RPQPPRPRPPPRQKKQAPKQPPKPKKPKTQEKKKKQPAKPKPGKRQRMALKLEADRLFDVKNEDGDVIGHALAMEGKVMKPLHVKGTIDHPVLSKLKFTKSSAYDMEFAQLPVNMRSEAFTYTSEHPEGFYNWHHGAVQYSGGRFTIPRGVGGRGDSGRP,0
180,VSIVSSNSATSCTLARKIKPKFVGREKYDLPPVHGKKIPCTVYDRLKETTAGYITMHRPRPHAYTSYLEESSGKVYAKPPSGKNITYECKCGDYKTGTVSTRTEITGCTAIKQCVAYKSDQTKWVFNSPDLIRHDDHTAQGKLHLPFKLIPSTCMVPVAH,0
181,ETAPFGCKIAVNPLRAVDCSYGNIPISIDIPNAAFIRTSDAPLVSTVKCEVSECTYSADFGGMATLQYVSDREGQCPVHSHSSTATLQESTVHVLEKGAVTVHFSTASPQANFIVSLCGKKTTCNAECKPPADHIVSTPHKNDQEFQAAISKTSWSWLFA,0
182,QEYITCKFTTVVPSPKIKCCGSLECQPAAHADYTCKVFGGVYPFMWGGAQCFCDSENSQMSEAYVELSADCASDHAQAIKVHTAAMKVGLRIVYGNTTSFLDVYVNGVTPGTSKDLKVIAGPISASFTPFDHKVVIHRGLVYNYDFPEYGAMKPGAFGDI,0
183,IERREGNDVCYPGKFVNEEALRQILRGSGGIDKETMGFTYSGIRTNGTTSACRRSGSSFYAEMEWLLSNTDNASFPQMTKSYKNTRRESALIVWGIHHSGSTTEQTKLYGSGNKLITVGSSKYHQSFVPSPGTRPQINGQSGRIDFHWLILDPNDTVTFS,0
184,PGYKLGDDLLQCHPAVKFPCGRPWKRMEKKRSHLKRDTEDQEDQVDPRLIDGKMTRRGDSPWQVVLLDSKKKLACGAVLIHPSWVLTAAHCMDESKKLLVRLGEYDLRRWEKWELDLDIKEVFVHPNYSKSTTDNDIALLHLAQPATLSQTIVPICLPDS,0
185,RMEKKRSHLKRDTEDQEDQVDPRLIDGKMTRRGDSPWQVVLLDSKKKLACGAVLIHPSWVLTAAHCMDESKKLLVRLGEYDLRRWEKWELDLDIKEVFVHPNYSKSTTDNDIALLHLAQPATLSQTIVPICLPDSGLAERELNQAGQETLVTGWGYHSSR,0
186,PNYSKSTTDNDIALLHLAQPATLSQTIVPICLPDSGLAERELNQAGQETLVTGWGYHSSREKEAKRNRTFVLNFIKIPVVPHNECSEVMSNMVSENMLCAGILGDRQDACEGDSGGPMVASFHGTWFLVGLVSWGEGCGLLHNYGVYTKVSRYLDWIHGH,0
187,FMTQEGTLTSDPYDFANSWALSSGEQWCERASPPSSSCNISSGEMQKGLWEQCQLLKSTSVFARCHPLVDPEPFVALCEKTLCECAGGLECACPALLEYARTCAQEGMVLYGWTDHSACSPVCPAGMEYRQCVSPCARTCQSLHINEMCQERCVDGCSCP,0
188,FQNGKRVSLSVYLGEFFDIHLFVNGTVTQGDQRVSMPYASKGLYLETEAGYYKLSGEAYGFVARIDGSGNFQVLLSDRYFNKTCGLCGNFNIFAEDDFMTQEGTLTSDPYDFANSWALSSGEQWCERASPPSSSCNISSGEMQKGLWEQCQLLKSTSVFA,0
189,FKSFDNRYFTFSGICQYLLARDCQDHSFSIVIETVQCADDRDAVCTRSVTVRLPGLHNSLVKLKHGAGVAMDGQDVQLPLLKGDLRIQHTVTASVRLSYGEDLQMDWDGRGRLLVKLSPVYAGKTCGLCGNYNGNQGDDFLTPSGLAEPRVEDFGNAWKL,0
190,EAEFEVLKAFVVDMMERLRISQKWVRVAVVEYHDGSHAYIGLKDRKRPSELRRIASQVKYAGSQVASTSEVLKYTLFQIFSKIDRPEASRITLLLMASQEPQRMSRNFVRYVQGLKKKKVIVIPVGIGPHANLKQIRLIEKQAPENKAFVLSSVDELEQQ,0
191,MEDAVMGLRVAQCSQKPCEDSCRSGFTYVLHEGECCGRCLPSACEVVTGSPRGDSQSSWKSVGSQWASPENPCLINECVRVKEEVFIQQRNVSCPQLEVPVCPSGFQLSCKTSACCPSCRCERMEACMLNGTVIGPGKTVMIDVCTTCRCMVQVGVISGF,0
192,TLTNPGECRPNFTCACRKEECKRVSPPSCPPHRLPTLRKTQCCDEYECACNCVNSTVSCPLGYLASTATNDCGCTTTTCLPDKVCVHRSTIYPVGQFWEEGCDVCTCTDMEDAVMGLRVAQCSQKPCEDSCRSGFTYVLHEGECCGRCLPSACEVVTGSP,0
193,FQDCNKLVDPEPYLDVCIYDTCSCESIGDCACFCDTIAAYAHVCAQHGKVVTWRTATLCPQSCEERNLRENGYECEWRYNSCAPACQVTCQHPEPLACPVQCVEGCHAHCPPGKILDELLQTCVDPEDCPVCEVAGRRFASGKKVTLNPSDPEHCQICHC,0
194,NVKRPMKDETHFEVVESGRYIILLLGKALSVVWDRHLSISVVLKQTYQEKVCGLCGNFDGIQNNDLTSSNLQVEEDPVDFGNSWKVSSQCADTRKVPLDSSPATCHNNIMKQTMVDSSCRILTSDVFQDCNKLVDPEPYLDVCIYDTCSCESIGDCACFC,0
195,LFPGECQYVLVQDYCGSNPGTFRILVGNKGCSHPSVKCKKRVTILVEGGEIELFDGEVNVKRPMKDETHFEVVESGRYIILLLGKALSVVWDRHLSISVVLKQTYQEKVCGLCGNFDGIQNNDLTSSNLQVEEDPVDFGNSWKVSSQCADTRKVPLDSSP,0
196,LSPKTFASKTYGLCGICDENGANDFMLRDGTVTTDWKTLVQEWTVQRPGQTCQPILEEQCLVPDSSHCQVLLLPLFAECHKVLAPATFYAICQQDSCHQEQVCEVIASYAHLCRTNGVCVDWRTPDFCAMSCPPSLVYNHCEHGCPRHCDGNVSSCGDHP,0
197,VRYLTSEMHGARPGASKAVVILVTDVSVDSVDAAADAARSNRVTVFPIGIGDRYDAAQLRILAGPAGDSNVVKLQRIEDLPTMVTLGNSFLHKLCSGFVRICMDEDGNEKRPGDVWTLPDQCHTVTCQPDGQTLLKSHRVNCDRGLRPSCPNSQSPVKVE,0
198,EDIISLWDQSLKPCVKLTPLCVSLKCTDLKNDTNTNSSSGRMIMEKGEIKNCSFNISTSIRGKVQKEYAFFYKLDIIPIDNDTTSYKLTSCNTSVITQACPKVSFEPIPIHYCAPAGFAILKCNNKTFNGTGPCTNVSTVQCTHGIRPVVSTQLLLNGSL,0
199,LRRSKRCSCSSLMDKECVYFCHLDIIWVNTPEHVVPYGLGSPRSKRALENLLPTKATDRENRCQCASQKDKKCWNFCQAGKELRAEDIMEKDWNNHKKGKDCSKLGKKCIYQQLVRGRKIRRSSEEHLRQTRSETMRNSVKSSFHDPKLKGKPSRERYVT,0
200,ILLMFKTRPEDFRDLSFPKLIMITDYLLLFRVYGLESLKDLFPNLTVIRGSRLFFNYALVIFEMVHLKELGLYNLMNITRGSVRIEKNNELCYLATIDWSRILDSVEDNYIVLNKDDNEECGDICPGTAKGKTNCPATVINGQFVERCWTHSHCQKVCPT,0
201,EVSGTKGRQERNDIALKTNGDQASCENELLKFSYIRTSFDKILLRWEPYWPPDFRDLLGFMLFYKEAPYQNVTEFDGQDACGSNSWTVVDIDPPLRSNDPKSQNHPGWLMRGLKPWTQYAIFVKTLVTFSDERRTYGAKSDIIYVQTDATNPSVPLDPIS,0
202,KLCLSEIHKMEEVSGTKGRQERNDIALKTNGDQASCENELLKFSYIRTSFDKILLRWEPYWPPDFRDLLGFMLFYKEAPYQNVTEFDGQDACGSNSWTVVDIDPPLRSNDPKSQNHPGWLMRGLKPWTQYAIFVKTLVTFSDERRTYGAKSDIIYVQTDA,0
203,IVGPVTHEIFENNVVHLMWQEPKEPNGLIVLYEVSYRRYGDEELHLCVSRKHFALERGCRLRGLSPGNYSVRIRATSLAGNGSWTEPTYFYVTDYLDVPSNIAKIIIGPLIFVFLFSVVIGSIYLFLRKRQPDGPLGPLYASSNPEYLSASDVFPCSVYV,0
204,PANISRQAHILLDCGEDNVCKPKLEVSVDSDQKKIYIGDDNPLTLIVKAQNQGEGAYEAELIVSIPLQADFIGVVRNNEALARLSCAFKTENQTRQVVCDLGNPMKAGTQLLAGLRFSVHQQSEMDTSVKFDLQIQSSNLFDKVSPVVSHKVDLAVLAAV,0
205,GLEVYPSILNQDNKTCSLPGTALKVSCFNVRFCLKADGKGVLPRKLNFQVELLLDKLKQKGAIRRALFLYSRSPSHSKNMTISRGGLMQCEELIAYLRDESEFRDKLTPITIFMEYRLDYRTAADTTGLQPILNQFTPANISRQAHILLDCGEDNVCKPK,0
206,WQGQLISDQVAEIVSKYDPNVYSIKYNNQLATRTAQAIFDDSYLGYSVAVGDFNGDGIDDFVSGVPRAARTLGMVYIYDGKNMSSLYNFTGEQMAAYFGFSVAATDINGDDYADVFIGAPLFMDRGSDGKLQEVGQVSVSLQRASGDFQTTKLNGFEVFA,0
207,DDFVSGVPRAARTLGMVYIYDGKNMSSLYNFTGEQMAAYFGFSVAATDINGDDYADVFIGAPLFMDRGSDGKLQEVGQVSVSLQRASGDFQTTKLNGFEVFARFGSAIAPLGDLDQDGFNDIAIAAPYGGEDKKGIVYIFNGRSTGLNAVPSQILEGQWA,0
208,SFGYSMKGATDIDKNGYPDLIVGAFGVDRAILYRARPVITVNAGLEVYPSILNQDNKTCSLPGTALKVSCFNVRFCLKADGKGVLPRKLNFQVELLLDKLKQKGAIRRALFLYSRSPSHSKNMTISRGGLMQCEELIAYLRDESEFRDKLTPITIFMEYR,0
209,PLLTRLLNTQIYRVDSISYNIQNREWYIPLPSHIMTKGAFLGGADVKECIEAFSSYICPSDPGFVLNHEMESCLSGNISQCPRTVVKSDIVPRYAFVNGGVVANCITTTCTCNGIGNRINQPPDQGVKIITHKECNTIGINGMLFNTNKEGTLAFYTPND,0
210,GATNYIYVLNEEDLQKVAEYKTGPVLEHPDCFPCQDCSSKANLSGGVWKDNINMALVVDTYYDDQLISCGSVNRGTCQRHVFPHNHTADIQSEVHCIFSPQIEEPSQCPDCVVSALGAKVLSSVKDRFINFFVGNTINSSYFPDHPLHSISVRRLKETKD,0
211,DFGLARDMYDKEYYSVHNKTGAKLPVKWMALESLQTQKFTTKSDVWSFGVLLWELMTRGAPPYPDVNTFDITVYLLQGRRLLQPEYCPDPLYEVMLKCWHPKAEMRPSFSELVSRISAIFSTFIGEHYVHVNATYVNVKCVAPYPSLLSSEDNADDEVDT,0
212,VSNSILECYTPAQTISTEFAVKLKIDLANRETSIFSYREDPIVYEIHPTKSFISGGSTITGVGKNLNSVSVPRMVINVHEAGRNFTVACQHRSNSEIICCTTPSLQQLNLQLPLKTKAFFMLDGILSKYFDLIYVHNPVFKPFEKPVMISMGNENVLEIK,0
213,SLNRITDIGEVSQFLTEGIIMKDFSHPNVLSLLGICLRSEGSPLVVLPYMKHGDLRNFIRNETHNPTVKDLIGFGLQVAKGMKYLASKKFVHRDLAARNCMLDEKFTVKVADFGLARDMYDKEYYSVHNKTGAKLPVKWMALESLQTQKFTTKSDVWSFG,0
214,TSISTFIKGDLTIANLGTSEGRFMQVVVSRSGPSTPHVNFLLDSHPVSPEVIVEHTLNQNGYTLVITGKKITKIPLNGLGCRHFQSCSQCLSAPPFVQCGWCHDKCVRSEECLSGTWTQQICLPAIYKVFPNSAPLEGGTRLTICGWDFGFRRNNKFDLK,0
215,SISPKYGPMAGGTLLTLTGNYLNSGNSRHISIGGKTCTLKSVSNSILECYTPAQTISTEFAVKLKIDLANRETSIFSYREDPIVYEIHPTKSFISGGSTITGVGKNLNSVSVPRMVINVHEAGRNFTVACQHRSNSEIICCTTPSLQQLNLQLPLKTKAF,0
216,SAEFTKTGRVVLGGPGSYFWQGQILSATQEQIAESYYPEYLINLVQGQLQTRQASSIYDDSYLGYSVAVGEFSGDDTEDFVAGVPKGNLTYGYVTILNGSDIRSLYNFSGEQMASYFGYAVAATDVNGDGLDDLLVGAPLLMDRTPDGRPQEVGRVYVYL,0
217,TGHDEFGRFGSSLTPLGDLDQDGYNDVAIGAPFGGETQQGVVFVFPGGPGGLGSKPSQVLQPLWAASHTPDFFGSALRGGRDLDGNGYPDLIVGSFGVDKAVVYRGRPIVSASASLTIFPAMFNPEERSCSLEGNPVACINLSFCLNASGKHVADSIGFT,0
218,GVLQGGAVYLCPWGASPTQCTPIEFDSKGSRLLESSLSSSEGEEPVEYKSLQWFGATVRAHGSSILACAPLYSWRTEKEPLSDPVGTCYLSTDNFTRILEYAPCRSDFSWAAGQGYCQGGFSAEFTKTGRVVLGGPGSYFWQGQILSATQEQIAESYYPE,0
219,NPVACINLSFCLNASGKHVADSIGFTVELQLDWQKQKGGVRRALFLASRQATLTQTLLIQNGAREDCREMKIYLRNESEFRDKLSPIHIALNFSLDPQAPVDSHGLRPALHYQSKSRIEDKAQILLDCGEDNICVPDLQLEVFGEQNHVYLGDKNALNLT,0
220,IVGMMGQWQISGLANGWVIMGPGYNGEIKPGTASNTWCYPTNPVTGEIPTLSALDIPDGDEVDVQWRLVHDSANFIKPTSYLAHYLGYAWVGGNHSQYVGEDMDVTRDGDGWVIRGNNDGGCDGYRCGDKTAIKVSNFAYNLDPDSFKHGDVTQSDRQLV,0
221,YAWVGGNHSQYVGEDMDVTRDGDGWVIRGNNDGGCDGYRCGDKTAIKVSNFAYNLDPDSFKHGDVTQSDRQLVKTVVGWAVNDSDTPQSGYDVTLRYDTATNWSKTNTYGLSEKVTTKNKFKWPLVGETELSIEIAANQSWASQNGGSTTTSLSQSVRPT,0
222,EEAFFRGVSQGRGGLGSIFVWASGNGGREHDSCNCDGYTNSIYTLSISSATQFGNVPWYSEACSSTLATTYSSGNQNEKQIVTTDLRQKCTESHTGTSASAPLAAGIIALTLEANKNLTWRDMQHLVVQTSKPAHLNANDWATNGVGRKVSHSYGYGLLD,0
223,LGLNPNHIHIYSASWGPEDDGKTVDGPARLAEEAFFRGVSQGRGGLGSIFVWASGNGGREHDSCNCDGYTNSIYTLSISSATQFGNVPWYSEACSSTLATTYSSGNQNEKQIVTTDLRQKCTESHTGTSASAPLAAGIIALTLEANKNLTWRDMQHLVVQ,0
224,EVRKTVTACLGEPNHITRLEHAQARLTLSYNRRGDLAIHLVSPMGTRSTLLAARPHDYSADGFNDWAFMTTHSWDEDPSGEWVLEIENTSEANNYGTLTKFTLVLYGTAPEGLPVPPESSGCKTLTSSQACVVCEEGFSLHQKSCVQHCPPGFAPQVLDT,0
225,FGNVPWYSEACSSTLATTYSSGNQNEKQIVTTDLRQKCTESHTGTSASAPLAAGIIALTLEANKNLTWRDMQHLVVQTSKPAHLNANDWATNGVGRKVSHSYGYGLLDAGAMVALAQNWTTVAPQRKCIIDILTEPKDIGKRLEVRKTVTACLGEPNHIT,0
226,NPMCDEFLNVPEWSYIVEKDNPVNGLCYPGDFNDYEELKHLLSCTKHFEKIRIIPRDSWPNHEASLGVSSACPYNGRSSFFRNVVWLIKKDNAYPTIKRSYNNTNKEDLLILWGIHHPNDAAEQTKLYQNPTTYVSVGTSTLNQRSIPKIATRPKLNGQS,0
227,RGTQNWTVERLLQAHRQLEERGYVFVGYHGTFLEAAQSIVFGGVRARSQDLDAIWRGFYIAGDPALAYGYAQDQEPDARGRIRNGALLRVYVPRSSLPGFYRTGLTLAAPEAAGEVERLIGHPLPLRLDAITGPEEEGGRLETILGWPLAERTVVIPSAI,0
228,SRVIAGTVFVAYHRDSYENKTMQLMPDDYSNTHSTRYVTVKDQWHSRGSTWLYRETCNLNCMVTITTARSKYPYHFFATSTGDVVDISPFYNGTNRNASYFGENADKFFIFPNYTIVSDFGRPNSALETHRLVAFLERADSVISWDIQDEKNVTCQLTFW,0
229,RPVVIFNFANSSYVQYGQLGEDNEILLGNHRTEECQLPSLKIFIAGNSAYEYVDYLFKRMIDLSSISTVDSMIALDIDPLENTDFRVLELYSQKELRSSNVFDLEEIMREFNSYKQRVKYVEDKVVDPLPPYLKGLDDLMSGLGAAGKAVGVAIGAVGGA,0
230,TSTSRTHTSEVHGNAEVHASFFDIGGSVSAGFSNSNSSTVAIDHSLSLAGERTWAETMGLNTADTARLNANIRYVNTGTAPIYNVLPTTSLVLGKNQTLATIKAKENQLSQILAPNNYYPSKNLAPIALNAQDDFSSTPITMNYNQFLELEKTKQLRLDT,0
231,FLELEKTKQLRLDTDQVYGNIATYNFENGRVRVDTGSNWSEVLPQIQETTARIIFNGKDLNLVERRIAAVNPSDPLETTKPDMTLKEALKIAFGFNEPNGNLQYQGKDITEFDFNFDQQTSQNIKNQLAELNATNIYTVLDKIKLNAKMNILIRDKRFHY,0
232,DMENIILSKNEDQSTQNTDSQTRTISKNTSTSRTHTSEVHGNAEVHASFFDIGGSVSAGFSNSNSSTVAIDHSLSLAGERTWAETMGLNTADTARLNANIRYVNTGTAPIYNVLPTTSLVLGKNQTLATIKAKENQLSQILAPNNYYPSKNLAPIALNAQ,0
233,PDRDRHVSIVRENIQPGQEYNFLKMEPQEVESLGETYDFDSIMHYARNTFSRGIFLDTIVPKYEVNGVKPPIGQRTRLSKGDIAQARKLYKCPACGETLQDSTGNFSSPEYPNGYSAHMHCVWRISVTPGEKIILNFTSLDLYRSRLCWYDYVEVRDGFW,0
234,YSAHMHCVWRISVTPGEKIILNFTSLDLYRSRLCWYDYVEVRDGFWRKAPLRGRFCGSKLPEPIVSTDSRLWVEFRSSSNWVGKGFFAVYEAICGGDVKKDYGHIQSPNYPDDYRPSKVCIWRIQVSEGFHVGLTFQSFEIERHDSCAYDYLEVRDGHSE,0
235,PTGGCYGVPPDLRTELSKRIAPCYQDYVKKFGENFASCQAGISSFYTKDLIVMGAPGSSYWTGSLFVYNITTNKYKAFLDKQNQVKFGSYLGYSVGAGHFRSQHTTEVVGGAPQHEQIGKAYIFSIDEKELNILHEMKGKKLGSYFGASVCAVDLNADGF,0
236,EEDLSITVHATCENEEEMDNLKHSRVTVAIPLKYEVKLTVHGFVNPTSFVYGSNDENEPETCMVEKMNLTFHVINTGNSMAPNVSVEIMVPNSFSPQTDKLFNILDVQTTTGECHFENYQRVCALEQQKSAMQTLKGIVRFLSKTDKRLLYCIKADPHCL,0
237,EDVVRFEVGLHECGNSMQVTDDALVYSTFLLHDPRPVGNLSIVRTNRAEIPIECRYPRQGNVSSQAILPTWLPFRTTVFSEEKLTFSLRLMEENWNAEKRSPTFHLGDAAHLQAEIHTGSHVPLRLFVDHCVATPTPDQNASPYHTIVDFHGCLVDGLTD,0
238,VSHSYGYGLLDAGAMVALAQNWTTVAPQRKCIVEILVEPKDIGKRLEVRKAVTACLGEPNHITRLEHVQARLTLSYNRRGDLAIHLISPMGTRSTLLAARPHDYSADGFNDWAFMTTHSWDEDPAGEWVLEIENTSEANNYGTLTKFTLVLYGTAPEGLS,0
239,LTLEANKNLTWRDMQHLVVQTSKPAHLNADDWATNGVGRKVSHSYGYGLLDAGAMVALAQNWTTVAPQRKCIVEILVEPKDIGKRLEVRKAVTACLGEPNHITRLEHVQARLTLSYNRRGDLAIHLISPMGTRSTLLAARPHDYSADGFNDWAFMTTHSW,0
240,SASWGPEDDGKTVDGPARLAEEAFFRGVSQGRGGLGSIFVWASGNGGREHDSCNCDGYTNSIYTLSISSATQFGNVPWYSEACSSTLATTYSSGNQNEKQIVTTDLRQKCTESHTGTSASAPLAAGIIALTLEANKNLTWRDMQHLVVQTSKPAHLNADD,0
241,IEKNHPDLAGNYDPGASFDVNDQDPDPQPRYTQMNDNRHGTRCAGEVAAVANNGVCGVGVAYNARIGGVRMLDGEVTDAVEARSLGLNPNHIHIYSASWGPEDDGKTVDGPARLAEEAFFRGVSQGRGGLGSIFVWASGNGGREHDSCNCDGYTNSIYTL,0
242,DDGIEKNHPDLAGNYDPGASFDVNDQDPDPQPRYTQMNDNRHGTRCAGEVAAVANNGVCGVGVAYNARIGGVRMLDGEVTDAVEARSLGLNPNHIHIYSASWGPEDDGKTVDGPARLAEEAFFRGVSQGRGGLGSIFVWASGNGGREHDSCNCDGYTNSI,0
243,NDVEIIRASVCTPCHASCATCQGPAPTDCLSCPSHASLDPVEQTCSRQSQSSRESRPQQQPPALRPEVEMEPRLQAGLASHLPEVLAGLSCLIIVLIFGIVFLFLHRCSGFSFRGVKVYTMDRGLISYKGLPPEAWQEECPSDSEEDEGRGERTAFIKDQ,0
244,DGYTNSIYTLSISSATQFGNVPWYSEACSSTLATTYSSGNQNEKQIVTTDLRQKCTESHTGTSASAPLAAGIIALTLEANKNLTWRDMQHLVVQTSKPAHLNANDWATNGVGRKVSHSYGYGLLDAGAMVALAQNWTTVAPQRKCIIEILAEPKDIGKRL,0
245,GVAYNARIGGVRMLDGEVTDAVEARSLGLNPNHIHIYSASWGPEDDGKTVDGPARLAEEAFFRGVSQGRGGLGSIFVWASGNGGREHDSCNCDGYTNSIYTLSISSATQFGNVPWYSEACSSTLATTYSSGNQNEKQIVTTDLRQKCTESHTGTSASAPL,0
246,EANKNLTWRDMQHLVVQTSKPAHLNANDWATNGVGRKVSHSYGYGLLDAGAMVALAQNWTTVAPQRKCIIEILAEPKDIGKRLEVRKTVTACLGEPNHISRLEHVQARLTLSYNRRGDLAIHLISPMGTRSTLLAARPHDYSADGFNDWAFMTTHSWDED,0
247,IIEILAEPKDIGKRLEVRKTVTACLGEPNHISRLEHVQARLTLSYNRRGDLAIHLISPMGTRSTLLAARPHDYSADGFNDWAFMTTHSWDEDPSGEWVLEIENTSEANNYGTLTKFTLVLYGTASEGLSAPPESSGCKTLTSSQACVVCEEGFSLHQKSC,0
248,GTRCAGEVAAVANNGVCGVGVAYNARIGGVRMLDGEVTDAVEARSLGLNPNHIHIYSASWGPEDDGKTVDGPARLAEEAFFRGVSQGRGGLGSIFVWASGNGGREHDSCNCDGYTNSIYTLSISSATQFGNVPWYSEACSSTLATTYSSGNQNEKQIVTT,0
249,EHDSCNCDGYTNSIYTLSISSATQFGNVPWYSEACSSTLATTYSSGNQNEKQIVTTDLRQKCTESHTGTSASAPLAAGIIALTLEANKNLTWRDMQHLVVQTSKPAHLNANDWATNGVGRKVSHSYGYGLLDAGAMVALAQNWTTVAPQRKCIIEILAEP,0
250,ANKNLTWRDMQHLVVQTSKPAHLNANDWATNGVGRKVSHSYGYGLLDAGAMVALAQNWTTVAPQRKCIIEILAEPKDIGKRLEVRKTVTACLGEPNHISRLEHVQARLTLSYNRRGDLAIHLISPMGTRSTLLAARPHDYSADGFNDWAFMTTHSWDEDP,0
251,VADSVARKHGFHNLGQIFGDYYHFWHRAVTKRSLSPHRPRHSRLQRVPQVKWLEQQVAKQRAKRDVYQEPTDPKFPQQWYLSGVTQRDLNVKEAWAQGFTGRGIVVSILDDGIEKNHPDLAGNYDPGASFDVNDQDPDPQPRYTQMNDNRHGTRCAGEVA,0
252,FKAGFVWRLRGGQLQPGYPALASRHWQGLPSPVDAAFEDAQGHIWFFQGAQYWVYDGEKPVLGPAPLTELGLVRFPVHAALVWGPEKNKIYFFRGRDYWRFHPSTRRVDSPVPRRATDWRGVPSEIDAAFQDADGYAYFLRGRLYWKFDPVKVKALEGFP,0
253,MNITVKNDPGHHIIEDMWLGVTVASQGPAGRVLVCAHRYTQVLWSGSEDQRRMVGKCYVRGNDLELDSSDDWQTYHNEMCNSNTDYLETGMCQLGTSGGFTQNTVYFGAPGAYNWKGNSYMIQRKEWDLSEYSYKDPEDQGNLYIGYTMQVGSFILHPKN,0
254,AGRVLVCAHRYTQVLWSGSEDQRRMVGKCYVRGNDLELDSSDDWQTYHNEMCNSNTDYLETGMCQLGTSGGFTQNTVYFGAPGAYNWKGNSYMIQRKEWDLSEYSYKDPEDQGNLYIGYTMQVGSFILHPKNITIVTGAPRHRHMGAVFLLSQEAGGDLR,0
255,GSIYVWASGNGGREHDSCNCDGYTNSIYTLSISSTTQMGNVPWYSEACSSTLATTYSSGNQNEKQIVTTDLRQKCTDSHTGTSASAPLAAGIIALALEANKNLTWRDMQHLVVQTSNPAGLNANDWITNGVGRKVSHSYGYGLLDAGAMVAMAKTWVTVG,0
256,ALALEANKNLTWRDMQHLVVQTSNPAGLNANDWITNGVGRKVSHSYGYGLLDAGAMVAMAKTWVTVGPQRKYVIDILSEPKDIGKALEVRRKVEPCAGMSNYISTLEHVQARLSLSYNCRGDLAIYLTSPMGTRSCLLAPRPHDYSADGFNDWSFMTTHS,0
257,SSGNQNEKQIVTTDLRQKCTDSHTGTSASAPLAAGIIALALEANKNLTWRDMQHLVVQTSNPAGLNANDWITNGVGRKVSHSYGYGLLDAGAMVAMAKTWVTVGPQRKYVIDILSEPKDIGKALEVRRKVEPCAGMSNYISTLEHVQARLSLSYNCRGDL,0
258,GWPLSKMDIGVPLLAIGCYSQVNPTTLTAALFLLVAHYAIIGPALQAKASREAQKRAAAGIMKNPTVDGITVIDLDPIPYDPKFEKQLGQVMLLVLCVTQVLMMRTTWALCEVLTLATGPISTLWEGNPGRFWNTTIAVSMANIFRGSYLAGAGLLFSIM,0
259,PRGTVMDIISRRDQRGSGQVGTYGLNTFTNMEAQLIRQMEGEGVFKSIQHLTITEEIAVQNWLARVGRERLSRMAISGDDCVVKPLDDRLPSALTALNDTGKIRKDIQQWEPSRGWNDWTQVPFCSHHFHELIMKDGRVLVVPCRNQDELIGRARISQGA,0
260,ISTLWEGNPGRFWNTTIAVSMANIFRGSYLAGAGLLFSIMKNTTNARRGTGNIGETLGEKWKSRLNALGKSEFQIYKKSGIQEVDRTLAKEGIKRGETDHHAVSRGSAKLRWFVERNMVTPEGKVVDLGCGRGGWSYYCGGLKNVREVKGLTKGGPGHEE,0
261,LKEKEENLVNSLVTAGHGQVDNFSLGVLGMALFLEEMLRTRVGTKHAILLVAVSFVTLIIGNMSFRDLGRVMVMVGATMTDDIGMGVTYLALLAAFKVRPTFAAGLLLRKLTSKALMMTTIGIVLSSQSTTPETILELTDALALGMMVLKMVRNMEKYQL,0
262,FKSIQHLTITEEIAVQNWLARVGRERLSRMAISGDDCVVKPLDDRLPSALTALNDTGKIRKDIQQWEPSRGWNDWTQVPFCSHHFHELIMKDGRVLVVPCRNQDELIGRARISQGAGWSLRETACLGKSYDQMWSLMYFHRRDLRLAANAICSAVPSHWV,0
263,GLNPTAIFLTTLSRTSKKRSWPLNEAIMAVGMVSILASSLLKNDIPMTGPLVAGGPLTVCYVLTGRSADLELERAADVKWEDQAEISGSSPILSITISEDGSMSIKNEEEEQTLTILIRTGLLVISGLFPVSIPITAAAWYLWEVKKQRAGVLWDVPSPP,0
264,EEGICGIRSVTRLENLMWKQITPELNHILSENEVKLTIMTGDIKGIMQAGKRSLRPQPTELKYSWKTWGKAKMLSTESHNQTFLIDGPETAECPNTNRAWNSLEVEDYGFGVFTTNIWLKLKEKQDVFCDSKLMSAAIKDNRAVHADMGYWIESALNDTW,0
265,TGKIRKDIQQWEPSRGWNDWTQVPFCSHHFHELIMKDGRVLVVPCRNQDELIGRARISQGAGWSLRETACLGKSYDQMWSLMYFHRRDLRLAANAICSAVPSHWVPTSRTTWSIHAKHEWMTTEDMLTVWNRVWIQENPWMEDKTPVESWEEIPYLGKRE,0
266,RGWNDWTQVPFCSHHFHELIMKDGRVLVVPCRNQDELIGRARISQGAGWSLRETACLGKSYDQMWSLMYFHRRDLRLAANAICSAVPSHWVPTSRTTWSIHAKHEWMTTEDMLTVWNRVWIQENPWMEDKTPVESWEEIPYLGKREDQWCGSLIGLTSRA,0
267,ECPNTNRAWNSLEVEDYGFGVFTTNIWLKLKEKQDVFCDSKLMSAAIKDNRAVHADMGYWIESALNDTWKIEKASFIEVKNCHWPKSHTLWSNGVLESEMIIPKNLAGPVSQHNYRPGYHTQITGPWHLGKLEMDFDFCDGTTVVVTEDCGNRGPSLRTT,0
268,YGGGWKLEGEWKEGEEVQVLALEPGKNPRAVQTKPGLFKTNAGTIGAVSLDFSPGTSGSPIIDKKGKVVGLYGNGVVTRSGAYVSAIAQTEKSIEDNPEIEDDIFRKRRLTIMDLHPGAGKTKRYLPAIVREAIKRGLRTLILAPTRVVAAEMEEALRGL,0
269,TVLMGLGKGWPLSKMDIGVPLLAIGCYSQVNPTTLTAALFLLVAHYAIIGPALQAKASREAQKRAAAGIMKNPTVDGITVIDLDPIPYDPKFEKQLGQVMLLVLCVTQVLMMRTTWALCEVLTLATGPISTLWEGNPGRFWNTTIAVSMANIFRGSYLAG,0
270,AFSGVSWTMKILIGVIITWIGMNSRSTSLSVTLVLVGIVTLYLGVMVQADSGCVVSWKNKELKCGSGIFITDNVHTWTEQYKFQPESPSKLASAIQKAHEEGICGIRSVTRLENLMWKQITPELNHILSENEVKLTIMTGDIKGIMQAGKRSLRPQPTEL,0
271,RMLMVILLSQVLLGGTNYASLIPDTGKKKVAADIQGGGRRSPQSNELLRDFEVTLLQMFGLRKRPQPSKDVVVPAYMRDLYRLQSAEEEDELHDISMEYPETPTSRANTVRSFHHEEHLENLPGTEENGNFRFVFNLSSIPENEVISSAELRLYREQIDH,0
272,DTRSGNCYLDIRPRGDNGDTACSNEIGVGVSKASCCCSLGKAWGTPCEMCPAVNTSEYKILCPGGEGFRPNPITVILEDIDECQELPGLCQGGKCINTFGSFQCRCPTGYYLNEDTRVCDDVNECETPGICGPGTCYNTVGNYTCICPPDYMQVNGGNNC,0
273,EKQMECKNLIGTYMCICGPGYQRRPDGEGCVDENECQTKPGICENGRCLNTRGSYTCECNDGFTASPNQDECLDNREGYCFTEVLQNMCQIGSSNRNPVTKSECCCDGGRGWGPHCEICPFQGTVAFKKLCPHGRGFMTNGADIDECKVIHDVCRNGECV,0
274,FGAVTKSECCCASTEYAFGEPCQPCPAQNSAEYQALCSSGPGMTSAGSDINECALDPDICPNGICENLRGTYKCICNSGYEVDSTGKNCVDINECVLNSLLCDNGQCRNTPGSFVCTCPKGFIYKPDLKTCEDIDECESSPCINGVCKNSPGSFICECSS,0
275,YHSTPDRLFCVDIDECSIMNGGCETFCTNSEGSYECSCQPGFALMPDQRSCTDIDECEDNPNICDGGQCTNIPGEYRCLCYDGFMASEDMKTCVDVNECDLNPNICLSGTCENTKGSFICHCDMGYSGKKGKTGCTDINECEIGAHNCGKHAVCTNTAGS,0
276,IGRAWNKPCEQCPIPSTDEFATLCGSQRPGFVIDIYTGLPVDIDECREIPGVCENGVCINMVGSFRCECPVGFFYNDKLLVCEDIDECQNGPVCQRNAECINTAGSYRCDCKPGYRFTSTGQCNDRNECQEIPNICSHGQCIDTVGSFYCLCHTGFKTND,0
277,GPCFTVISNQMCQGQLSGIVCTKTLCCATVGRAWGHPCEMCPAQPHPCRRGFIPNIRTGACQDVDECQAIPGLCQGGNCINTVGSFECKCPAGHKLNEVSQKCEDIDECSTIPGICEGGECTNTVSSYFCKCPPGFYTSPDGTRCIDVRPGYCYTALTNG,0
278,YRCECPFGYILAGNECVDTDECSVGNPCGNGTCKNVIGGFECTCEEGFEPGPMMTCEDINECAQNPLLCAFRCVNTYGSYECKCPVGYVLREDRRMCKDEDECEEGKHDCTEKQMECKNLIGTYMCICGPGYQRRPDGEGCVDENECQTKPGICENGRCL,0
279,SREPPRVLPVNVTDYCQLVRYLCQNGRCIPTPGSYRCECNKGFQLDLRGECIDVDECEKNPCAGGECINNQGSYTCQCRAGYQSTLTRTECRDIDECLQNGRICNNGRCINTDGSFHCVCNAGFHVTRDGKNCEDMDECSIRNMCLNGMCINEDGSFKCI,0
280,CLCPEGFSLSSSGRRCQDLRMSYCYAKFEGGKCSSPKSRNHSKQECCCALKGEGWGDPCELCPTEPDEAFRQICPYGSGIIVGPDDSAVDMDECKEPDVCKHGQCINTDGSYRCECPFGYILAGNECVDTDECSVGNPCGNGTCKNVIGGFECTCEEGFE,0
281,GCLNGGRCVAPNRCACTYGFTGPQCERDYRTGPCFTVISNQMCQGQLSGIVCTKTLCCATVGRAWGHPCEMCPAQPHPCRRGFIPNIRTGACQDVDECQAIPGLCQGGNCINTVGSFECKCPAGHKLNEVSQKCEDIDECSTIPGICEGGECTNTVSSYF,0
282,EDIPVAQTKNINHRRFAASFRLQEVTKTDQDLYRCVTQSERGSGVSNFAQLIVREPPRPIAPPQLLGVGPTYLLIQLNANSIIGDGPIILKEVEYRMTSGSWTETHAVNAPTYKLWHLDPDTEYEIRVLLTRPGEGGTGLPGPPLITRTKCAEPMRTPKT,0
283,NANSIIGDGPIILKEVEYRMTSGSWTETHAVNAPTYKLWHLDPDTEYEIRVLLTRPGEGGTGLPGPPLITRTKCAEPMRTPKTLKIAEIQARRIAVDWESLGYNITRCHTFNVTICYHYFRGHNESRADCLDMDPKAPQHVVNHLPPYTNVSLKMILTNP,0
284,LNSVTPRLQAEDCSIACLPRNHDKNRFMDMLPPDRCLPFLITIDGESSNYINAALMDSYRQPAAFIVTQYPLPNTVKDFWRLVYDYGCTSIVMLNEVDLSQGCPQYWPEEGMLRYGPIQVECMSCSMDCDVINRIFRICNLTRPQEGYLMVQQFQYLGWA,0
285,ASWDVAKKDQNRAKNRYGNIIAYDHSRVILQPVEDDPSSDYINANYIDIWLYRDGYQRPSHYIATQGPVHETVYDFWRMVWQEQSACIVMVTNLVEVGRVKCYKYWPDDTEVYGDFKVTCVEMEPLAEYVVRTFTLERRGYNEIREVKQFHFTGWPDHGV,0
286,PLAEYVVRTFTLERRGYNEIREVKQFHFTGWPDHGVPYHATGLLSFIRRVKLSNPPSAGPIVVHCSAGAGRTGCYIVIDIMLDMAEREGVVDIYNCVKALRSRRINMVQTEEQYIFIHDAILEACLCGETAIPVCEFKAAYFDMIRIDSQTNSSHLKDEF,0
287,GPPREPKEPFRPPPITPHEYMLSLYRTLSDADRKGGNSSVKLEAGLANTITSFIDKGQDDRGPVVRKQRYVFDISALEKDGLLGAELRILRKKPSDTAKPAAPGGGRAAQLKLSSCPSGRQPAALLDVRSVPGLDGSGWEVFDIWKLFRNFKNSAQLCLE,0
288,LLTFLLWYLAWLDLEFICTVLGAPDLGQRPQGTRPGLAKAEAKERPPLARNVFRPGGHSYGGGATNANARAKGGTGQTGGLTQPKKDEPKKLPPRPGGPEPKPGHPPQTRQATARTVTPKGQLPGGKAPPKAGSVPSSFLLKKAREPGPPREPKEPFRPP,0
289,RGLPTDKIDAALFWMPNGKTYFFRGNKYYRFNEELRAVDSEYPKNIKVWEGIPESPRGSFMGSDEVFTYFYKGNKYWKFNNQKLKVEPGYPKSALRDWMGCPSGGRPDEGTEEETEVIIIEVDEEGGGAVSAAAVVLPVLLLLLVLAVGLAVFFFRRHGT,0
290,GESGFPTKMPPQPRTTSRPSVPDKPKNPTYGPNICDGNFDTVAMLRGEMFVFKERWFWRVRNNQVMDGYPMPIGQFWRGLPASINTAYERKDGKFVFFKGDKHWVFDEASLEPGYPKHIKELGRGLPTDKIDAALFWMPNGKTYFFRGNKYYRFNEELRA,0
291,LPNDDLQGIQKIYGPPDKIPPPTRPLPTVPPHRSIPPADPRKNDRPKPPRPPTGRPSYPGAKPNICDGNFNTLAILRREMFVFKDQWFWRVRNNRVMDGYPMQITYFWRGLPPSIDAVYENSDGNFVFFKGNKYWVFKDTTLQPGYPHDLITLGSGIPPH,0
292,TNLRLPKKVFEAAVKSIKAASSTEKFPDGFWLGEQLVCWQAGTTPWNIFPVISLYLMGEVTNQSFRITILPQQYLRPVEDVATSQDDCYKFAVSQSSTGTVMGAVIMEGFYVVFDRARKRIGFAVSACHVHDEFRTAAVEGPFVTADMEDCGYNIPQTDE,0
293,QAGTTPWNIFPVISLYLMGEVTNQSFRITILPQQYLRPVEDVATSQDDCYKFAVSQSSTGTVMGAVIMEGFYVVFDRARKRIGFAVSACHVHDEFRTAAVEGPFVTADMEDCGYNIPQTDESTLMTIAYVMAAICALFMLPLCLMVCQWRCLRCLRHQHD,0
294,KCSRNCSGGFKIREIQCVDSRDHRNLRPFHCQFLAGIPPPLSMSCNPEPCEAWQVEPWSQCSRSCGGGVQERGVFCPGGLCDWTKRPTSTMSCNEHLCCHWATGNWDLCSTSCGGGFQKRTVQCVPSEGNKTEDQDQCLCDHKPRPPEFKKCNQQACKKS,0
295,EKMLDAVIDGTPCFEGGNSRNVCINGICKMVGCDYEIDSNATEDRCGVCLGDGSSCQTVRKMFKQKEGSGYVDIGLIPKGARDIRVMEIEGAGNFLAIRSEDPEKYYLNGGFIIQWNGNYKLAGTVFQYDRKGDLEKLMATGPTNESVWIQLLFQVTNPG,0
296,HDVAVLLTRKDICAGFNRPCETLGLSHLSGMCQPHRSCNINEDSGLPLAFTIAHELGHSFGIQHDGKENDCEPVGRHPYIMSRQLQYDPTPLTWSKCSEEYITRFLDRGWGFCLDDIPKKKGLKSKVIAPGVIYDVHHQCQLQYGPNATFCQEVENVCQT,0
297,RFLDRGWGFCLDDIPKKKGLKSKVIAPGVIYDVHHQCQLQYGPNATFCQEVENVCQTLWCSVKGFCRSKLDAAADGTQCGEKKWCMAGKCITVGKKPESIPGGWGRWSPWSHCSRTCGAGVQSAERLCNNPEPKFGGKYCTGERKRYRLCNVHPCRSEAP,0
298,LKPKTLLSCNRDILCPSDWTVGNWSECSVSCGGGVRIRSVTCAKNHDEPCDVTRKPNSRALCGLQQCPSSRRVLKPNKGTISNGKNPPTLKPVPPPTSRPRMLTTPTGPESMSTSTPAISSPSPTTASKEGDLGGKQWQDSSTQPELSSRYLISTGSTSQ,0
299,GCDYEIDSNATEDRCGVCLGDGSSCQTVRKMFKQKEGSGYVDIGLIPKGARDIRVMEIEGAGNFLAIRSEDPEKYYLNGGFIIQWNGNYKLAGTVFQYDRKGDLEKLMATGPTNESVWIQLLFQVTNPGIKYEYTIQKDGLDNDVEQQMYFWQYGHWTEC,0
300,PSEENVSSSDTGPTSEGGLVATTTSGSGLSSSRNPITWPVTPFYNTLTKGPEMEIHSGSGEEREQPEDKDESNPVIWTKIRVPGNDAPVESTEMPLAPPLTPDLSRESWWPPFSTVMEGLLPSQRPTTSETGTPRVEGMVTEKPANTLLPLGGDHQPEPS,0
301,MNQTKSSEPVLTEEDATSLITEGFLLNASNYKQLTNGHGSAHWIVGNWSECSTTCGLGAYWRRVECSTQMDSDCAAIQRPDPAKRCHLRPCAGWKVGNWSKCSRNCSGGFKIREIQCVDSRDHRNLRPFHCQFLAGIPPPLSMSCNPEPCEAWQVEPWSQ,0
302,DESNPVIWTKIRVPGNDAPVESTEMPLAPPLTPDLSRESWWPPFSTVMEGLLPSQRPTTSETGTPRVEGMVTEKPANTLLPLGGDHQPEPSGKTANRNHLKLPNNMNQTKSSEPVLTEEDATSLITEGFLLNASNYKQLTNGHGSAHWIVGNWSECSTTC,0
303,RPRMLTTPTGPESMSTSTPAISSPSPTTASKEGDLGGKQWQDSSTQPELSSRYLISTGSTSQPILTSQSLSIQPSEENVSSSDTGPTSEGGLVATTTSGSGLSSSRNPITWPVTPFYNTLTKGPEMEIHSGSGEEREQPEDKDESNPVIWTKIRVPGNDA,0
304,EGGNSRNVCINGICKMVGCDYEIDSNATEDRCGVCLGDGSSCQTVRKMFKQKEGSGYVDIGLIPKGARDIRVMEIEGAGNFLAIRSEDPEKYYLNGGFIIQWNGNYKLAGTVFQYDRKGDLEKLMATGPTNESVWIQLLFQVTNPGIKYEYTIQKDGLDN,0
305,LYAGHLQGQAGSSHVAVSTCGGLHGLIVADDEEYLIEPLQGGPKGHRGPEESGPHVVYKRSSLRHPHLDTACGVRDEKPWKGRPWWLRTLKPPPARPLGNESERGQLGLKRSVSRERYVETLVVADKMMVAYHGRRDVEQYVLAIMNIVAKLFQDSSLGN,0
306,LRHPHLDTACGVRDEKPWKGRPWWLRTLKPPPARPLGNESERGQLGLKRSVSRERYVETLVVADKMMVAYHGRRDVEQYVLAIMNIVAKLFQDSSLGNIVNILVTRLILLTEDQPTLEITHHAGKSLDSFCKWQKSIVSHSGHGNAIPENGVANHDTAVL,0
307,CPEDAFQENGTPCSGGYCYNGACPTLAQQCQAFWGPGGQAAEESCFSYDILPGCKASRYRADMCGVLQCKGGQQPLGRAICIVDVCHALTTEDGTAYEPVPEGTRCGPEKVCWKGRCQDLHVYRSSNCSAQCHNHGVCNHKQECHCHAGWAPPHCAKLLT,0
308,DGTAYEPVPEGTRCGPEKVCWKGRCQDLHVYRSSNCSAQCHNHGVCNHKQECHCHAGWAPPHCAKLLTEVHAASGSLPVFVVVVLVLLAVVLVTLAGIIVYRKARSRILSRNVAPKTTMGRSNPLFHQAASRVPAKGGAPAPSRGPQELVPTTHPGQPAR,0
309,EVHAASGSLPVFVVVVLVLLAVVLVTLAGIIVYRKARSRILSRNVAPKTTMGRSNPLFHQAASRVPAKGGAPAPSRGPQELVPTTHPGQPARHPASSVALKRPPPAPPVTVSSPPFPVPVYTRQAPKQVIKPTFAPPVPPVKPGAGAANPGPAEGAVGPK,0
310,KVPLGSRKQKPCSDMGDVQRAARSRGSLSAHMLLLLLASITMLLCARGAHGRPTEEDEELVLPSLERAPGHDSTTTRLRLDAFGQQLHLKLQPDSGFLAPGFTLQTVGRSPGSEAQHLDPTGDLAHCFYSGTVNGDPGSAAALSLCEGVRGAFYLQGEEF,0
311,TLYDANRQCQFTFGEESKHCPDAASTCTTLWCTGTSGGLLVCQTKHFPWADGTSCGEGKWCVSGKCVNKTDMKHFATPVHGSWGPWGPWGDCSRTCGGGVQYTMRECDNPVPKNGGKYCEGKRVRYRSCNIEDCPDNNGKTFREEQCEAHNEFSKASFGN,0
312,GEGKWCVSGKCVNKTDMKHFATPVHGSWGPWGPWGDCSRTCGGGVQYTMRECDNPVPKNGGKYCEGKRVRYRSCNIEDCPDNNGKTFREEQCEAHNEFSKASFGNEPTVEWTPKYAGVSPKDRCKLTCEAKGIGYFFVLQPKVVDGTPCSPDSTSVCVQG,0
313,MPNACQNGGTCHNTHGGYNCVCVNGWTGEDCSENIDDCASAACFQGATCHDRVASFYCECPHGRTGLLCHLNDACISNPCNEGSNCDTNPVNGKAICTCPSGYTGPACSQDVDECALGANPCEHAGKCLNTLGSFECQCLQGYTGPRCEIDVNECISNPC,0
314,PTCLSEVNECNSNPCIHGACRDGLNGYKCDCAPGWSGTNCDINNNECESNPCVNGGTCKDMTSGYVCTCREGFSGPNCQTNINECASNPCLNQGTCIDDVAGYKCNCPLPYTGATCEVVLAPCATSPCKNSGVCKESEDYESFSCVCPTGWQGQTCEVDI,0
315,YCHCQAGYTGSYCEDEVDECSPNPCQNGATCTDYLGGFSCKCVAGYHGSNCSEEINECLSQPCQNGGTCIDLTNSYKCSCPRGTQGVHCEINVDDCHPPLDPASRSPKCFNNGTCVDQVGGYTCTCPPGFVGERCEGDVNECLSNPCDPRGTQNCVQRVN,0
316,GFICRCPAGFEGATCENDARTCGSLRCLNGGTCISGPRSPTCLCLGSFTGPECQFPASSPCVGSNPCYNQGTCEPTSENPFYRCLCPAKFNGLLCHILDYSFTGGAGRDIPPPQIEEACELPECQVDAGNKVCNLQCNNHACGWDGGDCSLNFNDPWKNC,0
317,AFEPPPPRLSHLPVASSASTVLSTNGTGAMNFTVGAPASLNGQCEWLPRLQNGMVPSQYNPLRPGVTPGTLSTQAAGLQHSMMGPLHSSLSTNTLSPIIYQGLPNTRLATQPHLVQTQQVQPQNLQLQPQNLQPPSQPHLSVSSAANGHLGRSFLSGEPS,0
318,HLGISHLNVAAKPEMAALAGGSRLAFEPPPPRLSHLPVASSASTVLSTNGTGAMNFTVGAPASLNGQCEWLPRLQNGMVPSQYNPLRPGVTPGTLSTQAAGLQHSMMGPLHSSLSTNTLSPIIYQGLPNTRLATQPHLVQTQQVQPQNLQLQPQNLQPPS,0
319,CSPNGYLGNLKSATQGKKARKPSTKGLACGSKEAKDLKARRKKSQDGKGCLLDSSSMLSPVDSLESPHGYLSDVASPPLLPSPFQQSPSMPLSHLPGMPDTHLGISHLNVAAKPEMAALAGGSRLAFEPPPPRLSHLPVASSASTVLSTNGTGAMNFTVG,0
320,EDLETKKFRFEEPVVLPDLSDQTDHRQWTQQHLDAADLRMSAMAPTPPQGEVDADCMDVNVRGPDGFTPLMIASCSGGGLETGNSEEEEDAPAVISDFIYQGASLHNQTDRTGETALHLAARYSRSDAAKRLLEASADANIQDNMGRTPLHAAVSADAQG,0
321,RDGSNVIVTERVIAPSSSLPTSLTIHHPRESSNVVVTERVIQPTSGMIGSLSMHPELANAHNVIVTERVVSGAGVTGISGTTGISGGIGSSGLVGTSMGAGSGALSGAGISGGGIGLSSLGGTASIGHMRSSSDHHFNQTIGSASPSTARSRITKYSTVQ,0
322,MSAECECNIKILDVNDNIPYMEQSSYTIEIQENTLNSNLLEIRVIDLDEEFSANWMAVIFFISGNEGNWFEIEMNERTNVGILKVVKPLDYEAMQSLQLSIGVRNKAEFHHSIMSQYKLKASAISVTVLNVIEGPVFRPGSKTYVVTGNMGSNDKVGDFV,0
323,DNSGVYTNEYGGREMQDLGGGERMTGFELTEGVKTSGMPEICQEYSGTLRRNSMRECREGGLNMNFMESYFCQKAYAYADEDEGRPSNDCLLIYDIEGVGSPAGSVGCCSFIGEDLDDSFLDTLGPKFKKLADISLGKESYPDLDPSWPPQSTEPVCLPQ,0
324,TERVVGPISGADLHGMLEMPDLRDGSNVIVTERVIAPSSSLPTSLTIHHPRESSNVVVTERVIQPTSGMIGSLSMHPELANAHNVIVTERVVSGAGVTGISGTTGISGGIGSSGLVGTSMGAGSGALSGAGISGGGIGLSSLGGTASIGHMRSSSDHHFN,0
325,SGHPPISPHFGTTTVISESTYPSGPGVLHPKPILDPLGYGNVTVTESYTTSDTLKPSVHVHDNRPASNVVVTERVVGPISGADLHGMLEMPDLRDGSNVIVTERVIAPSSSLPTSLTIHHPRESSNVVVTERVIQPTSGMIGSLSMHPELANAHNVIVTE,0
326,YEAGEWAENCYNLEIKKPDGSECLPAAPDGIRGFPRCRYVHKVSGTGPCAGDFAFHKEGAFFLYDRLASTVIYRGTTFAEGVVAFLILPQAKKDFFSSHPLREPVNATEDPSSGYYSTTIRYQATGFGTNETEYLFEVDNLTYVQLESRFTPQFLLQLNE,0
327,KVSGTGPCAGDFAFHKEGAFFLYDRLASTVIYRGTTFAEGVVAFLILPQAKKDFFSSHPLREPVNATEDPSSGYYSTTIRYQATGFGTNETEYLFEVDNLTYVQLESRFTPQFLLQLNETIYTSGKRSNTTGKLIWKVNPEIDTTIGEWAFWETKKNLTR,0
328,PDGSDEAPEICPQSKAQRCQPNEHNCLGTELCVPMSRLCNGVQDCMDGSDEGPHCRELQGNCSRLGCQHHCVPTLDGPTCYCNSSFQLQADGKTCKDFDECSVYGTCSQLCTNTDGSFICGCVEGYLLQPDNRSCKAKNEPVDRPPVLLIANSQNILATY,0
329,PNDKSDALVPVSGTSLAVGIDFHAENDTIYWVDMGLSTISRAKRDQTWREDVVTNGIGRVEGIAVDWIAGNIYWTDQGFDVIEVARLNGSFRYVVISQGLDKPRAITVHPEKGYLFWTEWGQYPRIERSRLDGTERVVLVNVSISWPNGISVDYQDGKLY,0
330,GNSSRCNQFVDCEDASDEMNCSATDCSSYFRLGVKGVLFQPCERTSLCYAPSWVCDGANDCGDYSDERDCPGVKRPRCPLNYFACPSGRCIPMSWTCDKEDDCEHGEDETHCNKFCSEAQFECQNHRCISKQWLCDGSDDCGDGSDEAAHCEGKTCGPSS,0
331,SDEESCTPRPCSESEFSCANGRCIAGRWKCDGDHDCADGSDEKDCTPRCDMDQFQCKSGHCIPLRWRCDADADCMDGSDEEACGTGVRTCPLDEFQCNNTLCKPLAWKCDGEDDCGDNSDENPEECARFVCPPNRPFRCKNDRVCLWIGRQCDGTDNCGD,0
332,SINRAHKTTGTNKTLLISTLHRPMDLHVFHALRQPDVPNHPCKVNNGGCSNLCLLSPGGGHKCACPTNFYLGSDGRTCVSNCTASQFVCKNDKCIPFWWKCDTEDDCGDHSDEPPDCPEFKCRPGQFQCSTGICTNPAFICDGDNDCQDNSDEANCDIHV,0
333,YLSGAQVSTITPTSTRQTTAMDFSYANETVCWVHVGDSAAQTQLKCARMPGLKGFVDEHTINISLSLHHVEQMAIDWLTGNFYFVDDIDDRIFVCNRNGDTCVTLLDLELYNPKGIALDPAMGKVFFTDYGQIPKVERCDMDGQNRTKLVDSKIVFPHGI,0
334,DESIQLDHKGTNPCSVNNGDCSQLCLPTSETTRSCMCTAGYSLRSGQQACEGVGSFLLYSVHEGIRGIPLDPNDKSDALVPVSGTSLAVGIDFHAENDTIYWVDMGLSTISRAKRDQTWREDVVTNGIGRVEGIAVDWIAGNIYWTDQGFDVIEVARLNG,0
335,PPQCQPGEFACANSRCIQERWKCDGDNDCLDNSDEAPALCHQHTCPSDRFKCENNRCIPNRWLCDGDNDCGNSEDESNATCSARTCPPNQFSCASGRCIPISWTCDLDDDCGDRSDESASCAYPTCFPLTQFTCNNGRCININWRCDNDNDCGDNSDEAG,0
336,MEIRGVDLDAPYYNYIISFTVPDIDNVTVLDYDAREQRVYWSDVRTQAIKRAFINGTGVETVVSADLPNAHGLAVDWVSRNLFWTSYDTNKKQINVARLDGSFKNAVVQGLEQPHGLVVHPLRGKLYWTDGDNISMANMDGSNRTLLFSGQKGPVGLAID,0
337,DWVRRAVQRANKHVGSNMKLLRVDIPQQPMGIIAVANDTNSCELSPCRINNGGCQDLCLLTHQGHVNCSCRGGRILQDDLTCRAVNSSCRAQDEFECANGECINFSLTCDGVPHCKDKSDEKPSYCNSRRCKKTFRQCSNGRCVSNMLWCNGADDCGDGS,0
338,LFWTSYDTNKKQINVARLDGSFKNAVVQGLEQPHGLVVHPLRGKLYWTDGDNISMANMDGSNRTLLFSGQKGPVGLAIDFPESKLYWISSGNHTINRCNLDGSGLEVIDAMRSQLGKATALAIMGDKLWWADQVSEKMGTCSKADGSGSVVLRNSTTLVM,0
339,LSHPFAVTLYGGEVYWTDWRTNTLAKANKWTGHNVTVVQRTNTQPFDLQVYHPSRQPMAPNPCEANGGQGPCSHLCLINYNRTVSCACPHLMKLHKDNTTCYEFKKFLLYARQMEIRGVDLDAPYYNYIISFTVPDIDNVTVLDYDAREQRVYWSDVRTQ,0
340,NREVVLSSNNMDMFSVSVFEDFIYWSDRTHANGSIKRGSKDNATDSVPLRTGIGVQLKDIKVFNRDRQKGTNVCAVANGGCQQLCLYRGRGQRACACAHGMLAEDGASCREYAGYLLYSERTILKSIHLSDERNLNAPVQPFEDPEHMKNVIALAFDYRA,0
341,MNCSATDCSSYFRLGVKGVLFQPCERTSLCYAPSWVCDGANDCGDYSDERDCPGVKRPRCPLNYFACPSGRCIPMSWTCDKEDDCEHGEDETHCNKFCSEAQFECQNHRCISKQWLCDGSDDCGDGSDEAAHCEGKTCGPSSFSCPGTHVCVPERWLCDG,0
342,NGGCSHNCSVAPGEGIVCSCPLGMELGPDNHTCQIQSYCAKHLKCSQKCDQNKFSVKCSCYEGWVLEPDGESCRSLDPFKPFIIFSNRHEIRRIDLHKGDYSVLVPGLRNTIALDFHLSQSALYWTDVVEDKIYRGKLLDNGALTSFEVVIQYGLATPEG,0
343,NVQVLHRTGLSNPDGLAVDWVGGNLYWCDKGRDTIEVSKLNGAYRTVLVSSGLREPRALVVDVQNGYLYWTDWGDHSLIGRIGMDGSSRSVIVDTKITWPNGLTLDYVTERIYWADAREDYIEFASLDGSNRHVVLSQDIPHIFALTLFEDYVYWTDWET,0
344,CANNSTCTVNQGNQPQCRCLPGFLGDRCQYRQCSGYCENFGTCQMAADGSRQCRCTAYFEGSRCEVNKCSRCLEGACVVNKQSGDVTCNCTDGRVAPSCLTCVGHCSNGGSCTMNSKMMPECQCPPHMTGPRCEEHVFSQQQPGHIASILIPLLLLLLLV,0
345,VAPSCLTCVGHCSNGGSCTMNSKMMPECQCPPHMTGPRCEEHVFSQQQPGHIASILIPLLLLLLLVLVAGVVFWYKRRVQGAKGFQHQRMTNGAMNVEIGNPTYKMYEGGEPDDVGGLLDADFALDPDKPTNFTNPVYATLYMGGHGSRHSLASTDEKRE,0
346,DKCELDQCWEHCRNGGTCAASPSGMPTCRCPTGFTGPKCTQQVCAGYCANNSTCTVNQGNQPQCRCLPGFLGDRCQYRQCSGYCENFGTCQMAADGSRQCRCTAYFEGSRCEVNKCSRCLEGACVVNKQSGDVTCNCTDGRVAPSCLTCVGHCSNGGSCT,0
347,TQTQAVRGRGSRATDGALRPMPTAPRQDYIFYLEPERLESGKGKCPYDPKLDTASALINEELYAGVYIDFMGTDAAIFRTLGKQTAMRTDQYNSRWLNDPSFIHAELIPDSAERNDDKLYFFFRERSAEAPQSPAVYARIGRICLNDDGGHCCLVNKWST,0
348,RLPSLPPMAAFCGNMFVEPGEQCDCGFLDDCVDPCCDSLTCQLRPGAQCASDGPCCQNCQLRPSGWQCRPTRGDCDLPEFCPGDSSQCPPDVSLGDGEPCAGGQAVCMHGRCASYAQQCQSLWGPGAQPAAPLCLQTANTRGNAFGSCGRNPSGSYVSCT,0
349,SIRDLLWETIDVNGTELNCSWVHLDLGSDVAQPLLTLPGTACGPGLVCIDHRCQRVDLLGAQECRSKCHGHGVCDSNRHCYCEEGWAPPDCTTQLKATSSLTTGLLLSLLVLLVLVMLGASYWYRARLHQRLCQLKGPTCQYRAAQSGPSERPGPPQRAL,0
350,SSLGVVAKPSQVLEGEAVGIKSFGYSLSGSLDMDGNQYPDLLVGSLADTAVLFRARPILHVSHEVSIAPRSIDLEQPNCAGGHSVCVDLRVCFSYIAVPSSYSPTVALDYVLDADTDRRLRGQVPRVTFLSRNLEEPKHQASGTVWLKHQHDRVCGDAMF,0
351,HLDDGPYEAGGEKEQDPRLIPVPANSYFGLLFVTNIDSSDPDQLVYKTLDPADRLPGPAGDLALNSYLGFSIDSGKGLVRAEELSFVAGAPRANHKGAVVILRKDSASRLVPEVMLSGERLTSGFGYSLAVADLNSDGWPDLIVGAPYFFERQEELGGAV,0
352,NIDSSDPDQLVYKTLDPADRLPGPAGDLALNSYLGFSIDSGKGLVRAEELSFVAGAPRANHKGAVVILRKDSASRLVPEVMLSGERLTSGFGYSLAVADLNSDGWPDLIVGAPYFFERQEELGGAVYVYLNQGGHWAGISPLRLCGSPDSMFGISLAVLG,0
353,STQRAEIHFLKQGCGEDKICQSNLQLVRARFCTRVSDTEFQPLPMDVDGTTALFALSGQPVIGLELMVTNLPSDPAQPQADGDDAHEAQLLVMLPDSLHYSGVRALDPAEKPLCLSNENASHVECELGNPMKRGAQVTFYLILSTSGISIETTELEVELL,0
354,YHGSSLGVVAKPSQVLEGEAVGIKSFGYSLSGSLDMDGNQYPDLLVGSLADTAVLFRARPILHVSHEVSIAPRSIDLEQPNCAGGHSVCVDLRVCFSYIAVPSSYSPTVALDYVLDADTDRRLRGQVPRVTFLSRNLEEPKHQASGTVWLKHQHDRVCGD,0
355,ARANYQNGKNNVPRLKLSYKEMLESNNVITFNGLANSSSYHTFLLDEERSRLYVGAKDHIFSFDLVNIKDFQKIVWPVSYTRRDECKWAGKDILKECANFIKVLKAYNQTHLYACGTGAFHPICTYIEIGHHPEDNIFKLENSHFENGRGKSPYDPKLLT,0
356,YNCTTTHTLLDHCTFEKANICGMIQGTRDDTDWAHQDSAQAGEVDHTLLGQCTGAGYFMQFSTSSGSAEEAALLESRILYPKRKQQCLQFFYKMTGSPSDRLVVWVRRDDSTGNVRKLVKVQTFQGDDDHNWKIAHVVLKEEQKFRYLFQGTKGDPQNST,0
357,SFNKNASVPTITAKIPEFNSIIGQRLDFSAIDLERLNRMYNCTTTHTLLDHCTFEKANICGMIQGTRDDTDWAHQDSAQAGEVDHTLLGQCTGAGYFMQFSTSSGSAEEAALLESRILYPKRKQQCLQFFYKMTGSPSDRLVVWVRRDDSTGNVRKLVKV,0
358,SGNKFSSQVLTNGCVGTSTEVNYLEHVQARISLTHSQRGSVVIYLTSPSGTRSKVLPARSNDVAPGGFDNWPLLSVHFWGENPRGTWTLEIEEANMYNRRSSGGKLASWSLVLHGTRVKPVRLLNETSPATTTKTTAATTSSTSTTTTKKPSTPKVEACH,0
359,SGDMCMPCDASCATCSGPALTECQSCHEGRHYHQLKDKHSVCNIECVDGFFYSTNSCLPCDVGCKHCESSALHCTACRKGYSLKDDKCVSQAAVVSVMFEHITLSIVLISVIVLLVVFIFMGLLYMYRNQLFFWSDRKMYGPVPREDEEAVVRLTYSDDF,0
360,RGVSQGRGGLGSIFVWASGNGGREHDSCNCDGYTNSIYTLSISSATQFGNVPWYSEACSSTLATTYSSGNQNEKQIVTTDLRQKCTESHTGTSAFAPLAAGIIALTLEANKNLTWRDMQHLVVRTSKPAHLNANDWATNGVGRKVSHSYGYGLLDAGAMV,0
361,LAGNYDPGASFDVNDQDPDPQPRYTQMNDNRHGTRCAGEVAAVANNGVCGVGVAYNARIGGVRMLDGEVTDAVEARSLGLNPNHIHIYSASWGPEDDGKTVDGPAHLAEEAFFRGVSQGRGGLGSIFVWASGNGGREHDSCNCDGYTNSIYTLSISSATQ,0
362,SPHRLGHNRLQREPQVKWLEQQVAKRRAKRDIYQEPTDPKFPQQWYLSGVTQRDLNVKEAWAQGYTGRGIVVSILDDGIEKNHPDLAGNYDPGASFDVNDQDPDPQPRYTQMNDNRHGTRCAGEVAAVANNGVCGVGVAYNARIGGVRMLDGEVTDAVEA,0
363,IGCKTLTSSQACVVCEEGFSLHQKNCVQHCPPGFAPQVLDTHYSTENDVEIIRASVCTPCHASCATCQGPAPTDCLSCPSHASLDPVEQTCSRQSQSSRESHQQQPPPPPRPPPAEVATEPRLRADLLPSHLPEVVAGLSCAFIVLVFVTVFLVLQLRSG,0
364,IKELPHQESRASQLQTLSDAHRKAYEIYHESYAFQGGKLSVVLRAEDIPELLLEPPISALAQDTVDFLSLDLSYECQNEASLRQKLSKLQTIEPKVKVFIFNLKLPDCPSTMKNPASLLFSLFEAINKDQVLTIGFDINEFLSCSSSSKKSMSCSLTGSL,0
365,PKVKVFIFNLKLPDCPSTMKNPASLLFSLFEAINKDQVLTIGFDINEFLSCSSSSKKSMSCSLTGSLALQPDQQQDHETTDSSPASAYQRIWEAFANQSRAERDAFLQDTFPEGFLWGASTGAFNVEGGWAEGGRGVSIWDPRRPLNTTEGQATLEVASD,0
366,RASQLQTLSDAHRKAYEIYHESYAFQGGKLSVVLRAEDIPELLLEPPISALAQDTVDFLSLDLSYECQNEASLRQKLSKLQTIEPKVKVFIFNLKLPDCPSTMKNPASLLFSLFEAINKDQVLTIGFDINEFLSCSSSSKKSMSCSLTGSLALQPDQQQD,0
367,QIEGAWRADGKGLSIWDTFSHTPLRVENDAIGDVACDSYHKIAEDLVTLQNLGVSHYRFSISWSRILPDGTTRYINEAGLNYYVRLIDTLLAASIQPQVTIYHWDLPQTLQDVGGWENETIVQRFKEYADVLFQRLGDKVKFWITLNEPFVIAYQGYGYG,0
368,ASIADRSWPDSGSFWLKMTPFGFRRILNWLKEEYNDPPIYVTENGVSQREETDLNDTARIYYLRTYINEALKAVQDKVDLRGYTVWSAMDNFEWATGFSERFGLHFVNYSDPSLPRIPKASAKFYASVVRCNGFPDPATGPHACLHQPDAGPTISPVRQE,0
369,MIPGNRMLMVVLLCQVLLGGASHASLIPETGKKKVAEIQGHAGGRRSGQSHELLRDFEATLLQMFGLRRRPQPSKSAVIPDYMRDLYRLQSGEEEEEQIHSTGLEYPERPASRANTVRSFHHEEHLENIPGTSENSAFRFLFNLSSIPENEVISSAELRL,0
370,SHPCCSPTCTLKEGAQCSEGLCCYNCTFKKKGSLCRPAEDVCDLPEYCDGSTQECPANSYMQDGTQCDRIYYCLGGWCKNPDKQCSRIYGYPARSAPEECYISVNTKANRFGNCGHPTSANFRYETCSDEDVFCGKLVCTDVRYLPKVKPLHSLLQVPYG,0
371,ECYISVNTKANRFGNCGHPTSANFRYETCSDEDVFCGKLVCTDVRYLPKVKPLHSLLQVPYGEDWCWSMDAYNITDVPDDGDVQSGTFCAPNKVCMEYICTGRGVLQYNCEPQEMCHGNGVCNNFKHCHCDAGFAPPDCSSPGNGGSVDSGPVGKPADRH,0
372,GLSLTLRTEQNDFIPLLSTVTGARVMVHGQDEPAFMDDGGFNVRPGVETSISMRKEALDSLGGNYGDCTENGSDVPVKNLYPSKYTQQVCIHSCFQENMIKKCGCAYIFYPKPKGVEFCDYLKQSSWGYCYYKLQAAFSLDSLGCFSKCRKPCSVTNYKL,0
373,FNVRPGVETSISMRKEALDSLGGNYGDCTENGSDVPVKNLYPSKYTQQVCIHSCFQENMIKKCGCAYIFYPKPKGVEFCDYLKQSSWGYCYYKLQAAFSLDSLGCFSKCRKPCSVTNYKLSAGYSRWPSVKSQDWIFEMLSLQNNYTINNKRNGVAKLNI,0
374,DHTRAPELNLDLDLDVSNSPKGSMKGNNFKEQDLCPPLPMQGLGKGDKREEQALGPEPSEPRQPTEEEEALIEFHRSYRELFQFFCNNTTIHGAIRLVCSKHNRMKTAFWAVLWLCTFGMMYWQFALLFEEYFSYPVSLNINLNSDKLVFPAVTVCTLNP,0
375,SLGGNYGDCTENGSDVPVKNLYPSKYTQQVCIHSCFQENMIKKCGCAYIFYPKPKGVEFCDYLKQSSWGYCYYKLQAAFSLDSLGCFSKCRKPCSVTNYKLSAGYSRWPSVKSQDWIFEMLSLQNNYTINNKRNGVAKLNIFFKELNYKTNSESPSVTMV,0
376,VDFIPNQLAPRPSPASSPKPVSISNAIDEEELDPPGPVFVDDFYYDYNFINFHEDLSYGSFEEPHPDLVDNGGWTAPPHIRPTESPSDTPVPTAGALGAEAEDIQGSWSPSPLLSEASYSPPGLEQTSINPLANFLTEEDTPMGAPELGFPSLPWPPASV,0
377,QYPMYIVDTGASGSGSSSPELFNEVDFIPNQLAPRPSPASSPKPVSISNAIDEEELDPPGPVFVDDFYYDYNFINFHEDLSYGSFEEPHPDLVDNGGWTAPPHIRPTESPSDTPVPTAGALGAEAEDIQGSWSPSPLLSEASYSPPGLEQTSINPLANFL,0
378,VFQLSNEDYFIEPLDGVSAQPGHAQPHVVYKHQGSRKQAQQGDSRPSGTCGMQVPPDLEQQREHWEQQQQKRRQQRSVSKEKWVETLVVADSKMVEYHGQPQVESYVLTIMNMVAGLFHDPSIGNPIHISIVRLIILEDEEKDLKITHHAEETLKNFCRW,0
379,AEAEDIQGSWSPSPLLSEASYSPPGLEQTSINPLANFLTEEDTPMGAPELGFPSLPWPPASVDDMMTPVGPGNPDELLVKEDEQSPPSTPWSDRNKLSTDGNPLGHTSPALPQSPIPTQPSPPSISPTQASPSPDVVEVSTGWNAAWDPVLEADLKPGHG,0
380,CTLASRPQPARHCHLRPCAAWRTGNWSKCSRNCGGGSSTRDVQCVDTRDLRPLRPFHCQPGPTKPPNRQLCGTQPCLPWYTSSWRECSEACGGGEQQRLVTCPEPGLCEESLRPNNSRPCNTHPCTQWVVGPWGQCSAPCGGGVQRRLVRCVNTQTGLAE,0
381,KNFCRWQKNINIKGDDHPQHHDTAILLTRKDLCASMNQPCETLGLSHVSGLCHPQLSCSVSEDTGMPLAFTVAHELGHSFGIQHDGTGNDCESIGKRPFIMSPQLLYDRGIPLTWSRCSREYITRFLDRGWGLCLDDRPSKDVIALPSVLPGVLYDVNHQ,0
382,SQARGLLFSPAPQPRRLLPGPQENSVQSSACGRQHLEPTGTIDMRGPGQADCAVAIGRPLGEVVTLRVLESSLNCSAGDMLLLWGRLTWRKMCRKLLDMTFSSKTNTLVVRQRCGRPGGGVLLRYGSQLAPETFYRECDMQLFGPWGEIVSPSLSPATSN,0
383,SANEQCRVAFGPKAVACTFAREHLDMCQALSCHTDPLDQSSCSRLLVPLLDGTECGVEKWCSKGRCRSLVELTPIAAVHGRWSSWGPRSPCSRSCGGGVVTRRRQCNNPRPAFGGRACVGADLQAEMCNTQACEKTQLEFMSQQCARTDGQPLRSSPGGA,0
384,AGLAWSPCSRRQLLSLLSAGRARCVWDPPRPQPGSAGHPPDAQPGLYYSANEQCRVAFGPKAVACTFAREHLDMCQALSCHTDPLDQSSCSRLLVPLLDGTECGVEKWCSKGRCRSLVELTPIAAVHGRWSSWGPRSPCSRSCGGGVVTRRRQCNNPRPA,0
385,AQPGLYYSANEQCRVAFGPKAVACTFAREHLDMCQALSCHTDPLDQSSCSRLLVPLLDGTECGVEKWCSKGRCRSLVELTPIAAVHGRWSSWGPRSPCSRSCGGGVVTRRRQCNNPRPAFGGRACVGADLQAEMCNTQACEKTQLEFMSQQCARTDGQPL,0
386,AGQGYCQGGFSAEFTKTGRVVLGGPGSYFWQGQILSATQEQISESYYPEYLINPVQGQLQTRQASSVYDDSYLGYSVAVGEFSGDDTEDFVAGVPKGNLTYGYVTVLNGSDIHSLYNVSGEQMASYFGYAVAATDTNGDGLDDLLVGAPLLMERTADGRP,0
387,PPLQVGGFNLDAEAPAVLSGPPGSLFGFSVEFYRPGRDGVSVLVGAPKANTSQPGVLQGGAVYVCPWGTSPIQCTTIQFDSKGSRILESSLYSAKGEEPVEYKSLQWFGATVRAHGSSILACAPLYSWRTEKDPQNDPVGTCYLSTENFTRILEYAPCRS,0
388,GTCYLSTENFTRILEYAPCRSDFGSAAGQGYCQGGFSAEFTKTGRVVLGGPGSYFWQGQILSATQEQISESYYPEYLINPVQGQLQTRQASSVYDDSYLGYSVAVGEFSGDDTEDFVAGVPKGNLTYGYVTVLNGSDIHSLYNVSGEQMASYFGYAVAAT,0
389,LLNTQIYRVDSISYNIQNREWYIPLPSHIMTKGAFLGGADVKECIEAFSSYICPSDPGFVLNHEMESCLSGNISQCPRTLVKSDIVPRYAFVNGGVVANCITTTCTCNGIGNRINQPPDQGVKIITHKECNTIGINGMLFNTNKEGTLAFYTPNDITLNN,0
390,LNSSFTLLHLPHYFHGCGHAVYNNSLYYHKGGSNTIVRFEFGKETPQTLKLENALYFDRKYLFANSKTYFNIAVDEKGIWIIYASSVDGSSILVAQLDERTFSVTQHINTTYPKSKAGNAFIARGILYVTDTKDTRVTFAFDLLGGKQINANFDFRMSQS,0
391,FEFKREVGADGKVSYLLSARYNPNDPYASGYRAKDRLSMRISNVRFVIDNDSIKLGTPKVKKLAPLNSASFDLINESKTESKLSKTFNYTTSKTVSKTDNFKFGEKIGVKTSFKVGLEAIVDSKVETSFEFNAEQGWSNTNSTTETKQESTTYTATVSPQ,0
392,GLSGLPGADGPKGEKGESASDHLQESLAQIIVEPGPPGPPGPPGPMGLQGIQGPKGLDGAKGEKGTSGERGPHGLPGPVGPPGLIGLPGTKGEKGRPGEPGLDGFPGPRGEKGDRSERGEKGERGVPGRKGVKGQKGEPGPPGLDQPCPVGPDGLPVPGC,0
393,GCPRAFDGSGQEFAHAWRLGDIHFDDDEHFTPPTSDTGISLLKVAVHEIGHVLGLPHTYRTGSIMQPNYIPQEPAFELDWSDRKAIQKLYGSCEGSFDTAFDWIRKERNQYGEVMVRFSTYFFRNSWYWLYENRNNRTRYGDPIQILTGWPGIPTHNIDA,0
394,IPTHNIDAFVHIWTWKRDERYFFQGNQYWRYDSDKDQALTEDEQGKSYPKLISEGFPGIPSPLDTAFYDRRQKLIYFFKESLVFAFDVNRNRVLNSYPKRITEVFPAVIPQNHPFRNIDSAYYSYAYNSIFFFKGNAYWKVVNDKDKQQNSWLPANGLFP,0
395,DACLYSPASAPEVITVGATNAQDQPVTLGTLGTNFGRCVDLFAPGEDIIGASSDCSTCFVSQSGTSQAAAHVAGIAAMMLSAEPELTLAELRQRLIHFSAKDVINEAWFPEDQRVLTPNLVAALPPSTHGAGWQLFCRTVWSAHSGPTRMATAVARCAPD,0
396,QRVLTPNLVAALPPSTHGAGWQLFCRTVWSAHSGPTRMATAVARCAPDEELLSCSSFSRSGKRRGERMEAQGGKLVCRAHNAFGGEGVYAIARCCLLPQANCSVHTAPPAEASMGTRVHCHQQGHVLTGCSSHWEVEDLGTHKPPVLRPRGQPNQCVGHR,0
397,CLSGNTSACMYSKTEGALTTPYMALKGSVIANCKITTCRCTDPPGIISQNYGEAVSLIDRHSCNVLSLDGITLRLSGEFDATYQKNISILDSQVIVTGNLDISTELGNVNNSISNALDKLAESNSKLEKVNVRLTSTSALITYIVLTVISLVFGALSLGL,0
398,LRALLSYLLPLHCALCAAAGSRTPELHLSGKLSDYGVTVPCSTDFRGRFLSHVVSGPAAASAGSMVVDTPPTLPRHSSHLRVARSPLHPGGTLWPGRVGRHSLYFNVTVFGKELHLRLRPNRRLVVPGSSVEWQEDFRELFRQPLRQECVYTGGVTGMPG,0
399,ETSLGSVMAPLVQAAFHRFHWSRCSKLELSRYLPSYDCLLDDPFDPAWPQPPELPGINYSMDEQCRFDFGSGYQTCLAFRTFEPCKQLWCSHPDNPYFCKTKKGPPLDGTECAPGKWCFKGHCIWKSPEQTYGQDGGWSSWTKFGSCSRSCGGGVRSRSR,0
400,GIQCLLPLSNGTHKVMPAKACAGDRPEARRPCLRVPCPAQWRLGAWSQCSATCGEGIQQRQVVCRTNANSLGHCEGDRPDTVQVCSLPACGGNHQNSTVRADVWELGTPEGQWVPQSEPLHPINKISSTEPCTGDRSVFCQMEVLDRYCSIPGYHRLCCV,0
401,PQRKCVIDVLTEPKDIGKRLEVRRKVDACLGKANYISRLEHAQARLTLSYNRRGDLAIHLVSPMGTRSTLLAARPHDYSADGFNDWAFMTTHSWDEDPSGEWLLEIENTSDANNYGTLTKFTLVLYGTATDPPGLSNQLESSGCKTLTPSQTCVVCEEGY,0
402,KAHNTNDFVTLRTPEGLPDAPRNLQLSLPREAEGVIVGHWAPPIHTHGLIREYIVEYSRSGSKMWASQRAASNFTEIKNLLVNTLYTVRVAAVTSRGIGNWSDSKSITTIKGKVIPPPDIHIDSYGENYLSFTLTMESDIKVNGYVVNLFWAFDTHKQER,0
403,QYRCSNGNCINSIWWCDFDNDCGDMSDERNCPTTICDLDTQFRCQESGTCIPLSYKCDLEDDCGDNSDESHCEMHQCRSDEYNCSSGMCIRSSWVCDGDNDCRDWSDEANCTAIYHTCEASNFQCRNGHCIPQRWACDGDTDCQDGSDEDPVNCEKKCNG,0
404,VAAVTSRGIGNWSDSKSITTIKGKVIPPPDIHIDSYGENYLSFTLTMESDIKVNGYVVNLFWAFDTHKQERRTLNFRGSILSHKVGNLTAHTSYEISAWAKTDLGDSPLAFEHVMTRGVRPPAPSLKAKAINQTAVECTWTGPRNVVYGIFYATSFLDLY,0
405,ENVHSWLILQVNATDALGVPCTENDYKLWSPSDERGNECLLGHKTVFKRRTPHATCFNGEDFDRPVVVSNCSCTREDYECDFGFKMSEDLSLEVCVPDPEFSGKSYSPPVPCPVGSTYRRTRGYRKISGDTCSGGDVEARLEGELVPCPLAEENEFILYA,0
406,KISGDTCSGGDVEARLEGELVPCPLAEENEFILYAVRKSIYRYDLASGATEQLPLTGLRAAVALDFDYEHNCLYWSDLALDVIQRLCLNGSTGQEVIINSGLETVEALAFEPLSQLLYWVDAGFKKIEVANPDGDFRLTIVNSSVLDRPRALVLVPQEGV,0
407,FHRVEGLQGVYIATLINGSMNEENMRSVITFDKGGTWEFLQAPAFTGYGEKINCELSQGCSLHLAQRLSQLLNLQLRRMPILSKESAPGLIIATGSVGKNLASKTNVYISSSAGARWREALPGPHYYTWGDHGGIITAIAQGMETNELKYSTNEGETWKT,0
408,EVRDFQLRDKYMFATKVVHLLGSEQQSSVQLWVSFGRKPMRAAQFVTRHPINEYYIADASEDQVFVCVSHSNNRTNLYISEAEGLKFSLSLENVLYYSPGGAGSDTLVRYFANEPFADFHRVEGLQGVYIATLINGSMNEENMRSVITFDKGGTWEFLQA,0
409,KTDLGDSPLAFEHVMTRGVRPPAPSLKAKAINQTAVECTWTGPRNVVYGIFYATSFLDLYRNPKSLTTSLHNKTVIVSKDEQYLFLVRVVVPYQGPSSDYVVVKMIPDSRLPPRHLHVVHTGKTSVVIKWESPYDSPDQDLLYAVAVKDLIRKTDRSYKV,0
410,FYQMDGTPCEGGQAYCYNGMCLTYQEQCQQLWGPGARPAPDLCFEKVNVAGDTFGNCGKDMNGEHRKCNMRDAKCGKIQCQSSEARPLESNAVPIDTTIIMNGRQIQCRGTHVYRGPEEEGDMLDPGLVMTGTKCGYNHICFEGQCRNTSFFETEGCGKK,0
411,PVVAGVLVAILVLAVLMLMYYCCRQNNKLGQLKPSALPSKLRQQFSCPFRVSQNSGTGHANPTFKLQTPQGKRKVINTPEILRKPSQPPPRPPPDYLRGGSPPAPLPAHLSRAARNSPGPGSQIERTESSRRPPPSRPIPPAPNCIVSQDFSRPRPPQKA,0
412,HGTTIGLAPLMAMCSVYQSGGVNMDHSENAIGVAATMAHEMGHNFGMTHDSADCCSASAADGGCIMAAATGHPFPKVFNGCNRRELDRYLQSGGGMCLSNMPDTRMLYGGRRCGNGYLEDGEECDCGEEEECNNPCCNASNCTLRPGAECAHGSCCHQCK,0
413,VRDEKPWKGRPWWLRTLKPPPARPLGNETERGQPGLKRSVSRERYVETLVVADKMMVAYHGRRDVEQYVLAIMNIVAKLFQDSSLGSTVNILVTRLILLTEDQPTLEITHHAGKSLDSFCKWQKSIVNHSGHGNAIPENGVANHDTAVLITRYDICIYKN,0
414,VSRERYVETLVVADKMMVAYHGRRDVEQYVLAIMNIVAKLFQDSSLGSTVNILVTRLILLTEDQPTLEITHHAGKSLDSFCKWQKSIVNHSGHGNAIPENGVANHDTAVLITRYDICIYKNKPCGTLGLAPVGGMCERERSCSVNEDIGLATAFTIAHEI,0
415,SGHGNAIPENGVANHDTAVLITRYDICIYKNKPCGTLGLAPVGGMCERERSCSVNEDIGLATAFTIAHEIGHTFGMNHDGVGNSCGARGQDPAKLMAAHITMKTNPFVWSSCSRDYITSFLDSGLGLCLNNRPPRQDFVYPTVAPGQAYDADEQCRFQHG,0
416,DADEQCRFQHGVKSRQCKYGEVCSELWCLSKSNRCITNSIPAAEGTLCQTHTIDKGWCYKRVCVPFGSRPEGVDGAWGPWTPWGDCSRTCGGGVSSSSRHCDSPRPTIGGKYCLGERRRHRSCNTDDCPPGSQDFREVQCSEFDSIPFRGKFYKWKTYRG,0
417,GYEDVVWIPKGSVHIFIQDLNLSLSHLALKGDQESLLLEGLPGTPQPHRLPLAGTTFQLRQGPDQVQSLEALGPINASLIVMVLARTELPALRYRFNAPIARDSLPPYSWHYAPWTKCSAQCAGGSQVQAVECRNQLDSSAVAPHYCSAHSKLPKRQRAC,0
418,VVADKMMVAYHGRRDVEQYVLAIMNIVAKLFQDSSLGSTVNILVTRLILLTEDQPTLEITHHAGKSLDSFCKWQKSIVNHSGHGNAIPENGVANHDTAVLITRYDICIYKNKPCGTLGLAPVGGMCERERSCSVNEDIGLATAFTIAHEIGHTFGMNHDG,0
419,SLSHLALKGDQESLLLEGLPGTPQPHRLPLAGTTFQLRQGPDQVQSLEALGPINASLIVMVLARTELPALRYRFNAPIARDSLPPYSWHYAPWTKCSAQCAGGSQVQAVECRNQLDSSAVAPHYCSAHSKLPKRQRACNTEPCPPDWVVGNWSLCSRSCD,0
420,GTQRRRAICVNTRNDVLDDSKCTHQEKVTIQRCSEFPCPQWKSGDWSECLVTCGKGHKHRQVWCQFGEDRLNDRMCDPETKPTSMQTCQQPECASWQAGPWGQCSVTCGQGYQLRAVKCIIGTYMSVVDDNDCNAATRPTDTQDCELPSCHPPPAAPETR,0
421,FSGETDDDNYLALSSSKGEFLLNGNFVVTMAKREIRIGNAVVEYSGSETAVERINSTDRIEQELLLQVLSVGKLYNPDVRYSFNIPIEDKPQQFYWNSHGPWQACSKPCQGERKRKLVCTRESDQLTVSDQRCDRLPQPGHITEPCGTDCDLRWHVASRS,0
422,LNSKARRDKCGVCGGDNSSCKTVAGTFNTVHYGYNTVVRIPAGATNIDVRQHSFSGETDDDNYLALSSSKGEFLLNGNFVVTMAKREIRIGNAVVEYSGSETAVERINSTDRIEQELLLQVLSVGKLYNPDVRYSFNIPIEDKPQQFYWNSHGPWQACSK,0
423,DCNAATRPTDTQDCELPSCHPPPAAPETRRSTYSAPRTQWRFGSWTPCSATCGKGTRMRYVSCRDENGSVADESACATLPRPVAKEECSVTPCGQWKALDWSSCSVTCGQGRATRQVMCVNYSDHVIDRSECDQDYIPETDQDCSMSPCPQRTPDSGLAQ,0
424,PCGTDCDLRWHVASRSECSAQCGLGYRTLDIYCAKYSRLDGKTEKVDDGFCSSHPKPSNREKCSGECNTGGWRYSAWTECSKSCDGGTQRRRAICVNTRNDVLDDSKCTHQEKVTIQRCSEFPCPQWKSGDWSECLVTCGKGHKHRQVWCQFGEDRLNDR,0
425,VEGTPCGKGRVCLQGKCVDKTKKKYYSTSSHGNWGSWGPWGQCSRSCGGGVQFAYRHCNNPAPRNSGRYCTGKRAIYRSCSVTPCPPNGKSFRHEQCEAKNGYQSDAKGVKTFVEWVPKYAGVLPADVCKLTCRAKGTGYYVVFSPKVTDGTECRPYSNS,0
426,DGLHAAFTVAHEIGHLLGLSHDDSKFCEENFGTTEDKRLMSSILTSIDASKPWSKCTSATITEFLDDGHGNCLLDLPRKQILGPEELPGQTYDATQQCNLTFGPEYSVCPGMDVCARLWCAVVRQGQMVCLTKKLPAVEGTPCGKGRVCLQGKCVDKTKK,0
427,ENFGTTEDKRLMSSILTSIDASKPWSKCTSATITEFLDDGHGNCLLDLPRKQILGPEELPGQTYDATQQCNLTFGPEYSVCPGMDVCARLWCAVVRQGQMVCLTKKLPAVEGTPCGKGRVCLQGKCVDKTKKKYYSTSSHGNWGSWGPWGQCSRSCGGGV,0
428,KRLMSSILTSIDASKPWSKCTSATITEFLDDGHGNCLLDLPRKQILGPEELPGQTYDATQQCNLTFGPEYSVCPGMDVCARLWCAVVRQGQMVCLTKKLPAVEGTPCGKGRVCLQGKCVDKTKKKYYSTSSHGNWGSWGPWGQCSRSCGGGVQFAYRHCN,0
429,GKVGYLVYAGGRRFLLDLERDDTVGAAGSIVTAGGGLSASSGHRGHCFYRGTVDGSPRSLAVFDLCGGLDGFFAVKHARYTLKPLLRGSWAEYERIYGDGSSRILHVYNREGFSFEALPPRASCETPASPSGPQESPSVHSRSRRRSALAPQLLDHSAFS,0
430,VHSRSRRRSALAPQLLDHSAFSPSGNAGPQTWWRRRRRSISRARQVELLLVADSSMARMYGRGLQHYLLTLASIANRLYSHASIENHIRLAVVKVVVLTDKDTSLEVSKNAATTLKNFCKWQHQHNQLGDDHEEHYDAAILFTREDLCGHHSCDTLGMAD,0
431,EGFGRRKLGSDMGNAERAPGSRSFGPVPTLLLLAAALLAVSDALGRPSEEDEELVVPELERAPGHGTTRLRLHAFDQQLDLELRPDSSFLAPGFTLQNVGRKSGSETPLPETDLAHCFYSGTVNGDPSSAAALSLCEGVRGAFYLLGEAYFIQPLPAASE,0
432,GECLMDKPQNPIQLPGDLPGTSYDANRQCQFTFGEDSKHCPDAASTCSTLWCTGTSGGVLVCQTKHFPWADGTSCGEGKWCINGKCVNKTDRKHFDTPFHGSWGMWGPWGDCSRTCGGGVQYTMRECDNPVPKNGGKYCEGKRVRYRSCNLEDCPDNNGK,0
433,ISGSVTSAKPGYHDIITIPTGATNIEVKQRNQRGSRNNGSFLAIKAADGTYILNGDYTLSTLEQDIMYKGVVLRYSGSSAALERIRSFSPLKEPLTIQVLTVGNALRPKIKYTYFVKKKKESFNAIPTFSAWVIEEWGECSKSCELGWQRRLVECRDING,0
434,SWGMWGPWGDCSRTCGGGVQYTMRECDNPVPKNGGKYCEGKRVRYRSCNLEDCPDNNGKTFREEQCEAHNEFSKASFGSGPAVEWIPKYAGVSPKDRCKLICQAKGIGYFFVLQPKVVDGTPCSPDSTSVCVQGQCVKAGCDRIIDSKKKFDKCGVCGGN,0
435,DTGVPCDEAQQPASEVTCSLPLCRWPLGTLGPEGSGSGSSSHELFNEADFIPHHLAPRPSPASSPKPGTMGNAIEEEAPELDLPGPVFVDDFYYDYNFINFHEDLSYGPSEEPDLDLAGTGDRTPPPHSHPAAPSTGSPVPATEPPAAKEEGVLGPWSPS,0
436,YSAFCEDMDNVCHTLWCSVGTTCHSKLDAAVDGTRCGENKWCLSGECVPVGFRPEAVDGGWSGWSAWSICSRSCGMGVQSAERQCTQPTPKYKGRYCVGERKRFRLCNLQACPAGRPSFRHVQCSHFDAMLYKGQLHTWVPVVNDVNPCELHCRPANEYF,0
437,PWTKCTVTCGRGVQRQNVYCLERQAGPVDEEHCDPLGRPDDQQRKCSEQPCPARWWAGEWQLCSSSCGPGGLSRRAVLCIRSVGLDEQSALEPPACEHLPRPPTETPCNRHVPCPATWAVGNWSQCSVTCGEGTQRRNVLCTNDTGVPCDEAQQPASEVT,0
438,DYNFINFHEDLSYGPSEEPDLDLAGTGDRTPPPHSHPAAPSTGSPVPATEPPAAKEEGVLGPWSPSPWPSQAGRSPPPPSEQTPGNPLINFLPEEDTPIGAPDLGLPSLSWPRVSTDGLQTPATPESQNDFPVGKDSQSQLPPPWRDRTNEVFKDDEEPK,0
439,AFTVAHELGHSFGIQHDGSGNDCEPVGKRPFIMSPQLLYDAAPLTWSRCSRQYITRFLDRGWGLCLDDPPAKDIIDFPSVPPGVLYDVSHQCRLQYGAYSAFCEDMDNVCHTLWCSVGTTCHSKLDAAVDGTRCGENKWCLSGECVPVGFRPEAVDGGWS,0
440,SGWSAWSICSRSCGMGVQSAERQCTQPTPKYKGRYCVGERKRFRLCNLQACPAGRPSFRHVQCSHFDAMLYKGQLHTWVPVVNDVNPCELHCRPANEYFAEKLRDAVVDGTPCYQVRASRDLCINGICKNVGCDFEIDSGAMEDRCGVCHGNGSTCHTVS,0
441,LLTRKDLCAAMNRPCETLGLSHVAGMCQPHRSCSINEDTGLPLAFTVAHELGHSFGIQHDGSGNDCEPVGKRPFIMSPQLLYDAAPLTWSRCSRQYITRFLDRGWGLCLDDPPAKDIIDFPSVPPGVLYDVSHQCRLQYGAYSAFCEDMDNVCHTLWCSV,0
442,TGDRTPPPHSHPAAPSTGSPVPATEPPAAKEEGVLGPWSPSPWPSQAGRSPPPPSEQTPGNPLINFLPEEDTPIGAPDLGLPSLSWPRVSTDGLQTPATPESQNDFPVGKDSQSQLPPPWRDRTNEVFKDDEEPKGRGAPHLPPRPSSTLPPLSPVGSTH,0
443,ASLLPPPIAPLPEMKVRDSSLEPGTPSFPTPGPGSWDLQTVAVWGTFLPTTLTGLGHMPEPALNPGPKGQPESLSPEVPLSSRLLSTPAWDSPANSHRVPETQPLAPSLAEAGPPADPLVVRNAGWQAGNWSECSTTCGLGAVWRPVRCSSGRDEDCAPA,0
444,PPAAKEEGVLGPWSPSPWPSQAGRSPPPPSEQTPGNPLINFLPEEDTPIGAPDLGLPSLSWPRVSTDGLQTPATPESQNDFPVGKDSQSQLPPPWRDRTNEVFKDDEEPKGRGAPHLPPRPSSTLPPLSPVGSTHSSPSPDVAELWTGGTVAWEPALEGG,0
445,EPDLDLAGTGDRTPPPHSHPAAPSTGSPVPATEPPAAKEEGVLGPWSPSPWPSQAGRSPPPPSEQTPGNPLINFLPEEDTPIGAPDLGLPSLSWPRVSTDGLQTPATPESQNDFPVGKDSQSQLPPPWRDRTNEVFKDDEEPKGRGAPHLPPRPSSTLPP,0
446,SLEPGTPSFPTPGPGSWDLQTVAVWGTFLPTTLTGLGHMPEPALNPGPKGQPESLSPEVPLSSRLLSTPAWDSPANSHRVPETQPLAPSLAEAGPPADPLVVRNAGWQAGNWSECSTTCGLGAVWRPVRCSSGRDEDCAPAGRPQPARRCHLRPCATWHS,0
447,GWSGWSAWSICSRSCGMGVQSAERQCTQPTPKYKGRYCVGERKRFRLCNLQACPAGRPSFRHVQCSHFDAMLYKGQLHTWVPVVNDVNPCELHCRPANEYFAEKLRDAVVDGTPCYQVRASRDLCINGICKNVGCDFEIDSGAMEDRCGVCHGNGSTCHT,0
448,GICKNVGCDFEIDSGAMEDRCGVCHGNGSTCHTVSGTFEEAEGLGYVDVGLIPAGAREIRIQEVAEAANFLALRSEDPEKYFLNGGWTIQWNGDYQVAGTTFTYARRGNWENLTSPGPTKEPVWIQLLFQESNPGVHYEYTIHREAGGHDEVPPPVFSWH,0
449,VWKEATPTLFCASDAKAYEKEVHNVWATHACVPTDPNPQEVEMENVTENFNMWKNNMVEQMHTDIISLWDESLKPCVELTPLCVTLNCTDYKGTNSTNNATSTVVSPAEIKNCSFNITTEIKDKKKKESALFYRLDVLPLNGEGNNSSTEYRLINCNTST,0
450,THGIKPVVSTQLLLNGSLAEEEIIIRSENITDNTKNIIVQLNETVQINCTRPNNNTRKSIHMGPGKAFYTTGDIIGDIRQAHCNISGEKWNMTLSRVKEKLKEHFKNGTITFKPPNPGGDPEILTHMFNCAGEFFYCNTTKLFNETGENGTITLPCRIKQ,0
451,EYPFIEDVGTEIETAMSTSIGMHLTESFKLSEPYSQCTEDGSDVPVTNIYNAAYSLQICLYSCFQTKMVEKCGCAQYSQPLPPAANYCNYQQHPNWMYCYYQLYQAFVREELGCQSVCKQSCSFKEWTLTTSLAQWPSEASEKWLLNVLTWDQSQQINKK,0
452,QHIHIYSASWGPDDDGRTVDGPATLARKAFYDGITKGRGGLGSIFVWASGNGGRDSDNCNCDGYTNSIYTLSISSATENGNIPWYSEACSSTLATTYSSGSGGEKQIVTTDLRKGCTETHTGTSASAPLAAGLIALALEANPSLTWRDMQHIVVETAKPH,0
453,EEDYDQETTPITTSTTTRTTPATPYHGGQHQYYPWSGHQNRQQATPITSNSPRKNLNSFYFWETYYPAYASQPNHAHSSDSQHRHNHPEHTCVYETLAKKSNISAIQYMRKKRPELTPAELKEWTLVMMGTSGHHMKRNGSQASSHGGEQIFKCAGVTTN,0
454,VKVTFNSALAQKEAKKDEPKSGEEALIIPPDAVAVDCKDPDDVVPVGQRRAWCWCMCFGLAFMLAGVILGGAYLYKYFALQPDDVYYCGIKYIKDDVILNEPSADAPAALYQTIEENIKIFEEEEVEFISVPVPEFADSDPANIVHDFNKKLTAYLDLNL,0
455,GIQKIYGPPAEPLEPTRPLPTLPVRRIHSPSERKHERQPRPPRPPLGDRPSTPGTKPNICDGNFNTVALFRGEMFVFKDRWFWRLRNNRVQEGYPMQIEQFWKGLPARIDAAYERADGRFVFFKGDKYWVFKEVTVEPGYPHSLGELGSCLPREGIDTAL,0
456,KYWVFKEVTVEPGYPHSLGELGSCLPREGIDTALRWEPVGKTYFFKGERYWRYSEERRATDPGYPKPITVWKGIPQAPQGAFISKEGYYTYFYKGRDYWKFDNQKLSVEPGYPRNILRDWMGCNQKEVERRKERRLPQDDVDIMVTINDVPGSVNAVAVV,0
