,protease_turn,merops_id,substrate_turn,uniprot_id,p1,cleave_pattern,full_aa
0,1,S01.247,0,A3R530,320,CPKYVRVKSLKLAVGLRNVPARSSRGLFGAIAGFIEGGWPGLVAGWYGFQ,DKICIGHQSTNSTETVDTLTETNVPVTHAKELLHTEHNGMLCATNLGHPLILDTCTIEGLVYGNPSCDLLLEGREWSYIVERSSAVNGTCYPGNVENLEELRTLFSSASSYQRIQIFPDTIWNVTYTGISRSCSGSFYRSMRWLTQKSGFYPVQDAQYTNNRGKSILFVWGIHHPPTYTEQTNLYIRNDTTTSVTTEDLNRTFKPVIGPRPLVNGLQGRINYYWSVLKPGQTLRVRSNGNLIAPWYGHVLSGVSHGRILKTDLTSGNCVVQCQTEKGGLNSTLPFHNISKYAFGTCPKYVRVKSLKLAVGLRNVPARSSRGLFGAIAGFIEGGWPGLVAGWYGFQHSNDQGVGMAADRDSTQKAIDKITSKVNNIVDKMNKQYEIIDHEFSEVETRLNMINNKIDDQIQDIWAYNAELLVLLENQKTLDEHDANVNNLYNKVKRALGSNAMEDGKGCFELYHKCDDQCMETIRNGTYNRRKYKEESRLERQKIEGVKLESEGTYKILTIYSTVASSLV
1,1,S01.247,1,A3R534,338,CPKYVRVKSLKLAVGLRNVPARSRRGLFGAIAGFIEGGWPGLVAGWYGFQ,METISLITILLVVTASNADKICIGHQSTNSTETVDTLTETNVPVTHAKELLHTEHNGMLCATNLGHPLILDTCTIEGLVYGNPSCDLLLEGREWSYIVERSSAVNGTCYPGNVENLEELRTLFSSASSYQRIQIFPDTIWNVTYTGTSRSCSGSFYRSMRWLTQKSGFYPVQDAQYTNNRGKSILFVWGIHHPPTYTEQTNLYIRNDTTTSVTTEDLNRTFKPVIGPRPLVNGLQGRINYYWSVLKPGQTLRVRSNGNLIAPWYGHVLSGVSHGRILKTDLTSGNCVVQCQTEKGGLNSTLPFHNISKYAFGTCPKYVRVKSLKLAVGLRNVPARSRRGLFGAIAGFIEGGWPGLVAGWYGFQHSNDQGVGMAADRDSTQKAIDKITSKVNNIVDKMNKQYEIIDHEFSEVETRLNMINNKIDDQIQDIWAYNAELLVLLENQKTLDEHDANVNNLYNKVKRALGSNAMEDGKGCFELYHKCDDQCMETIRNGTYNRRKYKEESRLERQKIEGVKLESEGTYKILTIYSTVASSLV
2,1,S01.247,2,F2P1E0,338,CPKYVGVKSLKLAVGLRNVPAVSSRGLFGAKAGFIEGGWPGLVAGWYGFQ,METKAIIAALLMVTAANADKICIGYQSTNSTETVDTLTESNVPVTHTKELLHTEHNGMLCATDLGHPLILDTCTIEGLIYGNPSCDILLGGKEWSYIVERSSAVNGMCYPGNVENLEELRSLFSSAKSYKRIQIFPDKTWNVTYSGTSRACSNSFYRSMRWLTHKSNSYPFQNAHYTNNERENILFMWGIHHPPTDTEQTDLYKKADTTTSVTTEDINRTFKPVIGPRPLVNGQQGRIDYYWSVLKPGQTLRIRSNGNLIAPWYGHVLTGESHGRILKTDLNNGNCVVQCQTEKGGLNTTLPFHNISKYAFGNCPKYVGVKSLKLAVGLRNVPAVSSRGLFGAKAGFIEGGWPGLVAGWYGFQHSNDQGVGMAADKGSTQKAIDKITSKVNNIIDKMNKQYEVIDHEFNELEARLNMINNKIDDQIQDIWAYNAELLVLLENQKTLDEHDANVNNLYNKVKRALGSNAVEDGNGCFELYHKCDDQCMETIRNGTYDRQKYQEESRLERQKIEGVKLESEGTYKILTIYSTVASSLVLAMGFAAFLFWAMSNGSCRCNICI
3,1,S01.247,3,Q96T73,255,CSSKAVVSLRCIACGVNLNSSRQSRIVGGESALPGAWPWQVSLHVQNVHV,MALNSGSPPAIGPYYENHGYQPENPYPAQPTVVPTVYEVHPAQYYPSPVPQYAPRVLTQASNPVVCTQPKSPSGTVCTSKTKKALCITLTLGTFLVGAALAAGLLWKFMGSKCSNSGIECDSSGTCINPSNWCDGVSHCPGGEDENRCVRLYGPNFILQMYSSQRKSWHPVCQDDWNENYGRAACKDMGYKNNFYSSQGIVDDSGSTSFMKLNTSAGNVDIYKKLYHSDACSSKAVVSLRCIACGVNLNSSRQSRIVGGESALPGAWPWQVSLHVQNVHVCGGSIITPEWIVTAAHCVEKPLNNPWHWTAFAGILRQSFMFYGAGYQVEKVISHPNYDSKTKNNDIALMKLQKPLTFNDLVKPVCLPNPGMMLQPEQLCWISGWGATEEKGKTSEVLNAAKVLLIETQRCNSRYVYDNLITPAMICAGFLQGNVDSCQGDSGGPLVTSKNNIWWLIGDTSWGSGCAKAYRPGVYGNVMVFTDWIYRQMRADG
4,1,S01.247,4,P51170,135,RHLLADLEQETREALKSLYGFPESRKRREAESWNSVSEGKQPRFSHRIPL,MAPGEKIKAKIKKNLPVTGPQAPTIKELMRWYCLNTNTHGCRRIVVSRGRLRRLLWIGFTLTAVALILWQCALLVFSFYTVSVSIKVHFRKLDFPAVTICNINPYKYSTVRHLLADLEQETREALKSLYGFPESRKRREAESWNSVSEGKQPRFSHRIPLLIFDQDEKGKARDFFTGRKRKVGGSIIHKASNVMHIESKQVVGFQLCSNDTSDCATYTFSSGINAIQEWYKLHYMNIMAQVPLEKKINMSYSAEELLVTCFFDGVSCDARNFTLFHHPMHGNCYTFNNRENETILSTSMGGSEYGLQVILYINEEEYNPFLVSSTGAKVIIHRQDEYPFVEDVGTEIETAMVTSIGMHLTESFKLSEPYSQCTEDGSDVPIRNIYNAAYSLQICLHSCFQTKMVEKCGCAQYSQPLPPAANYCNYQQHPNWMYCYYQLHRAFVQEELGCQSVCKEACSFKEWTLTTSLAQWPSVVSEKWLLPVLTWDQGRQVNKKLNKTDLAKLLIFYKDLNQRSIMESPANSIEMLLSNFGGQLGLWMSCSVVCVIEIIEVFFIDFFSIIARRQWQKAKEWWAWKQAPPCPEAPRSPQGQDNPALDIDDDLPTFNSALHLPPALGTQVPGTPPPKYNTLRLERAFSNQLTDTQMLDEL
5,1,S01.247,5,P51170,136,HLLADLEQETREALKSLYGFPESRKRREAESWNSVSEGKQPRFSHRIPLL,MAPGEKIKAKIKKNLPVTGPQAPTIKELMRWYCLNTNTHGCRRIVVSRGRLRRLLWIGFTLTAVALILWQCALLVFSFYTVSVSIKVHFRKLDFPAVTICNINPYKYSTVRHLLADLEQETREALKSLYGFPESRKRREAESWNSVSEGKQPRFSHRIPLLIFDQDEKGKARDFFTGRKRKVGGSIIHKASNVMHIESKQVVGFQLCSNDTSDCATYTFSSGINAIQEWYKLHYMNIMAQVPLEKKINMSYSAEELLVTCFFDGVSCDARNFTLFHHPMHGNCYTFNNRENETILSTSMGGSEYGLQVILYINEEEYNPFLVSSTGAKVIIHRQDEYPFVEDVGTEIETAMVTSIGMHLTESFKLSEPYSQCTEDGSDVPIRNIYNAAYSLQICLHSCFQTKMVEKCGCAQYSQPLPPAANYCNYQQHPNWMYCYYQLHRAFVQEELGCQSVCKEACSFKEWTLTTSLAQWPSVVSEKWLLPVLTWDQGRQVNKKLNKTDLAKLLIFYKDLNQRSIMESPANSIEMLLSNFGGQLGLWMSCSVVCVIEIIEVFFIDFFSIIARRQWQKAKEWWAWKQAPPCPEAPRSPQGQDNPALDIDDDLPTFNSALHLPPALGTQVPGTPPPKYNTLRLERAFSNQLTDTQMLDEL
6,1,S01.247,6,P51170,137,LLADLEQETREALKSLYGFPESRKRREAESWNSVSEGKQPRFSHRIPLLI,MAPGEKIKAKIKKNLPVTGPQAPTIKELMRWYCLNTNTHGCRRIVVSRGRLRRLLWIGFTLTAVALILWQCALLVFSFYTVSVSIKVHFRKLDFPAVTICNINPYKYSTVRHLLADLEQETREALKSLYGFPESRKRREAESWNSVSEGKQPRFSHRIPLLIFDQDEKGKARDFFTGRKRKVGGSIIHKASNVMHIESKQVVGFQLCSNDTSDCATYTFSSGINAIQEWYKLHYMNIMAQVPLEKKINMSYSAEELLVTCFFDGVSCDARNFTLFHHPMHGNCYTFNNRENETILSTSMGGSEYGLQVILYINEEEYNPFLVSSTGAKVIIHRQDEYPFVEDVGTEIETAMVTSIGMHLTESFKLSEPYSQCTEDGSDVPIRNIYNAAYSLQICLHSCFQTKMVEKCGCAQYSQPLPPAANYCNYQQHPNWMYCYYQLHRAFVQEELGCQSVCKEACSFKEWTLTTSLAQWPSVVSEKWLLPVLTWDQGRQVNKKLNKTDLAKLLIFYKDLNQRSIMESPANSIEMLLSNFGGQLGLWMSCSVVCVIEIIEVFFIDFFSIIARRQWQKAKEWWAWKQAPPCPEAPRSPQGQDNPALDIDDDLPTFNSALHLPPALGTQVPGTPPPKYNTLRLERAFSNQLTDTQMLDEL
7,1,S01.247,7,P51170,138,LADLEQETREALKSLYGFPESRKRREAESWNSVSEGKQPRFSHRIPLLIF,MAPGEKIKAKIKKNLPVTGPQAPTIKELMRWYCLNTNTHGCRRIVVSRGRLRRLLWIGFTLTAVALILWQCALLVFSFYTVSVSIKVHFRKLDFPAVTICNINPYKYSTVRHLLADLEQETREALKSLYGFPESRKRREAESWNSVSEGKQPRFSHRIPLLIFDQDEKGKARDFFTGRKRKVGGSIIHKASNVMHIESKQVVGFQLCSNDTSDCATYTFSSGINAIQEWYKLHYMNIMAQVPLEKKINMSYSAEELLVTCFFDGVSCDARNFTLFHHPMHGNCYTFNNRENETILSTSMGGSEYGLQVILYINEEEYNPFLVSSTGAKVIIHRQDEYPFVEDVGTEIETAMVTSIGMHLTESFKLSEPYSQCTEDGSDVPIRNIYNAAYSLQICLHSCFQTKMVEKCGCAQYSQPLPPAANYCNYQQHPNWMYCYYQLHRAFVQEELGCQSVCKEACSFKEWTLTTSLAQWPSVVSEKWLLPVLTWDQGRQVNKKLNKTDLAKLLIFYKDLNQRSIMESPANSIEMLLSNFGGQLGLWMSCSVVCVIEIIEVFFIDFFSIIARRQWQKAKEWWAWKQAPPCPEAPRSPQGQDNPALDIDDDLPTFNSALHLPPALGTQVPGTPPPKYNTLRLERAFSNQLTDTQMLDEL
8,1,S01.247,8,P51170,153,YGFPESRKRREAESWNSVSEGKQPRFSHRIPLLIFDQDEKGKARDFFTGR,MAPGEKIKAKIKKNLPVTGPQAPTIKELMRWYCLNTNTHGCRRIVVSRGRLRRLLWIGFTLTAVALILWQCALLVFSFYTVSVSIKVHFRKLDFPAVTICNINPYKYSTVRHLLADLEQETREALKSLYGFPESRKRREAESWNSVSEGKQPRFSHRIPLLIFDQDEKGKARDFFTGRKRKVGGSIIHKASNVMHIESKQVVGFQLCSNDTSDCATYTFSSGINAIQEWYKLHYMNIMAQVPLEKKINMSYSAEELLVTCFFDGVSCDARNFTLFHHPMHGNCYTFNNRENETILSTSMGGSEYGLQVILYINEEEYNPFLVSSTGAKVIIHRQDEYPFVEDVGTEIETAMVTSIGMHLTESFKLSEPYSQCTEDGSDVPIRNIYNAAYSLQICLHSCFQTKMVEKCGCAQYSQPLPPAANYCNYQQHPNWMYCYYQLHRAFVQEELGCQSVCKEACSFKEWTLTTSLAQWPSVVSEKWLLPVLTWDQGRQVNKKLNKTDLAKLLIFYKDLNQRSIMESPANSIEMLLSNFGGQLGLWMSCSVVCVIEIIEVFFIDFFSIIARRQWQKAKEWWAWKQAPPCPEAPRSPQGQDNPALDIDDDLPTFNSALHLPPALGTQVPGTPPPKYNTLRLERAFSNQLTDTQMLDEL
9,1,S01.247,9,P51170,168,NSVSEGKQPRFSHRIPLLIFDQDEKGKARDFFTGRKRKVGGSIIHKASNV,MAPGEKIKAKIKKNLPVTGPQAPTIKELMRWYCLNTNTHGCRRIVVSRGRLRRLLWIGFTLTAVALILWQCALLVFSFYTVSVSIKVHFRKLDFPAVTICNINPYKYSTVRHLLADLEQETREALKSLYGFPESRKRREAESWNSVSEGKQPRFSHRIPLLIFDQDEKGKARDFFTGRKRKVGGSIIHKASNVMHIESKQVVGFQLCSNDTSDCATYTFSSGINAIQEWYKLHYMNIMAQVPLEKKINMSYSAEELLVTCFFDGVSCDARNFTLFHHPMHGNCYTFNNRENETILSTSMGGSEYGLQVILYINEEEYNPFLVSSTGAKVIIHRQDEYPFVEDVGTEIETAMVTSIGMHLTESFKLSEPYSQCTEDGSDVPIRNIYNAAYSLQICLHSCFQTKMVEKCGCAQYSQPLPPAANYCNYQQHPNWMYCYYQLHRAFVQEELGCQSVCKEACSFKEWTLTTSLAQWPSVVSEKWLLPVLTWDQGRQVNKKLNKTDLAKLLIFYKDLNQRSIMESPANSIEMLLSNFGGQLGLWMSCSVVCVIEIIEVFFIDFFSIIARRQWQKAKEWWAWKQAPPCPEAPRSPQGQDNPALDIDDDLPTFNSALHLPPALGTQVPGTPPPKYNTLRLERAFSNQLTDTQMLDEL
10,1,S01.247,10,P51170,170,VSEGKQPRFSHRIPLLIFDQDEKGKARDFFTGRKRKVGGSIIHKASNVMH,MAPGEKIKAKIKKNLPVTGPQAPTIKELMRWYCLNTNTHGCRRIVVSRGRLRRLLWIGFTLTAVALILWQCALLVFSFYTVSVSIKVHFRKLDFPAVTICNINPYKYSTVRHLLADLEQETREALKSLYGFPESRKRREAESWNSVSEGKQPRFSHRIPLLIFDQDEKGKARDFFTGRKRKVGGSIIHKASNVMHIESKQVVGFQLCSNDTSDCATYTFSSGINAIQEWYKLHYMNIMAQVPLEKKINMSYSAEELLVTCFFDGVSCDARNFTLFHHPMHGNCYTFNNRENETILSTSMGGSEYGLQVILYINEEEYNPFLVSSTGAKVIIHRQDEYPFVEDVGTEIETAMVTSIGMHLTESFKLSEPYSQCTEDGSDVPIRNIYNAAYSLQICLHSCFQTKMVEKCGCAQYSQPLPPAANYCNYQQHPNWMYCYYQLHRAFVQEELGCQSVCKEACSFKEWTLTTSLAQWPSVVSEKWLLPVLTWDQGRQVNKKLNKTDLAKLLIFYKDLNQRSIMESPANSIEMLLSNFGGQLGLWMSCSVVCVIEIIEVFFIDFFSIIARRQWQKAKEWWAWKQAPPCPEAPRSPQGQDNPALDIDDDLPTFNSALHLPPALGTQVPGTPPPKYNTLRLERAFSNQLTDTQMLDEL
11,1,S01.247,11,P51170,172,EGKQPRFSHRIPLLIFDQDEKGKARDFFTGRKRKVGGSIIHKASNVMHIE,MAPGEKIKAKIKKNLPVTGPQAPTIKELMRWYCLNTNTHGCRRIVVSRGRLRRLLWIGFTLTAVALILWQCALLVFSFYTVSVSIKVHFRKLDFPAVTICNINPYKYSTVRHLLADLEQETREALKSLYGFPESRKRREAESWNSVSEGKQPRFSHRIPLLIFDQDEKGKARDFFTGRKRKVGGSIIHKASNVMHIESKQVVGFQLCSNDTSDCATYTFSSGINAIQEWYKLHYMNIMAQVPLEKKINMSYSAEELLVTCFFDGVSCDARNFTLFHHPMHGNCYTFNNRENETILSTSMGGSEYGLQVILYINEEEYNPFLVSSTGAKVIIHRQDEYPFVEDVGTEIETAMVTSIGMHLTESFKLSEPYSQCTEDGSDVPIRNIYNAAYSLQICLHSCFQTKMVEKCGCAQYSQPLPPAANYCNYQQHPNWMYCYYQLHRAFVQEELGCQSVCKEACSFKEWTLTTSLAQWPSVVSEKWLLPVLTWDQGRQVNKKLNKTDLAKLLIFYKDLNQRSIMESPANSIEMLLSNFGGQLGLWMSCSVVCVIEIIEVFFIDFFSIIARRQWQKAKEWWAWKQAPPCPEAPRSPQGQDNPALDIDDDLPTFNSALHLPPALGTQVPGTPPPKYNTLRLERAFSNQLTDTQMLDEL
12,1,S01.247,12,P51170,178,FSHRIPLLIFDQDEKGKARDFFTGRKRKVGGSIIHKASNVMHIESKQVVG,MAPGEKIKAKIKKNLPVTGPQAPTIKELMRWYCLNTNTHGCRRIVVSRGRLRRLLWIGFTLTAVALILWQCALLVFSFYTVSVSIKVHFRKLDFPAVTICNINPYKYSTVRHLLADLEQETREALKSLYGFPESRKRREAESWNSVSEGKQPRFSHRIPLLIFDQDEKGKARDFFTGRKRKVGGSIIHKASNVMHIESKQVVGFQLCSNDTSDCATYTFSSGINAIQEWYKLHYMNIMAQVPLEKKINMSYSAEELLVTCFFDGVSCDARNFTLFHHPMHGNCYTFNNRENETILSTSMGGSEYGLQVILYINEEEYNPFLVSSTGAKVIIHRQDEYPFVEDVGTEIETAMVTSIGMHLTESFKLSEPYSQCTEDGSDVPIRNIYNAAYSLQICLHSCFQTKMVEKCGCAQYSQPLPPAANYCNYQQHPNWMYCYYQLHRAFVQEELGCQSVCKEACSFKEWTLTTSLAQWPSVVSEKWLLPVLTWDQGRQVNKKLNKTDLAKLLIFYKDLNQRSIMESPANSIEMLLSNFGGQLGLWMSCSVVCVIEIIEVFFIDFFSIIARRQWQKAKEWWAWKQAPPCPEAPRSPQGQDNPALDIDDDLPTFNSALHLPPALGTQVPGTPPPKYNTLRLERAFSNQLTDTQMLDEL
13,1,S01.247,13,P51170,179,SHRIPLLIFDQDEKGKARDFFTGRKRKVGGSIIHKASNVMHIESKQVVGF,MAPGEKIKAKIKKNLPVTGPQAPTIKELMRWYCLNTNTHGCRRIVVSRGRLRRLLWIGFTLTAVALILWQCALLVFSFYTVSVSIKVHFRKLDFPAVTICNINPYKYSTVRHLLADLEQETREALKSLYGFPESRKRREAESWNSVSEGKQPRFSHRIPLLIFDQDEKGKARDFFTGRKRKVGGSIIHKASNVMHIESKQVVGFQLCSNDTSDCATYTFSSGINAIQEWYKLHYMNIMAQVPLEKKINMSYSAEELLVTCFFDGVSCDARNFTLFHHPMHGNCYTFNNRENETILSTSMGGSEYGLQVILYINEEEYNPFLVSSTGAKVIIHRQDEYPFVEDVGTEIETAMVTSIGMHLTESFKLSEPYSQCTEDGSDVPIRNIYNAAYSLQICLHSCFQTKMVEKCGCAQYSQPLPPAANYCNYQQHPNWMYCYYQLHRAFVQEELGCQSVCKEACSFKEWTLTTSLAQWPSVVSEKWLLPVLTWDQGRQVNKKLNKTDLAKLLIFYKDLNQRSIMESPANSIEMLLSNFGGQLGLWMSCSVVCVIEIIEVFFIDFFSIIARRQWQKAKEWWAWKQAPPCPEAPRSPQGQDNPALDIDDDLPTFNSALHLPPALGTQVPGTPPPKYNTLRLERAFSNQLTDTQMLDEL
14,1,S01.247,14,P51170,180,HRIPLLIFDQDEKGKARDFFTGRKRKVGGSIIHKASNVMHIESKQVVGFQ,MAPGEKIKAKIKKNLPVTGPQAPTIKELMRWYCLNTNTHGCRRIVVSRGRLRRLLWIGFTLTAVALILWQCALLVFSFYTVSVSIKVHFRKLDFPAVTICNINPYKYSTVRHLLADLEQETREALKSLYGFPESRKRREAESWNSVSEGKQPRFSHRIPLLIFDQDEKGKARDFFTGRKRKVGGSIIHKASNVMHIESKQVVGFQLCSNDTSDCATYTFSSGINAIQEWYKLHYMNIMAQVPLEKKINMSYSAEELLVTCFFDGVSCDARNFTLFHHPMHGNCYTFNNRENETILSTSMGGSEYGLQVILYINEEEYNPFLVSSTGAKVIIHRQDEYPFVEDVGTEIETAMVTSIGMHLTESFKLSEPYSQCTEDGSDVPIRNIYNAAYSLQICLHSCFQTKMVEKCGCAQYSQPLPPAANYCNYQQHPNWMYCYYQLHRAFVQEELGCQSVCKEACSFKEWTLTTSLAQWPSVVSEKWLLPVLTWDQGRQVNKKLNKTDLAKLLIFYKDLNQRSIMESPANSIEMLLSNFGGQLGLWMSCSVVCVIEIIEVFFIDFFSIIARRQWQKAKEWWAWKQAPPCPEAPRSPQGQDNPALDIDDDLPTFNSALHLPPALGTQVPGTPPPKYNTLRLERAFSNQLTDTQMLDEL
15,1,S01.247,15,P51170,181,RIPLLIFDQDEKGKARDFFTGRKRKVGGSIIHKASNVMHIESKQVVGFQL,MAPGEKIKAKIKKNLPVTGPQAPTIKELMRWYCLNTNTHGCRRIVVSRGRLRRLLWIGFTLTAVALILWQCALLVFSFYTVSVSIKVHFRKLDFPAVTICNINPYKYSTVRHLLADLEQETREALKSLYGFPESRKRREAESWNSVSEGKQPRFSHRIPLLIFDQDEKGKARDFFTGRKRKVGGSIIHKASNVMHIESKQVVGFQLCSNDTSDCATYTFSSGINAIQEWYKLHYMNIMAQVPLEKKINMSYSAEELLVTCFFDGVSCDARNFTLFHHPMHGNCYTFNNRENETILSTSMGGSEYGLQVILYINEEEYNPFLVSSTGAKVIIHRQDEYPFVEDVGTEIETAMVTSIGMHLTESFKLSEPYSQCTEDGSDVPIRNIYNAAYSLQICLHSCFQTKMVEKCGCAQYSQPLPPAANYCNYQQHPNWMYCYYQLHRAFVQEELGCQSVCKEACSFKEWTLTTSLAQWPSVVSEKWLLPVLTWDQGRQVNKKLNKTDLAKLLIFYKDLNQRSIMESPANSIEMLLSNFGGQLGLWMSCSVVCVIEIIEVFFIDFFSIIARRQWQKAKEWWAWKQAPPCPEAPRSPQGQDNPALDIDDDLPTFNSALHLPPALGTQVPGTPPPKYNTLRLERAFSNQLTDTQMLDEL
16,1,S01.247,16,P51170,189,QDEKGKARDFFTGRKRKVGGSIIHKASNVMHIESKQVVGFQLCSNDTSDC,MAPGEKIKAKIKKNLPVTGPQAPTIKELMRWYCLNTNTHGCRRIVVSRGRLRRLLWIGFTLTAVALILWQCALLVFSFYTVSVSIKVHFRKLDFPAVTICNINPYKYSTVRHLLADLEQETREALKSLYGFPESRKRREAESWNSVSEGKQPRFSHRIPLLIFDQDEKGKARDFFTGRKRKVGGSIIHKASNVMHIESKQVVGFQLCSNDTSDCATYTFSSGINAIQEWYKLHYMNIMAQVPLEKKINMSYSAEELLVTCFFDGVSCDARNFTLFHHPMHGNCYTFNNRENETILSTSMGGSEYGLQVILYINEEEYNPFLVSSTGAKVIIHRQDEYPFVEDVGTEIETAMVTSIGMHLTESFKLSEPYSQCTEDGSDVPIRNIYNAAYSLQICLHSCFQTKMVEKCGCAQYSQPLPPAANYCNYQQHPNWMYCYYQLHRAFVQEELGCQSVCKEACSFKEWTLTTSLAQWPSVVSEKWLLPVLTWDQGRQVNKKLNKTDLAKLLIFYKDLNQRSIMESPANSIEMLLSNFGGQLGLWMSCSVVCVIEIIEVFFIDFFSIIARRQWQKAKEWWAWKQAPPCPEAPRSPQGQDNPALDIDDDLPTFNSALHLPPALGTQVPGTPPPKYNTLRLERAFSNQLTDTQMLDEL
17,1,S01.247,17,K9N5Q8,887,PGFGGDFNLTLLEPVSISTGSRSARSAIEDLLFDKVTIADPGYMQGYDDC,MIHSVFLLMFLLTPTESYVDVGPDSVKSACIEVDIQQTFFDKTWPRPIDVSKADGIIYPQGRTYSNITITYQGLFPYQGDHGDMYVYSAGHATGTTPQKLFVANYSQDVKQFANGFVVRIGAAANSTGTVIISPSTSATIRKIYPAFMLGSSVGNFSDGKMGRFFNHTLVLLPDGCGTLLRAFYCILEPRSGNHCPAGNSYTSFATYHTPATDCSDGNYNRNASLNSFKEYFNLRNCTFMYTYNITEDEILEWFGITQTAQGVHLFSSRYVDLYGGNMFQFATLPVYDTIKYYSIIPHSIRSIQSDRKAWAAFYVYKLQPLTFLLDFSVDGYIRRAIDCGFNDLSQLHCSYESFDVESGVYSVSSFEAKPSGSVVEQAEGVECDFSPLLSGTPPQVYNFKRLVFTNCNYNLTKLLSLFSVNDFTCSQISPAAIASNCYSSLILDYFSYPLSMKSDLSVSSAGPISQFNYKQSFSNPTCLILATVPHNLTTITKPLKYSYINKCSRFLSDDRTEVPQLVNANQYSPCVSIVPSTVWEDGDYYRKQLSPLEGGGWLVASGSTVAMTEQLQMGFGITVQYGTDTNSVCPKLEFANDTKIASQLGNCVEYSLYGVSGRGVFQNCTAVGVRQQRFVYDAYQNLVGYYSDDGNYYCLRACVSVPVSVIYDKETKTHATLFGSVACEHISSTMSQYSRSTRSMLKRRDSTYGPLQTPVGCVLGLVNSSLFVEDCKLPLGQSLCALPDTPSTLTPRSVRSVPGEMRLASIAFNHPIQVDQLNSSYFKLSIPTNFSFGVTQEYIQTTIQKVTVDCKQYVCNGFQKCEQLLREYGQFCSKINQALHGANLRQDDSVRNLFASVKSSQSSPIIPGFGGDFNLTLLEPVSISTGSRSARSAIEDLLFDKVTIADPGYMQGYDDCMQQGPASARDLICAQYVAGYKVLPPLMDVNMEAAYTSSLLGSIAGVGWTAGLSSFAAIPFAQSIFYRLNGVGITQQVLSENQKLIANKFNQALGAMQTGFTTTNEAFHKVQDAVNNNAQALSKLASELSNTFGAISASIGDIIQRLDVLEQDAQIDRLINGRLTTLNAFVAQQLVRSESAALSAQLAKDKVNECVKAQSKRSGFCGQGTHIVSFVVNAPNGLYFMHVGYYPSNHIEVVSAYGLCDAANPTNCIAPVNGYFIKTNNTRIVDEWSYTGSSFYAPEPITSLNTKYVAPQVTYQNISTNLPPPLLGNSTGIDFQDELDEFFKNVSTSIPNFGSLTQINTTLLDLTYEMLSLQQVVKALNESYIDLKELGNYTYYNKWPWYIWLGFIAGLVALALCVFFILCCTGCGTNCMGKLKCNRCCDRYEEYDLEPHKVHVH
18,1,S01.247,18,P0DTC2,815,TPPIKDFGGFNFSQILPDPSKPSKRSFIEDLLFNKVTLADAGFIKQYGDC,MFVFLVLLPLVSSQCVNLTTRTQLPPAYTNSFTRGVYYPDKVFRSSVLHSTQDLFLPFFSNVTWFHAIHVSGTNGTKRFDNPVLPFNDGVYFASTEKSNIIRGWIFGTTLDSKTQSLLIVNNATNVVIKVCEFQFCNDPFLGVYYHKNNKSWMESEFRVYSSANNCTFEYVSQPFLMDLEGKQGNFKNLREFVFKNIDGYFKIYSKHTPINLVRDLPQGFSALEPLVDLPIGINITRFQTLLALHRSYLTPGDSSSGWTAGAAAYYVGYLQPRTFLLKYNENGTITDAVDCALDPLSETKCTLKSFTVEKGIYQTSNFRVQPTESIVRFPNITNLCPFGEVFNATRFASVYAWNRKRISNCVADYSVLYNSASFSTFKCYGVSPTKLNDLCFTNVYADSFVIRGDEVRQIAPGQTGKIADYNYKLPDDFTGCVIAWNSNNLDSKVGGNYNYLYRLFRKSNLKPFERDISTEIYQAGSTPCNGVEGFNCYFPLQSYGFQPTNGVGYQPYRVVVLSFELLHAPATVCGPKKSTNLVKNKCVNFNFNGLTGTGVLTESNKKFLPFQQFGRDIADTTDAVRDPQTLEILDITPCSFGGVSVITPGTNTSNQVAVLYQDVNCTEVPVAIHADQLTPTWRVYSTGSNVFQTRAGCLIGAEHVNNSYECDIPIGAGICASYQTQTNSPRRARSVASQSIIAYTMSLGAENSVAYSNNSIAIPTNFTISVTTEILPVSMTKTSVDCTMYICGDSTECSNLLLQYGSFCTQLNRALTGIAVEQDKNTQEVFAQVKQIYKTPPIKDFGGFNFSQILPDPSKPSKRSFIEDLLFNKVTLADAGFIKQYGDCLGDIAARDLICAQKFNGLTVLPPLLTDEMIAQYTSALLAGTITSGWTFGAGAALQIPFAMQMAYRFNGIGVTQNVLYENQKLIANQFNSAIGKIQDSLSSTASALGKLQDVVNQNAQALNTLVKQLSSNFGAISSVLNDILSRLDKVEAEVQIDRLITGRLQSLQTYVTQQLIRAAEIRASANLAATKMSECVLGQSKRVDFCGKGYHLMSFPQSAPHGVVFLHVTYVPAQEKNFTTAPAICHDGKAHFPREGVFVSNGTHWFVTQRNFYEPQIITTDNTFVSGNCDVVIGIVNNTVYDPLQPELDSFKEELDKYFKNHTSPDVDLGDISGINASVVNIQKEIDRLNEVAKNLNESLIDLQELGKYEQYIKWPWYIWLGFIAGLIAIVMVTIMLCCMTSCCSCLKGCCSCGSCCKFDEDDSEPVLKGVKLHYT
19,1,S01.247,19,P59594,797,TPTLKYFGGFNFSQILPDPLKPTKRSFIEDLLFNKVTLADAGFMKQYGEC,MFIFLLFLTLTSGSDLDRCTTFDDVQAPNYTQHTSSMRGVYYPDEIFRSDTLYLTQDLFLPFYSNVTGFHTINHTFGNPVIPFKDGIYFAATEKSNVVRGWVFGSTMNNKSQSVIIINNSTNVVIRACNFELCDNPFFAVSKPMGTQTHTMIFDNAFNCTFEYISDAFSLDVSEKSGNFKHLREFVFKNKDGFLYVYKGYQPIDVVRDLPSGFNTLKPIFKLPLGINITNFRAILTAFSPAQDIWGTSAAAYFVGYLKPTTFMLKYDENGTITDAVDCSQNPLAELKCSVKSFEIDKGIYQTSNFRVVPSGDVVRFPNITNLCPFGEVFNATKFPSVYAWERKKISNCVADYSVLYNSTFFSTFKCYGVSATKLNDLCFSNVYADSFVVKGDDVRQIAPGQTGVIADYNYKLPDDFMGCVLAWNTRNIDATSTGNYNYKYRYLRHGKLRPFERDISNVPFSPDGKPCTPPALNCYWPLNDYGFYTTTGIGYQPYRVVVLSFELLNAPATVCGPKLSTDLIKNQCVNFNFNGLTGTGVLTPSSKRFQPFQQFGRDVSDFTDSVRDPKTSEILDISPCSFGGVSVITPGTNASSEVAVLYQDVNCTDVSTAIHADQLTPAWRIYSTGNNVFQTQAGCLIGAEHVDTSYECDIPIGAGICASYHTVSLLRSTSQKSIVAYTMSLGADSSIAYSNNTIAIPTNFSISITTEVMPVSMAKTSVDCNMYICGDSTECANLLLQYGSFCTQLNRALSGIAAEQDRNTREVFAQVKQMYKTPTLKYFGGFNFSQILPDPLKPTKRSFIEDLLFNKVTLADAGFMKQYGECLGDINARDLICAQKFNGLTVLPPLLTDDMIAAYTAALVSGTATAGWTFGAGAALQIPFAMQMAYRFNGIGVTQNVLYENQKQIANQFNKAISQIQESLTTTSTALGKLQDVVNQNAQALNTLVKQLSSNFGAISSVLNDILSRLDKVEAEVQIDRLITGRLQSLQTYVTQQLIRAAEIRASANLAATKMSECVLGQSKRVDFCGKGYHLMSFPQAAPHGVVFLHVTYVPSQERNFTTAPAICHEGKAYFPREGVFVFNGTSWFITQRNFFSPQIITTDNTFVSGNCDVVIGIINNTVYDPLQPELDSFKEELDKYFKNHTSPDVDLGDISGINASVVNIQKEIDRLNEVAKNLNESLIDLQELGKYEQYIKWPWYVWLGFIAGLIAIVMVTILLCCMTSCCSCLKGACSCGSCCKFDEDDSEPVLKGVKLHYT
20,1,S01.247,20,O15393,255,CSSKAVVSLRCIACGVNLNSSRQSRIVGGESALPGAWPWQVSLHVQNVHV,MALNSGSPPAIGPYYENHGYQPENPYPAQPTVVPTVYEVHPAQYYPSPVPQYAPRVLTQASNPVVCTQPKSPSGTVCTSKTKKALCITLTLGTFLVGAALAAGLLWKFMGSKCSNSGIECDSSGTCINPSNWCDGVSHCPGGEDENRCVRLYGPNFILQVYSSQRKSWHPVCQDDWNENYGRAACRDMGYKNNFYSSQGIVDDSGSTSFMKLNTSAGNVDIYKKLYHSDACSSKAVVSLRCIACGVNLNSSRQSRIVGGESALPGAWPWQVSLHVQNVHVCGGSIITPEWIVTAAHCVEKPLNNPWHWTAFAGILRQSFMFYGAGYQVEKVISHPNYDSKTKNNDIALMKLQKPLTFNDLVKPVCLPNPGMMLQPEQLCWISGWGATEEKGKTSEVLNAAKVLLIETQRCNSRYVYDNLITPAMICAGFLQGNVDSCQGDSGGPLVTSKNNIWWLIGDTSWGSGCAKAYRPGVYGNVMVFTDWIYRQMRADG
